2025-11-30 04:08:15.880 [restartedMain] INFO  c.a.b.BackendBakrieApplication - Starting BackendBakrieApplication using Java 21.0.8 with PID 35888 (D:\Documents\Bakrie-Store-PI\backend-bakrie\target\classes started by LEGION in D:\Documents\Bakrie-Store-PI)
2025-11-30 04:08:15.880 [restartedMain] DEBUG c.a.b.BackendBakrieApplication - Running with Spring Boot v3.5.7, Spring v6.2.12
2025-11-30 04:08:15.880 [restartedMain] INFO  c.a.b.BackendBakrieApplication - No active profile set, falling back to 1 default profile: "default"
2025-11-30 04:08:15.921 [restartedMain] INFO  o.s.b.d.e.DevToolsPropertyDefaultsPostProcessor - Devtools property defaults active! Set 'spring.devtools.add-properties' to 'false' to disable
2025-11-30 04:08:15.921 [restartedMain] INFO  o.s.b.d.e.DevToolsPropertyDefaultsPostProcessor - For additional web related logging consider setting the 'logging.level.web' property to 'DEBUG'
2025-11-30 04:08:16.352 [restartedMain] INFO  o.s.d.r.c.RepositoryConfigurationDelegate - Bootstrapping Spring Data JPA repositories in DEFAULT mode.
2025-11-30 04:08:16.409 [restartedMain] INFO  o.s.d.r.c.RepositoryConfigurationDelegate - Finished Spring Data repository scanning in 47 ms. Found 8 JPA repository interfaces.
2025-11-30 04:08:16.814 [restartedMain] INFO  o.s.b.w.e.tomcat.TomcatWebServer - Tomcat initialized with port 9090 (http)
2025-11-30 04:08:16.838 [restartedMain] INFO  o.a.catalina.core.StandardService - Starting service [Tomcat]
2025-11-30 04:08:16.838 [restartedMain] INFO  o.a.catalina.core.StandardEngine - Starting Servlet engine: [Apache Tomcat/10.1.48]
2025-11-30 04:08:16.868 [restartedMain] INFO  o.a.c.c.C.[.[localhost].[/api/v1.0] - Initializing Spring embedded WebApplicationContext
2025-11-30 04:08:16.868 [restartedMain] INFO  o.s.b.w.s.c.ServletWebServerApplicationContext - Root WebApplicationContext: initialization completed in 947 ms
2025-11-30 04:08:16.954 [restartedMain] INFO  o.h.jpa.internal.util.LogHelper - HHH000204: Processing PersistenceUnitInfo [name: default]
2025-11-30 04:08:17.006 [restartedMain] INFO  org.hibernate.Version - HHH000412: Hibernate ORM core version 6.6.33.Final
2025-11-30 04:08:17.024 [restartedMain] INFO  o.h.c.i.RegionFactoryInitiator - HHH000026: Second-level cache disabled
2025-11-30 04:08:17.227 [restartedMain] INFO  o.s.o.j.p.SpringPersistenceUnitInfo - No LoadTimeWeaver setup: ignoring JPA class transformer
2025-11-30 04:08:17.241 [restartedMain] INFO  com.zaxxer.hikari.HikariDataSource - HikariPool-1 - Starting...
2025-11-30 04:08:17.552 [restartedMain] INFO  com.zaxxer.hikari.pool.HikariPool - HikariPool-1 - Added connection com.mysql.cj.jdbc.ConnectionImpl@3cee3f43
2025-11-30 04:08:17.552 [restartedMain] INFO  com.zaxxer.hikari.HikariDataSource - HikariPool-1 - Start completed.
2025-11-30 04:08:17.595 [restartedMain] WARN  org.hibernate.orm.deprecation - HHH90000025: MySQL8Dialect does not need to be specified explicitly using 'hibernate.dialect' (remove the property setting and it will be selected by default)
2025-11-30 04:08:17.595 [restartedMain] WARN  org.hibernate.orm.deprecation - HHH90000026: MySQL8Dialect has been deprecated; use org.hibernate.dialect.MySQLDialect instead
2025-11-30 04:08:17.609 [restartedMain] INFO  o.hibernate.orm.connections.pooling - HHH10001005: Database info:
	Database JDBC URL [Connecting through datasource 'HikariDataSource (HikariPool-1)']
	Database driver: undefined/unknown
	Database version: 8.0
	Autocommit mode: undefined/unknown
	Isolation level: undefined/unknown
	Minimum pool size: undefined/unknown
	Maximum pool size: undefined/unknown
2025-11-30 04:08:18.380 [restartedMain] INFO  o.h.e.t.j.p.i.JtaPlatformInitiator - HHH000489: No JTA platform available (set 'hibernate.transaction.jta.platform' to enable JTA platform integration)
2025-11-30 04:08:18.586 [restartedMain] INFO  o.s.o.j.LocalContainerEntityManagerFactoryBean - Initialized JPA EntityManagerFactory for persistence unit 'default'
2025-11-30 04:08:18.806 [restartedMain] INFO  o.s.d.j.r.query.QueryEnhancerFactory - Hibernate is in classpath; If applicable, HQL parser will be used.
2025-11-30 04:08:19.190 [restartedMain] DEBUG c.a.b.config.JwtAuthenticationFilter - Filter 'jwtAuthenticationFilter' configured for use
2025-11-30 04:08:19.217 [restartedMain] WARN  o.s.b.w.s.c.AnnotationConfigServletWebServerApplicationContext - Exception encountered during context initialization - cancelling refresh attempt: org.springframework.beans.factory.UnsatisfiedDependencyException: Error creating bean with name 'analyticsController' defined in file [D:\Documents\Bakrie-Store-PI\backend-bakrie\target\classes\com\audrio\backendbakrie\controller\AnalyticsController.class]: Unsatisfied dependency expressed through constructor parameter 0: No qualifying bean of type 'com.audrio.backendbakrie.service.ProductAnalyticsService' available: expected at least 1 bean which qualifies as autowire candidate. Dependency annotations: {}
2025-11-30 04:08:19.217 [restartedMain] INFO  o.s.o.j.LocalContainerEntityManagerFactoryBean - Closing JPA EntityManagerFactory for persistence unit 'default'
2025-11-30 04:08:19.217 [restartedMain] INFO  com.zaxxer.hikari.HikariDataSource - HikariPool-1 - Shutdown initiated...
2025-11-30 04:08:19.217 [restartedMain] INFO  com.zaxxer.hikari.HikariDataSource - HikariPool-1 - Shutdown completed.
2025-11-30 04:08:19.231 [restartedMain] INFO  o.a.catalina.core.StandardService - Stopping service [Tomcat]
2025-11-30 04:08:19.231 [restartedMain] INFO  o.s.b.a.l.ConditionEvaluationReportLogger - 

Error starting ApplicationContext. To display the condition evaluation report re-run your application with 'debug' enabled.
2025-11-30 04:08:19.245 [restartedMain] ERROR o.s.b.d.LoggingFailureAnalysisReporter - 

***************************
APPLICATION FAILED TO START
***************************

Description:

Parameter 0 of constructor in com.audrio.backendbakrie.controller.AnalyticsController required a bean of type 'com.audrio.backendbakrie.service.ProductAnalyticsService' that could not be found.


Action:

Consider defining a bean of type 'com.audrio.backendbakrie.service.ProductAnalyticsService' in your configuration.

2025-11-30 04:10:04.147 [restartedMain] INFO  c.a.b.BackendBakrieApplication - Starting BackendBakrieApplication using Java 21.0.8 with PID 23508 (D:\Documents\Bakrie-Store-PI\backend-bakrie\target\classes started by LEGION in D:\Documents\Bakrie-Store-PI)
2025-11-30 04:10:04.147 [restartedMain] DEBUG c.a.b.BackendBakrieApplication - Running with Spring Boot v3.5.7, Spring v6.2.12
2025-11-30 04:10:04.151 [restartedMain] INFO  c.a.b.BackendBakrieApplication - No active profile set, falling back to 1 default profile: "default"
2025-11-30 04:10:04.181 [restartedMain] INFO  o.s.b.d.e.DevToolsPropertyDefaultsPostProcessor - Devtools property defaults active! Set 'spring.devtools.add-properties' to 'false' to disable
2025-11-30 04:10:04.181 [restartedMain] INFO  o.s.b.d.e.DevToolsPropertyDefaultsPostProcessor - For additional web related logging consider setting the 'logging.level.web' property to 'DEBUG'
2025-11-30 04:10:04.557 [restartedMain] INFO  o.s.d.r.c.RepositoryConfigurationDelegate - Bootstrapping Spring Data JPA repositories in DEFAULT mode.
2025-11-30 04:10:04.608 [restartedMain] INFO  o.s.d.r.c.RepositoryConfigurationDelegate - Finished Spring Data repository scanning in 44 ms. Found 8 JPA repository interfaces.
2025-11-30 04:10:04.933 [restartedMain] INFO  o.s.b.w.e.tomcat.TomcatWebServer - Tomcat initialized with port 9090 (http)
2025-11-30 04:10:04.946 [restartedMain] INFO  o.a.catalina.core.StandardService - Starting service [Tomcat]
2025-11-30 04:10:04.946 [restartedMain] INFO  o.a.catalina.core.StandardEngine - Starting Servlet engine: [Apache Tomcat/10.1.48]
2025-11-30 04:10:04.973 [restartedMain] INFO  o.a.c.c.C.[.[localhost].[/api/v1.0] - Initializing Spring embedded WebApplicationContext
2025-11-30 04:10:04.973 [restartedMain] INFO  o.s.b.w.s.c.ServletWebServerApplicationContext - Root WebApplicationContext: initialization completed in 792 ms
2025-11-30 04:10:05.063 [restartedMain] INFO  o.h.jpa.internal.util.LogHelper - HHH000204: Processing PersistenceUnitInfo [name: default]
2025-11-30 04:10:05.090 [restartedMain] INFO  org.hibernate.Version - HHH000412: Hibernate ORM core version 6.6.33.Final
2025-11-30 04:10:05.103 [restartedMain] INFO  o.h.c.i.RegionFactoryInitiator - HHH000026: Second-level cache disabled
2025-11-30 04:10:05.247 [restartedMain] INFO  o.s.o.j.p.SpringPersistenceUnitInfo - No LoadTimeWeaver setup: ignoring JPA class transformer
2025-11-30 04:10:05.263 [restartedMain] INFO  com.zaxxer.hikari.HikariDataSource - HikariPool-1 - Starting...
2025-11-30 04:10:05.438 [restartedMain] INFO  com.zaxxer.hikari.pool.HikariPool - HikariPool-1 - Added connection com.mysql.cj.jdbc.ConnectionImpl@54c3e12f
2025-11-30 04:10:05.440 [restartedMain] INFO  com.zaxxer.hikari.HikariDataSource - HikariPool-1 - Start completed.
2025-11-30 04:10:05.466 [restartedMain] WARN  org.hibernate.orm.deprecation - HHH90000025: MySQL8Dialect does not need to be specified explicitly using 'hibernate.dialect' (remove the property setting and it will be selected by default)
2025-11-30 04:10:05.466 [restartedMain] WARN  org.hibernate.orm.deprecation - HHH90000026: MySQL8Dialect has been deprecated; use org.hibernate.dialect.MySQLDialect instead
2025-11-30 04:10:05.482 [restartedMain] INFO  o.hibernate.orm.connections.pooling - HHH10001005: Database info:
	Database JDBC URL [Connecting through datasource 'HikariDataSource (HikariPool-1)']
	Database driver: undefined/unknown
	Database version: 8.0
	Autocommit mode: undefined/unknown
	Isolation level: undefined/unknown
	Minimum pool size: undefined/unknown
	Maximum pool size: undefined/unknown
2025-11-30 04:10:06.167 [restartedMain] INFO  o.h.e.t.j.p.i.JtaPlatformInitiator - HHH000489: No JTA platform available (set 'hibernate.transaction.jta.platform' to enable JTA platform integration)
2025-11-30 04:10:06.254 [restartedMain] INFO  o.s.o.j.LocalContainerEntityManagerFactoryBean - Initialized JPA EntityManagerFactory for persistence unit 'default'
2025-11-30 04:10:06.413 [restartedMain] INFO  o.s.d.j.r.query.QueryEnhancerFactory - Hibernate is in classpath; If applicable, HQL parser will be used.
2025-11-30 04:10:06.772 [restartedMain] DEBUG c.a.b.config.JwtAuthenticationFilter - Filter 'jwtAuthenticationFilter' configured for use
2025-11-30 04:10:06.849 [restartedMain] INFO  o.s.s.c.a.a.c.InitializeAuthenticationProviderBeanManagerConfigurer$InitializeAuthenticationProviderManagerConfigurer - Global AuthenticationManager configured with AuthenticationProvider bean with name authenticationProvider
2025-11-30 04:10:06.849 [restartedMain] WARN  o.s.s.c.a.a.c.InitializeUserDetailsBeanManagerConfigurer$InitializeUserDetailsManagerConfigurer - Global AuthenticationManager configured with an AuthenticationProvider bean. UserDetailsService beans will not be used by Spring Security for automatically configuring username/password login. Consider removing the AuthenticationProvider bean. Alternatively, consider using the UserDetailsService in a manually instantiated DaoAuthenticationProvider. If the current configuration is intentional, to turn off this warning, increase the logging level of 'org.springframework.security.config.annotation.authentication.configuration.InitializeUserDetailsBeanManagerConfigurer' to ERROR
2025-11-30 04:10:06.943 [restartedMain] WARN  o.s.b.a.o.j.JpaBaseConfiguration$JpaWebConfiguration - spring.jpa.open-in-view is enabled by default. Therefore, database queries may be performed during view rendering. Explicitly configure spring.jpa.open-in-view to disable this warning
2025-11-30 04:10:07.110 [restartedMain] DEBUG o.s.s.web.DefaultSecurityFilterChain - Will secure any request with filters: DisableEncodeUrlFilter, WebAsyncManagerIntegrationFilter, SecurityContextHolderFilter, HeaderWriterFilter, CorsFilter, LogoutFilter, JwtAuthenticationFilter, RequestCacheAwareFilter, SecurityContextHolderAwareRequestFilter, AnonymousAuthenticationFilter, SessionManagementFilter, ExceptionTranslationFilter, AuthorizationFilter
2025-11-30 04:10:07.267 [restartedMain] INFO  o.s.b.d.a.OptionalLiveReloadServer - LiveReload server is running on port 35729
2025-11-30 04:10:07.294 [restartedMain] INFO  o.s.b.w.e.tomcat.TomcatWebServer - Tomcat started on port 9090 (http) with context path '/api/v1.0'
2025-11-30 04:10:07.294 [restartedMain] INFO  c.a.b.BackendBakrieApplication - Started BackendBakrieApplication in 3.418 seconds (process running for 3.782)
2025-11-30 04:10:45.755 [http-nio-9090-exec-3] INFO  o.a.c.c.C.[.[localhost].[/api/v1.0] - Initializing Spring DispatcherServlet 'dispatcherServlet'
2025-11-30 04:10:45.755 [http-nio-9090-exec-3] INFO  o.s.web.servlet.DispatcherServlet - Initializing Servlet 'dispatcherServlet'
2025-11-30 04:10:45.757 [http-nio-9090-exec-3] INFO  o.s.web.servlet.DispatcherServlet - Completed initialization in 1 ms
2025-11-30 04:10:45.786 [http-nio-9090-exec-1] DEBUG o.s.security.web.FilterChainProxy - Securing GET /public/products/fetchProducts
2025-11-30 04:10:45.786 [http-nio-9090-exec-2] DEBUG o.s.security.web.FilterChainProxy - Securing GET /public/products/fetchProducts
2025-11-30 04:10:45.786 [http-nio-9090-exec-3] DEBUG o.s.security.web.FilterChainProxy - Securing GET /public/products/fetchProducts
2025-11-30 04:10:45.786 [http-nio-9090-exec-4] DEBUG o.s.security.web.FilterChainProxy - Securing GET /public/products/fetchProducts
2025-11-30 04:10:45.820 [http-nio-9090-exec-1] DEBUG c.a.b.config.JwtAuthenticationFilter - >>> Request GET /api/v1.0/public/products/fetchProducts
2025-11-30 04:10:45.820 [http-nio-9090-exec-3] DEBUG c.a.b.config.JwtAuthenticationFilter - >>> Request GET /api/v1.0/public/products/fetchProducts
2025-11-30 04:10:45.820 [http-nio-9090-exec-4] DEBUG c.a.b.config.JwtAuthenticationFilter - >>> Request GET /api/v1.0/public/products/fetchProducts
2025-11-30 04:10:45.820 [http-nio-9090-exec-2] DEBUG c.a.b.config.JwtAuthenticationFilter - >>> Request GET /api/v1.0/public/products/fetchProducts
2025-11-30 04:10:45.822 [http-nio-9090-exec-2] WARN  c.a.b.config.JwtAuthenticationFilter - Missing or invalid Authorization header | Header: null
2025-11-30 04:10:45.822 [http-nio-9090-exec-3] WARN  c.a.b.config.JwtAuthenticationFilter - Missing or invalid Authorization header | Header: null
2025-11-30 04:10:45.822 [http-nio-9090-exec-4] WARN  c.a.b.config.JwtAuthenticationFilter - Missing or invalid Authorization header | Header: null
2025-11-30 04:10:45.822 [http-nio-9090-exec-1] WARN  c.a.b.config.JwtAuthenticationFilter - Missing or invalid Authorization header | Header: null
2025-11-30 04:10:45.825 [http-nio-9090-exec-1] DEBUG o.s.s.w.a.AnonymousAuthenticationFilter - Set SecurityContextHolder to anonymous SecurityContext
2025-11-30 04:10:45.825 [http-nio-9090-exec-2] DEBUG o.s.s.w.a.AnonymousAuthenticationFilter - Set SecurityContextHolder to anonymous SecurityContext
2025-11-30 04:10:45.825 [http-nio-9090-exec-4] DEBUG o.s.s.w.a.AnonymousAuthenticationFilter - Set SecurityContextHolder to anonymous SecurityContext
2025-11-30 04:10:45.825 [http-nio-9090-exec-3] DEBUG o.s.s.w.a.AnonymousAuthenticationFilter - Set SecurityContextHolder to anonymous SecurityContext
2025-11-30 04:10:45.828 [http-nio-9090-exec-4] DEBUG o.s.security.web.FilterChainProxy - Secured GET /public/products/fetchProducts
2025-11-30 04:10:45.828 [http-nio-9090-exec-1] DEBUG o.s.security.web.FilterChainProxy - Secured GET /public/products/fetchProducts
2025-11-30 04:10:45.828 [http-nio-9090-exec-3] DEBUG o.s.security.web.FilterChainProxy - Secured GET /public/products/fetchProducts
2025-11-30 04:10:45.828 [http-nio-9090-exec-2] DEBUG o.s.security.web.FilterChainProxy - Secured GET /public/products/fetchProducts
2025-11-30 04:10:45.848 [http-nio-9090-exec-4] INFO  c.a.b.controller.ProductController - Method : GET | Endpoint : /public/products/fetchProducts | Payload : 200 OK
2025-11-30 04:10:45.848 [http-nio-9090-exec-1] INFO  c.a.b.controller.ProductController - Method : GET | Endpoint : /public/products/fetchProducts | Payload : 200 OK
2025-11-30 04:10:45.848 [http-nio-9090-exec-3] INFO  c.a.b.controller.ProductController - Method : GET | Endpoint : /public/products/fetchProducts | Payload : 200 OK
2025-11-30 04:10:45.848 [http-nio-9090-exec-2] INFO  c.a.b.controller.ProductController - Method : GET | Endpoint : /public/products/fetchProducts | Payload : 200 OK
2025-11-30 04:12:17.412 [http-nio-9090-exec-9] DEBUG o.s.security.web.FilterChainProxy - Securing OPTIONS /public/auth/login/customer
2025-11-30 04:12:17.426 [http-nio-9090-exec-10] DEBUG o.s.security.web.FilterChainProxy - Securing POST /public/auth/login/customer
2025-11-30 04:12:17.426 [http-nio-9090-exec-10] DEBUG c.a.b.config.JwtAuthenticationFilter - >>> Request POST /api/v1.0/public/auth/login/customer
2025-11-30 04:12:17.426 [http-nio-9090-exec-10] WARN  c.a.b.config.JwtAuthenticationFilter - Missing or invalid Authorization header | Header: null
2025-11-30 04:12:17.426 [http-nio-9090-exec-10] DEBUG o.s.s.w.a.AnonymousAuthenticationFilter - Set SecurityContextHolder to anonymous SecurityContext
2025-11-30 04:12:17.426 [http-nio-9090-exec-10] DEBUG o.s.security.web.FilterChainProxy - Secured POST /public/auth/login/customer
2025-11-30 04:12:17.498 [http-nio-9090-exec-10] INFO  c.a.b.s.impl.CustomerServiceImpl - CUSTOMER LOGIN START | Email: audrio8802@gmail.com
2025-11-30 04:12:17.879 [http-nio-9090-exec-10] DEBUG o.s.s.a.d.DaoAuthenticationProvider - Failed to authenticate since password does not match stored value
2025-11-30 04:12:17.883 [http-nio-9090-exec-10] DEBUG o.s.s.authentication.ProviderManager - Authentication failed with provider DaoAuthenticationProvider since Bad credentials
2025-11-30 04:12:17.883 [http-nio-9090-exec-10] WARN  c.a.b.u.E.CustomAuthEntryPoint - === UNAUTHORIZED ACCESS DETECTED ===
[2025-11-30 04:12:17] 401 Unauthorized
Time      : 2025-11-30 04:12:17
IP        : 127.0.0.1
Method    : POST /api/v1.0/public/auth/login/customer
User-Agent: Mozilla/5.0 (Windows NT 10.0; Win64; x64; rv:145.0) Gecko/20100101 Firefox/145.0
Auth      : Missing
Reason    : Bad credentials
======================================
2025-11-30 04:12:35.432 [http-nio-9090-exec-2] DEBUG o.s.security.web.FilterChainProxy - Securing OPTIONS /public/auth/login/customer
2025-11-30 04:12:35.436 [http-nio-9090-exec-4] DEBUG o.s.security.web.FilterChainProxy - Securing POST /public/auth/login/customer
2025-11-30 04:12:35.436 [http-nio-9090-exec-4] DEBUG c.a.b.config.JwtAuthenticationFilter - >>> Request POST /api/v1.0/public/auth/login/customer
2025-11-30 04:12:35.436 [http-nio-9090-exec-4] WARN  c.a.b.config.JwtAuthenticationFilter - Missing or invalid Authorization header | Header: null
2025-11-30 04:12:35.436 [http-nio-9090-exec-4] DEBUG o.s.s.w.a.AnonymousAuthenticationFilter - Set SecurityContextHolder to anonymous SecurityContext
2025-11-30 04:12:35.436 [http-nio-9090-exec-4] DEBUG o.s.security.web.FilterChainProxy - Secured POST /public/auth/login/customer
2025-11-30 04:12:35.436 [http-nio-9090-exec-4] INFO  c.a.b.s.impl.CustomerServiceImpl - CUSTOMER LOGIN START | Email: audrio8802@gmail.com
2025-11-30 04:12:35.590 [http-nio-9090-exec-4] DEBUG o.s.s.a.d.DaoAuthenticationProvider - Authenticated user
2025-11-30 04:12:35.594 [http-nio-9090-exec-4] DEBUG c.a.b.s.impl.CustomerServiceImpl - Spring Security authentication passed for: audrio8802@gmail.com
2025-11-30 04:12:35.626 [http-nio-9090-exec-4] DEBUG c.a.b.s.impl.CustomerServiceImpl - Access token generated (first 20 chars): eyJhbGciOiJIUzI1NiJ9...
2025-11-30 04:12:35.626 [http-nio-9090-exec-4] INFO  c.a.b.s.impl.CustomerServiceImpl - Customer login successful: audrio8802@gmail.com | Role: CUSTOMER
2025-11-30 04:12:35.626 [http-nio-9090-exec-4] INFO  c.a.b.s.impl.CustomerServiceImpl - CUSTOMER LOGIN SUCCESS
2025-11-30 04:12:35.638 [http-nio-9090-exec-1] DEBUG o.s.security.web.FilterChainProxy - Securing OPTIONS /customer/myprofile
2025-11-30 04:12:35.647 [http-nio-9090-exec-3] DEBUG o.s.security.web.FilterChainProxy - Securing GET /customer/myprofile
2025-11-30 04:12:35.647 [http-nio-9090-exec-3] DEBUG c.a.b.config.JwtAuthenticationFilter - >>> Request GET /api/v1.0/customer/myprofile
2025-11-30 04:12:35.647 [http-nio-9090-exec-3] DEBUG c.a.b.config.JwtAuthenticationFilter - Token received (first 20 chars): eyJhbGciOiJIUzI1NiJ9...
2025-11-30 04:12:35.684 [http-nio-9090-exec-3] INFO  c.a.b.config.JwtAuthenticationFilter - Authorities for audrio8802@gmail.com: [ROLE_CUSTOMER]
2025-11-30 04:12:35.684 [http-nio-9090-exec-3] DEBUG c.a.b.config.JwtAuthenticationFilter - Authenticated user from JWT: audrio8802@gmail.com
2025-11-30 04:12:35.684 [http-nio-9090-exec-3] INFO  c.a.b.config.JwtAuthenticationFilter - Authenticated user: audrio8802@gmail.com
2025-11-30 04:12:35.684 [http-nio-9090-exec-3] INFO  c.a.b.config.JwtAuthenticationFilter - Authorities: [ROLE_CUSTOMER]
2025-11-30 04:12:35.684 [http-nio-9090-exec-3] DEBUG o.s.security.web.FilterChainProxy - Secured GET /customer/myprofile
2025-11-30 04:12:35.688 [http-nio-9090-exec-3] INFO  c.a.b.controller.CustomerController - Method : GET | Endpoint : /customer/myprofile | Payload : Bearer eyJhbGciOiJIUzI1NiJ9.eyJyb2xlIjoiQ1VTVE9NRVIiLCJwdXJwb3NlIjoiYWNjZXNzIiwic3ViIjoiYXVkcmlvODgwMkBnbWFpbC5jb20iLCJpYXQiOjE3NjQ0NTA3NTUsImV4cCI6MTc2NDUzNzE1NX0.NF7S5I2pgZvEF_ScdLmZq6zuhRA4p5dQm2FHP35hdYY
2025-11-30 04:12:35.693 [http-nio-9090-exec-3] INFO  c.a.b.s.impl.CustomerServiceImpl - GET CUSTOMER PROFILE START | EMAIL: audrio8802@gmail.com
2025-11-30 04:12:35.701 [http-nio-9090-exec-3] INFO  c.a.b.s.impl.CustomerServiceImpl - GET CUSTOMER PROFILE SUCCESS
2025-11-30 04:12:35.701 [http-nio-9090-exec-3] DEBUG c.a.b.s.impl.CustomerServiceImpl - Converting entity to response for customer ID: 49b697a8-c144-4145-a894-e32477c12451
2025-11-30 04:12:35.718 [http-nio-9090-exec-6] DEBUG o.s.security.web.FilterChainProxy - Securing OPTIONS /customer/cart/mycart/49b697a8-c144-4145-a894-e32477c12451
2025-11-30 04:12:35.722 [http-nio-9090-exec-8] DEBUG o.s.security.web.FilterChainProxy - Securing GET /customer/cart/mycart/49b697a8-c144-4145-a894-e32477c12451
2025-11-30 04:12:35.722 [http-nio-9090-exec-8] DEBUG c.a.b.config.JwtAuthenticationFilter - >>> Request GET /api/v1.0/customer/cart/mycart/49b697a8-c144-4145-a894-e32477c12451
2025-11-30 04:12:35.722 [http-nio-9090-exec-8] DEBUG c.a.b.config.JwtAuthenticationFilter - Token received (first 20 chars): eyJhbGciOiJIUzI1NiJ9...
2025-11-30 04:12:35.734 [http-nio-9090-exec-8] INFO  c.a.b.config.JwtAuthenticationFilter - Authorities for audrio8802@gmail.com: [ROLE_CUSTOMER]
2025-11-30 04:12:35.734 [http-nio-9090-exec-8] DEBUG c.a.b.config.JwtAuthenticationFilter - Authenticated user from JWT: audrio8802@gmail.com
2025-11-30 04:12:35.734 [http-nio-9090-exec-8] INFO  c.a.b.config.JwtAuthenticationFilter - Authenticated user: audrio8802@gmail.com
2025-11-30 04:12:35.734 [http-nio-9090-exec-8] INFO  c.a.b.config.JwtAuthenticationFilter - Authorities: [ROLE_CUSTOMER]
2025-11-30 04:12:35.735 [http-nio-9090-exec-8] DEBUG o.s.security.web.FilterChainProxy - Secured GET /customer/cart/mycart/49b697a8-c144-4145-a894-e32477c12451
2025-11-30 04:12:35.735 [http-nio-9090-exec-8] INFO  c.a.b.controller.CartController - GET /customer/mycart/49b697a8-c144-4145-a894-e32477c12451
2025-11-30 04:13:58.299 [http-nio-9090-exec-5] DEBUG o.s.security.web.FilterChainProxy - Securing OPTIONS /customer/cart/update/itemCart
2025-11-30 04:13:58.301 [http-nio-9090-exec-9] DEBUG o.s.security.web.FilterChainProxy - Securing PUT /customer/cart/update/itemCart
2025-11-30 04:13:58.302 [http-nio-9090-exec-9] DEBUG c.a.b.config.JwtAuthenticationFilter - >>> Request PUT /api/v1.0/customer/cart/update/itemCart
2025-11-30 04:13:58.302 [http-nio-9090-exec-9] DEBUG c.a.b.config.JwtAuthenticationFilter - Token received (first 20 chars): eyJhbGciOiJIUzI1NiJ9...
2025-11-30 04:13:58.309 [http-nio-9090-exec-9] INFO  c.a.b.config.JwtAuthenticationFilter - Authorities for audrio8802@gmail.com: [ROLE_CUSTOMER]
2025-11-30 04:13:58.309 [http-nio-9090-exec-9] DEBUG c.a.b.config.JwtAuthenticationFilter - Authenticated user from JWT: audrio8802@gmail.com
2025-11-30 04:13:58.309 [http-nio-9090-exec-9] INFO  c.a.b.config.JwtAuthenticationFilter - Authenticated user: audrio8802@gmail.com
2025-11-30 04:13:58.309 [http-nio-9090-exec-9] INFO  c.a.b.config.JwtAuthenticationFilter - Authorities: [ROLE_CUSTOMER]
2025-11-30 04:13:58.310 [http-nio-9090-exec-9] DEBUG o.s.security.web.FilterChainProxy - Secured PUT /customer/cart/update/itemCart
2025-11-30 04:13:58.316 [http-nio-9090-exec-9] INFO  c.a.b.controller.CartController - PUT /customer/cart/update/itemCart - Request: UpdateItemRequest(itemCartId=f4cb4ec8-de90-4a57-8b7d-c871e32227e9, quantity=1)
2025-11-30 04:13:58.317 [http-nio-9090-exec-9] INFO  c.a.b.s.impl.ItemCartServiceImpl - Updating item quantity. ItemCart ID: f4cb4ec8-de90-4a57-8b7d-c871e32227e9, New Quantity: 1
2025-11-30 04:13:58.330 [http-nio-9090-exec-9] INFO  c.a.b.s.impl.ItemCartServiceImpl - Item updated. Product ID: 1b1d7cdd-b551-468e-b399-bcf98cdf8051, Quantity: 1, SubPrice: 25000.0
2025-11-30 04:13:58.333 [http-nio-9090-exec-9] INFO  c.a.b.s.impl.ItemCartServiceImpl - Cart total recalculated for Customer ID: 49b697a8-c144-4145-a894-e32477c12451
2025-11-30 04:14:52.433 [http-nio-9090-exec-10] DEBUG o.s.security.web.FilterChainProxy - Securing OPTIONS /customer/cart/add/itemCart
2025-11-30 04:14:52.435 [http-nio-9090-exec-2] DEBUG o.s.security.web.FilterChainProxy - Securing POST /customer/cart/add/itemCart
2025-11-30 04:14:52.435 [http-nio-9090-exec-2] DEBUG c.a.b.config.JwtAuthenticationFilter - >>> Request POST /api/v1.0/customer/cart/add/itemCart
2025-11-30 04:14:52.435 [http-nio-9090-exec-2] DEBUG c.a.b.config.JwtAuthenticationFilter - Token received (first 20 chars): eyJhbGciOiJIUzI1NiJ9...
2025-11-30 04:14:52.435 [http-nio-9090-exec-2] INFO  c.a.b.config.JwtAuthenticationFilter - Authorities for audrio8802@gmail.com: [ROLE_CUSTOMER]
2025-11-30 04:14:52.435 [http-nio-9090-exec-2] DEBUG c.a.b.config.JwtAuthenticationFilter - Authenticated user from JWT: audrio8802@gmail.com
2025-11-30 04:14:52.435 [http-nio-9090-exec-2] INFO  c.a.b.config.JwtAuthenticationFilter - Authenticated user: audrio8802@gmail.com
2025-11-30 04:14:52.435 [http-nio-9090-exec-2] INFO  c.a.b.config.JwtAuthenticationFilter - Authorities: [ROLE_CUSTOMER]
2025-11-30 04:14:52.435 [http-nio-9090-exec-2] DEBUG o.s.security.web.FilterChainProxy - Secured POST /customer/cart/add/itemCart
2025-11-30 04:14:52.435 [http-nio-9090-exec-2] INFO  c.a.b.controller.CartController - POST /customer/cart/add/itemCart - Request: AddItemCartRequest(customerId=49b697a8-c144-4145-a894-e32477c12451, productId=09cc3466-71b5-492a-9320-7c1dadbccc30, quantity=2)
2025-11-30 04:14:52.448 [http-nio-9090-exec-2] INFO  c.a.b.s.impl.ItemCartServiceImpl - Add item to cart initiated. Customer ID: 49b697a8-c144-4145-a894-e32477c12451, Product ID: 09cc3466-71b5-492a-9320-7c1dadbccc30, Quantity: 2
2025-11-30 04:14:52.461 [http-nio-9090-exec-2] INFO  c.a.b.s.impl.ItemCartServiceImpl - Created new item. Product ID: 09cc3466-71b5-492a-9320-7c1dadbccc30, Quantity: 2, SubPrice: 44000.0
2025-11-30 04:14:52.461 [http-nio-9090-exec-2] INFO  c.a.b.s.impl.ItemCartServiceImpl - Returning CartResponse: {"cartId":"0f9cdd6a-5a72-4701-9a2e-cf7649cff7a3","customerId":"49b697a8-c144-4145-a894-e32477c12451","totalPrice":69000.0,"item_carts":[{"itemCartId":"f4cb4ec8-de90-4a57-8b7d-c871e32227e9","productId":"1b1d7cdd-b551-468e-b399-bcf98cdf8051","productName":"Cinnamon Roll Classic","productImgUrl":"https://res.cloudinary.com/drpairos5/image/upload/v1763523952/bakrie/c0d9cf0d-c27c-40d2-b9f3-9f17b170d5bd.jpg","quantity":1,"subPrice":25000.0},{"itemCartId":"0bfcbda3-df68-4d19-8786-05a1cf260dcd","productId":"09cc3466-71b5-492a-9320-7c1dadbccc30","productName":"Butter Brioche","productImgUrl":"https://res.cloudinary.com/drpairos5/image/upload/v1763524179/bakrie/fef744ad-dc40-488a-97eb-f2c92b5b6d34.jpg","quantity":2,"subPrice":44000.0}]}
2025-11-30 04:21:56.212 [http-nio-9090-exec-6] DEBUG o.s.security.web.FilterChainProxy - Securing OPTIONS /customer/myprofile
2025-11-30 04:21:56.212 [http-nio-9090-exec-8] DEBUG o.s.security.web.FilterChainProxy - Securing OPTIONS /public/products/fetchProducts
2025-11-30 04:21:56.212 [http-nio-9090-exec-1] DEBUG o.s.security.web.FilterChainProxy - Securing OPTIONS /customer/myprofile
2025-11-30 04:21:56.212 [http-nio-9090-exec-3] DEBUG o.s.security.web.FilterChainProxy - Securing OPTIONS /public/products/fetchProducts
2025-11-30 04:21:56.217 [http-nio-9090-exec-9] DEBUG o.s.security.web.FilterChainProxy - Securing GET /public/products/fetchProducts
2025-11-30 04:21:56.217 [http-nio-9090-exec-5] DEBUG o.s.security.web.FilterChainProxy - Securing GET /customer/myprofile
2025-11-30 04:21:56.217 [http-nio-9090-exec-10] DEBUG o.s.security.web.FilterChainProxy - Securing GET /customer/myprofile
2025-11-30 04:21:56.217 [http-nio-9090-exec-7] DEBUG o.s.security.web.FilterChainProxy - Securing GET /public/products/fetchProducts
2025-11-30 04:21:56.219 [http-nio-9090-exec-10] DEBUG c.a.b.config.JwtAuthenticationFilter - >>> Request GET /api/v1.0/customer/myprofile
2025-11-30 04:21:56.219 [http-nio-9090-exec-5] DEBUG c.a.b.config.JwtAuthenticationFilter - >>> Request GET /api/v1.0/customer/myprofile
2025-11-30 04:21:56.219 [http-nio-9090-exec-7] DEBUG c.a.b.config.JwtAuthenticationFilter - >>> Request GET /api/v1.0/public/products/fetchProducts
2025-11-30 04:21:56.219 [http-nio-9090-exec-5] DEBUG c.a.b.config.JwtAuthenticationFilter - Token received (first 20 chars): eyJhbGciOiJIUzI1NiJ9...
2025-11-30 04:21:56.219 [http-nio-9090-exec-10] DEBUG c.a.b.config.JwtAuthenticationFilter - Token received (first 20 chars): eyJhbGciOiJIUzI1NiJ9...
2025-11-30 04:21:56.219 [http-nio-9090-exec-9] DEBUG c.a.b.config.JwtAuthenticationFilter - >>> Request GET /api/v1.0/public/products/fetchProducts
2025-11-30 04:21:56.219 [http-nio-9090-exec-9] DEBUG c.a.b.config.JwtAuthenticationFilter - Token received (first 20 chars): eyJhbGciOiJIUzI1NiJ9...
2025-11-30 04:21:56.219 [http-nio-9090-exec-7] DEBUG c.a.b.config.JwtAuthenticationFilter - Token received (first 20 chars): eyJhbGciOiJIUzI1NiJ9...
2025-11-30 04:21:56.226 [http-nio-9090-exec-7] INFO  c.a.b.config.JwtAuthenticationFilter - Authorities for audrio8802@gmail.com: [ROLE_CUSTOMER]
2025-11-30 04:21:56.226 [http-nio-9090-exec-10] INFO  c.a.b.config.JwtAuthenticationFilter - Authorities for audrio8802@gmail.com: [ROLE_CUSTOMER]
2025-11-30 04:21:56.227 [http-nio-9090-exec-9] INFO  c.a.b.config.JwtAuthenticationFilter - Authorities for audrio8802@gmail.com: [ROLE_CUSTOMER]
2025-11-30 04:21:56.226 [http-nio-9090-exec-5] INFO  c.a.b.config.JwtAuthenticationFilter - Authorities for audrio8802@gmail.com: [ROLE_CUSTOMER]
2025-11-30 04:21:56.227 [http-nio-9090-exec-7] DEBUG c.a.b.config.JwtAuthenticationFilter - Authenticated user from JWT: audrio8802@gmail.com
2025-11-30 04:21:56.227 [http-nio-9090-exec-9] DEBUG c.a.b.config.JwtAuthenticationFilter - Authenticated user from JWT: audrio8802@gmail.com
2025-11-30 04:21:56.227 [http-nio-9090-exec-5] DEBUG c.a.b.config.JwtAuthenticationFilter - Authenticated user from JWT: audrio8802@gmail.com
2025-11-30 04:21:56.227 [http-nio-9090-exec-7] INFO  c.a.b.config.JwtAuthenticationFilter - Authenticated user: audrio8802@gmail.com
2025-11-30 04:21:56.227 [http-nio-9090-exec-10] DEBUG c.a.b.config.JwtAuthenticationFilter - Authenticated user from JWT: audrio8802@gmail.com
2025-11-30 04:21:56.227 [http-nio-9090-exec-7] INFO  c.a.b.config.JwtAuthenticationFilter - Authorities: [ROLE_CUSTOMER]
2025-11-30 04:21:56.227 [http-nio-9090-exec-9] INFO  c.a.b.config.JwtAuthenticationFilter - Authenticated user: audrio8802@gmail.com
2025-11-30 04:21:56.227 [http-nio-9090-exec-9] INFO  c.a.b.config.JwtAuthenticationFilter - Authorities: [ROLE_CUSTOMER]
2025-11-30 04:21:56.227 [http-nio-9090-exec-5] INFO  c.a.b.config.JwtAuthenticationFilter - Authenticated user: audrio8802@gmail.com
2025-11-30 04:21:56.227 [http-nio-9090-exec-5] INFO  c.a.b.config.JwtAuthenticationFilter - Authorities: [ROLE_CUSTOMER]
2025-11-30 04:21:56.227 [http-nio-9090-exec-10] INFO  c.a.b.config.JwtAuthenticationFilter - Authenticated user: audrio8802@gmail.com
2025-11-30 04:21:56.227 [http-nio-9090-exec-10] INFO  c.a.b.config.JwtAuthenticationFilter - Authorities: [ROLE_CUSTOMER]
2025-11-30 04:21:56.227 [http-nio-9090-exec-7] DEBUG o.s.security.web.FilterChainProxy - Secured GET /public/products/fetchProducts
2025-11-30 04:21:56.227 [http-nio-9090-exec-5] DEBUG o.s.security.web.FilterChainProxy - Secured GET /customer/myprofile
2025-11-30 04:21:56.227 [http-nio-9090-exec-9] DEBUG o.s.security.web.FilterChainProxy - Secured GET /public/products/fetchProducts
2025-11-30 04:21:56.227 [http-nio-9090-exec-10] DEBUG o.s.security.web.FilterChainProxy - Secured GET /customer/myprofile
2025-11-30 04:21:56.228 [http-nio-9090-exec-9] INFO  c.a.b.controller.ProductController - Method : GET | Endpoint : /public/products/fetchProducts | Payload : 200 OK
2025-11-30 04:21:56.228 [http-nio-9090-exec-7] INFO  c.a.b.controller.ProductController - Method : GET | Endpoint : /public/products/fetchProducts | Payload : 200 OK
2025-11-30 04:21:56.228 [http-nio-9090-exec-5] INFO  c.a.b.controller.CustomerController - Method : GET | Endpoint : /customer/myprofile | Payload : Bearer eyJhbGciOiJIUzI1NiJ9.eyJyb2xlIjoiQ1VTVE9NRVIiLCJwdXJwb3NlIjoiYWNjZXNzIiwic3ViIjoiYXVkcmlvODgwMkBnbWFpbC5jb20iLCJpYXQiOjE3NjQ0NTA3NTUsImV4cCI6MTc2NDUzNzE1NX0.NF7S5I2pgZvEF_ScdLmZq6zuhRA4p5dQm2FHP35hdYY
2025-11-30 04:21:56.228 [http-nio-9090-exec-10] INFO  c.a.b.controller.CustomerController - Method : GET | Endpoint : /customer/myprofile | Payload : Bearer eyJhbGciOiJIUzI1NiJ9.eyJyb2xlIjoiQ1VTVE9NRVIiLCJwdXJwb3NlIjoiYWNjZXNzIiwic3ViIjoiYXVkcmlvODgwMkBnbWFpbC5jb20iLCJpYXQiOjE3NjQ0NTA3NTUsImV4cCI6MTc2NDUzNzE1NX0.NF7S5I2pgZvEF_ScdLmZq6zuhRA4p5dQm2FHP35hdYY
2025-11-30 04:21:56.228 [http-nio-9090-exec-5] INFO  c.a.b.s.impl.CustomerServiceImpl - GET CUSTOMER PROFILE START | EMAIL: audrio8802@gmail.com
2025-11-30 04:21:56.228 [http-nio-9090-exec-10] INFO  c.a.b.s.impl.CustomerServiceImpl - GET CUSTOMER PROFILE START | EMAIL: audrio8802@gmail.com
2025-11-30 04:21:56.233 [http-nio-9090-exec-5] INFO  c.a.b.s.impl.CustomerServiceImpl - GET CUSTOMER PROFILE SUCCESS
2025-11-30 04:21:56.233 [http-nio-9090-exec-10] INFO  c.a.b.s.impl.CustomerServiceImpl - GET CUSTOMER PROFILE SUCCESS
2025-11-30 04:21:56.233 [http-nio-9090-exec-5] DEBUG c.a.b.s.impl.CustomerServiceImpl - Converting entity to response for customer ID: 49b697a8-c144-4145-a894-e32477c12451
2025-11-30 04:21:56.233 [http-nio-9090-exec-10] DEBUG c.a.b.s.impl.CustomerServiceImpl - Converting entity to response for customer ID: 49b697a8-c144-4145-a894-e32477c12451
2025-11-30 04:21:56.322 [http-nio-9090-exec-2] DEBUG o.s.security.web.FilterChainProxy - Securing OPTIONS /customer/cart/mycart/49b697a8-c144-4145-a894-e32477c12451
2025-11-30 04:21:56.327 [http-nio-9090-exec-4] DEBUG o.s.security.web.FilterChainProxy - Securing GET /customer/cart/mycart/49b697a8-c144-4145-a894-e32477c12451
2025-11-30 04:21:56.328 [http-nio-9090-exec-4] DEBUG c.a.b.config.JwtAuthenticationFilter - >>> Request GET /api/v1.0/customer/cart/mycart/49b697a8-c144-4145-a894-e32477c12451
2025-11-30 04:21:56.328 [http-nio-9090-exec-4] DEBUG c.a.b.config.JwtAuthenticationFilter - Token received (first 20 chars): eyJhbGciOiJIUzI1NiJ9...
2025-11-30 04:21:56.335 [http-nio-9090-exec-4] INFO  c.a.b.config.JwtAuthenticationFilter - Authorities for audrio8802@gmail.com: [ROLE_CUSTOMER]
2025-11-30 04:21:56.335 [http-nio-9090-exec-4] DEBUG c.a.b.config.JwtAuthenticationFilter - Authenticated user from JWT: audrio8802@gmail.com
2025-11-30 04:21:56.335 [http-nio-9090-exec-4] INFO  c.a.b.config.JwtAuthenticationFilter - Authenticated user: audrio8802@gmail.com
2025-11-30 04:21:56.335 [http-nio-9090-exec-4] INFO  c.a.b.config.JwtAuthenticationFilter - Authorities: [ROLE_CUSTOMER]
2025-11-30 04:21:56.336 [http-nio-9090-exec-4] DEBUG o.s.security.web.FilterChainProxy - Secured GET /customer/cart/mycart/49b697a8-c144-4145-a894-e32477c12451
2025-11-30 04:21:56.336 [http-nio-9090-exec-4] INFO  c.a.b.controller.CartController - GET /customer/mycart/49b697a8-c144-4145-a894-e32477c12451
2025-11-30 04:22:18.677 [http-nio-9090-exec-3] DEBUG o.s.security.web.FilterChainProxy - Securing OPTIONS /customer/myprofile
2025-11-30 04:22:18.677 [http-nio-9090-exec-6] DEBUG o.s.security.web.FilterChainProxy - Securing OPTIONS /public/products/fetchProducts
2025-11-30 04:22:18.677 [http-nio-9090-exec-8] DEBUG o.s.security.web.FilterChainProxy - Securing OPTIONS /customer/myprofile
2025-11-30 04:22:18.677 [http-nio-9090-exec-1] DEBUG o.s.security.web.FilterChainProxy - Securing OPTIONS /public/products/fetchProducts
2025-11-30 04:22:18.685 [http-nio-9090-exec-10] DEBUG o.s.security.web.FilterChainProxy - Securing GET /public/products/fetchProducts
2025-11-30 04:22:18.685 [http-nio-9090-exec-7] DEBUG o.s.security.web.FilterChainProxy - Securing GET /customer/myprofile
2025-11-30 04:22:18.685 [http-nio-9090-exec-9] DEBUG o.s.security.web.FilterChainProxy - Securing GET /public/products/fetchProducts
2025-11-30 04:22:18.685 [http-nio-9090-exec-5] DEBUG o.s.security.web.FilterChainProxy - Securing GET /customer/myprofile
2025-11-30 04:22:18.685 [http-nio-9090-exec-5] DEBUG c.a.b.config.JwtAuthenticationFilter - >>> Request GET /api/v1.0/customer/myprofile
2025-11-30 04:22:18.685 [http-nio-9090-exec-9] DEBUG c.a.b.config.JwtAuthenticationFilter - >>> Request GET /api/v1.0/public/products/fetchProducts
2025-11-30 04:22:18.685 [http-nio-9090-exec-10] DEBUG c.a.b.config.JwtAuthenticationFilter - >>> Request GET /api/v1.0/public/products/fetchProducts
2025-11-30 04:22:18.685 [http-nio-9090-exec-7] DEBUG c.a.b.config.JwtAuthenticationFilter - >>> Request GET /api/v1.0/customer/myprofile
2025-11-30 04:22:18.685 [http-nio-9090-exec-5] DEBUG c.a.b.config.JwtAuthenticationFilter - Token received (first 20 chars): eyJhbGciOiJIUzI1NiJ9...
2025-11-30 04:22:18.685 [http-nio-9090-exec-10] DEBUG c.a.b.config.JwtAuthenticationFilter - Token received (first 20 chars): eyJhbGciOiJIUzI1NiJ9...
2025-11-30 04:22:18.685 [http-nio-9090-exec-9] DEBUG c.a.b.config.JwtAuthenticationFilter - Token received (first 20 chars): eyJhbGciOiJIUzI1NiJ9...
2025-11-30 04:22:18.685 [http-nio-9090-exec-7] DEBUG c.a.b.config.JwtAuthenticationFilter - Token received (first 20 chars): eyJhbGciOiJIUzI1NiJ9...
2025-11-30 04:22:18.690 [http-nio-9090-exec-5] INFO  c.a.b.config.JwtAuthenticationFilter - Authorities for audrio8802@gmail.com: [ROLE_CUSTOMER]
2025-11-30 04:22:18.690 [http-nio-9090-exec-9] INFO  c.a.b.config.JwtAuthenticationFilter - Authorities for audrio8802@gmail.com: [ROLE_CUSTOMER]
2025-11-30 04:22:18.690 [http-nio-9090-exec-10] INFO  c.a.b.config.JwtAuthenticationFilter - Authorities for audrio8802@gmail.com: [ROLE_CUSTOMER]
2025-11-30 04:22:18.691 [http-nio-9090-exec-7] INFO  c.a.b.config.JwtAuthenticationFilter - Authorities for audrio8802@gmail.com: [ROLE_CUSTOMER]
2025-11-30 04:22:18.691 [http-nio-9090-exec-9] DEBUG c.a.b.config.JwtAuthenticationFilter - Authenticated user from JWT: audrio8802@gmail.com
2025-11-30 04:22:18.691 [http-nio-9090-exec-5] DEBUG c.a.b.config.JwtAuthenticationFilter - Authenticated user from JWT: audrio8802@gmail.com
2025-11-30 04:22:18.691 [http-nio-9090-exec-5] INFO  c.a.b.config.JwtAuthenticationFilter - Authenticated user: audrio8802@gmail.com
2025-11-30 04:22:18.691 [http-nio-9090-exec-9] INFO  c.a.b.config.JwtAuthenticationFilter - Authenticated user: audrio8802@gmail.com
2025-11-30 04:22:18.691 [http-nio-9090-exec-5] INFO  c.a.b.config.JwtAuthenticationFilter - Authorities: [ROLE_CUSTOMER]
2025-11-30 04:22:18.691 [http-nio-9090-exec-9] INFO  c.a.b.config.JwtAuthenticationFilter - Authorities: [ROLE_CUSTOMER]
2025-11-30 04:22:18.691 [http-nio-9090-exec-9] DEBUG o.s.security.web.FilterChainProxy - Secured GET /public/products/fetchProducts
2025-11-30 04:22:18.691 [http-nio-9090-exec-10] DEBUG c.a.b.config.JwtAuthenticationFilter - Authenticated user from JWT: audrio8802@gmail.com
2025-11-30 04:22:18.691 [http-nio-9090-exec-5] DEBUG o.s.security.web.FilterChainProxy - Secured GET /customer/myprofile
2025-11-30 04:22:18.691 [http-nio-9090-exec-10] INFO  c.a.b.config.JwtAuthenticationFilter - Authenticated user: audrio8802@gmail.com
2025-11-30 04:22:18.691 [http-nio-9090-exec-10] INFO  c.a.b.config.JwtAuthenticationFilter - Authorities: [ROLE_CUSTOMER]
2025-11-30 04:22:18.691 [http-nio-9090-exec-10] DEBUG o.s.security.web.FilterChainProxy - Secured GET /public/products/fetchProducts
2025-11-30 04:22:18.691 [http-nio-9090-exec-7] DEBUG c.a.b.config.JwtAuthenticationFilter - Authenticated user from JWT: audrio8802@gmail.com
2025-11-30 04:22:18.691 [http-nio-9090-exec-7] INFO  c.a.b.config.JwtAuthenticationFilter - Authenticated user: audrio8802@gmail.com
2025-11-30 04:22:18.691 [http-nio-9090-exec-7] INFO  c.a.b.config.JwtAuthenticationFilter - Authorities: [ROLE_CUSTOMER]
2025-11-30 04:22:18.691 [http-nio-9090-exec-7] DEBUG o.s.security.web.FilterChainProxy - Secured GET /customer/myprofile
2025-11-30 04:22:18.691 [http-nio-9090-exec-10] INFO  c.a.b.controller.ProductController - Method : GET | Endpoint : /public/products/fetchProducts | Payload : 200 OK
2025-11-30 04:22:18.691 [http-nio-9090-exec-9] INFO  c.a.b.controller.ProductController - Method : GET | Endpoint : /public/products/fetchProducts | Payload : 200 OK
2025-11-30 04:22:18.691 [http-nio-9090-exec-7] INFO  c.a.b.controller.CustomerController - Method : GET | Endpoint : /customer/myprofile | Payload : Bearer eyJhbGciOiJIUzI1NiJ9.eyJyb2xlIjoiQ1VTVE9NRVIiLCJwdXJwb3NlIjoiYWNjZXNzIiwic3ViIjoiYXVkcmlvODgwMkBnbWFpbC5jb20iLCJpYXQiOjE3NjQ0NTA3NTUsImV4cCI6MTc2NDUzNzE1NX0.NF7S5I2pgZvEF_ScdLmZq6zuhRA4p5dQm2FHP35hdYY
2025-11-30 04:22:18.691 [http-nio-9090-exec-5] INFO  c.a.b.controller.CustomerController - Method : GET | Endpoint : /customer/myprofile | Payload : Bearer eyJhbGciOiJIUzI1NiJ9.eyJyb2xlIjoiQ1VTVE9NRVIiLCJwdXJwb3NlIjoiYWNjZXNzIiwic3ViIjoiYXVkcmlvODgwMkBnbWFpbC5jb20iLCJpYXQiOjE3NjQ0NTA3NTUsImV4cCI6MTc2NDUzNzE1NX0.NF7S5I2pgZvEF_ScdLmZq6zuhRA4p5dQm2FHP35hdYY
2025-11-30 04:22:18.692 [http-nio-9090-exec-5] INFO  c.a.b.s.impl.CustomerServiceImpl - GET CUSTOMER PROFILE START | EMAIL: audrio8802@gmail.com
2025-11-30 04:22:18.692 [http-nio-9090-exec-7] INFO  c.a.b.s.impl.CustomerServiceImpl - GET CUSTOMER PROFILE START | EMAIL: audrio8802@gmail.com
2025-11-30 04:22:18.696 [http-nio-9090-exec-7] INFO  c.a.b.s.impl.CustomerServiceImpl - GET CUSTOMER PROFILE SUCCESS
2025-11-30 04:22:18.696 [http-nio-9090-exec-7] DEBUG c.a.b.s.impl.CustomerServiceImpl - Converting entity to response for customer ID: 49b697a8-c144-4145-a894-e32477c12451
2025-11-30 04:22:18.696 [http-nio-9090-exec-5] INFO  c.a.b.s.impl.CustomerServiceImpl - GET CUSTOMER PROFILE SUCCESS
2025-11-30 04:22:18.696 [http-nio-9090-exec-5] DEBUG c.a.b.s.impl.CustomerServiceImpl - Converting entity to response for customer ID: 49b697a8-c144-4145-a894-e32477c12451
2025-11-30 04:22:18.717 [http-nio-9090-exec-2] DEBUG o.s.security.web.FilterChainProxy - Securing OPTIONS /customer/cart/mycart/49b697a8-c144-4145-a894-e32477c12451
2025-11-30 04:22:18.722 [http-nio-9090-exec-4] DEBUG o.s.security.web.FilterChainProxy - Securing GET /customer/cart/mycart/49b697a8-c144-4145-a894-e32477c12451
2025-11-30 04:22:18.722 [http-nio-9090-exec-4] DEBUG c.a.b.config.JwtAuthenticationFilter - >>> Request GET /api/v1.0/customer/cart/mycart/49b697a8-c144-4145-a894-e32477c12451
2025-11-30 04:22:18.722 [http-nio-9090-exec-4] DEBUG c.a.b.config.JwtAuthenticationFilter - Token received (first 20 chars): eyJhbGciOiJIUzI1NiJ9...
2025-11-30 04:22:18.731 [http-nio-9090-exec-4] INFO  c.a.b.config.JwtAuthenticationFilter - Authorities for audrio8802@gmail.com: [ROLE_CUSTOMER]
2025-11-30 04:22:18.732 [http-nio-9090-exec-4] DEBUG c.a.b.config.JwtAuthenticationFilter - Authenticated user from JWT: audrio8802@gmail.com
2025-11-30 04:22:18.732 [http-nio-9090-exec-4] INFO  c.a.b.config.JwtAuthenticationFilter - Authenticated user: audrio8802@gmail.com
2025-11-30 04:22:18.732 [http-nio-9090-exec-4] INFO  c.a.b.config.JwtAuthenticationFilter - Authorities: [ROLE_CUSTOMER]
2025-11-30 04:22:18.732 [http-nio-9090-exec-4] DEBUG o.s.security.web.FilterChainProxy - Secured GET /customer/cart/mycart/49b697a8-c144-4145-a894-e32477c12451
2025-11-30 04:22:18.733 [http-nio-9090-exec-4] INFO  c.a.b.controller.CartController - GET /customer/mycart/49b697a8-c144-4145-a894-e32477c12451
2025-11-30 04:24:29.594 [http-nio-9090-exec-9] DEBUG o.s.security.web.FilterChainProxy - Securing OPTIONS /public/products/fetchProducts
2025-11-30 04:24:29.594 [http-nio-9090-exec-10] DEBUG o.s.security.web.FilterChainProxy - Securing OPTIONS /public/products/fetchProducts
2025-11-30 04:24:29.594 [http-nio-9090-exec-7] DEBUG o.s.security.web.FilterChainProxy - Securing OPTIONS /customer/myprofile
2025-11-30 04:24:29.594 [http-nio-9090-exec-5] DEBUG o.s.security.web.FilterChainProxy - Securing OPTIONS /customer/myprofile
2025-11-30 04:24:29.600 [http-nio-9090-exec-2] DEBUG o.s.security.web.FilterChainProxy - Securing GET /customer/myprofile
2025-11-30 04:24:29.600 [http-nio-9090-exec-6] DEBUG o.s.security.web.FilterChainProxy - Securing GET /customer/myprofile
2025-11-30 04:24:29.600 [http-nio-9090-exec-3] DEBUG o.s.security.web.FilterChainProxy - Securing GET /public/products/fetchProducts
2025-11-30 04:24:29.600 [http-nio-9090-exec-4] DEBUG o.s.security.web.FilterChainProxy - Securing GET /public/products/fetchProducts
2025-11-30 04:24:29.600 [http-nio-9090-exec-6] DEBUG c.a.b.config.JwtAuthenticationFilter - >>> Request GET /api/v1.0/customer/myprofile
2025-11-30 04:24:29.600 [http-nio-9090-exec-3] DEBUG c.a.b.config.JwtAuthenticationFilter - >>> Request GET /api/v1.0/public/products/fetchProducts
2025-11-30 04:24:29.600 [http-nio-9090-exec-3] DEBUG c.a.b.config.JwtAuthenticationFilter - Token received (first 20 chars): eyJhbGciOiJIUzI1NiJ9...
2025-11-30 04:24:29.600 [http-nio-9090-exec-6] DEBUG c.a.b.config.JwtAuthenticationFilter - Token received (first 20 chars): eyJhbGciOiJIUzI1NiJ9...
2025-11-30 04:24:29.600 [http-nio-9090-exec-2] DEBUG c.a.b.config.JwtAuthenticationFilter - >>> Request GET /api/v1.0/customer/myprofile
2025-11-30 04:24:29.600 [http-nio-9090-exec-2] DEBUG c.a.b.config.JwtAuthenticationFilter - Token received (first 20 chars): eyJhbGciOiJIUzI1NiJ9...
2025-11-30 04:24:29.600 [http-nio-9090-exec-4] DEBUG c.a.b.config.JwtAuthenticationFilter - >>> Request GET /api/v1.0/public/products/fetchProducts
2025-11-30 04:24:29.600 [http-nio-9090-exec-4] DEBUG c.a.b.config.JwtAuthenticationFilter - Token received (first 20 chars): eyJhbGciOiJIUzI1NiJ9...
2025-11-30 04:24:29.606 [http-nio-9090-exec-3] INFO  c.a.b.config.JwtAuthenticationFilter - Authorities for audrio8802@gmail.com: [ROLE_CUSTOMER]
2025-11-30 04:24:29.606 [http-nio-9090-exec-4] INFO  c.a.b.config.JwtAuthenticationFilter - Authorities for audrio8802@gmail.com: [ROLE_CUSTOMER]
2025-11-30 04:24:29.606 [http-nio-9090-exec-6] INFO  c.a.b.config.JwtAuthenticationFilter - Authorities for audrio8802@gmail.com: [ROLE_CUSTOMER]
2025-11-30 04:24:29.606 [http-nio-9090-exec-3] DEBUG c.a.b.config.JwtAuthenticationFilter - Authenticated user from JWT: audrio8802@gmail.com
2025-11-30 04:24:29.606 [http-nio-9090-exec-3] INFO  c.a.b.config.JwtAuthenticationFilter - Authenticated user: audrio8802@gmail.com
2025-11-30 04:24:29.606 [http-nio-9090-exec-3] INFO  c.a.b.config.JwtAuthenticationFilter - Authorities: [ROLE_CUSTOMER]
2025-11-30 04:24:29.606 [http-nio-9090-exec-2] INFO  c.a.b.config.JwtAuthenticationFilter - Authorities for audrio8802@gmail.com: [ROLE_CUSTOMER]
2025-11-30 04:24:29.606 [http-nio-9090-exec-4] DEBUG c.a.b.config.JwtAuthenticationFilter - Authenticated user from JWT: audrio8802@gmail.com
2025-11-30 04:24:29.606 [http-nio-9090-exec-6] DEBUG c.a.b.config.JwtAuthenticationFilter - Authenticated user from JWT: audrio8802@gmail.com
2025-11-30 04:24:29.606 [http-nio-9090-exec-4] INFO  c.a.b.config.JwtAuthenticationFilter - Authenticated user: audrio8802@gmail.com
2025-11-30 04:24:29.606 [http-nio-9090-exec-6] INFO  c.a.b.config.JwtAuthenticationFilter - Authenticated user: audrio8802@gmail.com
2025-11-30 04:24:29.606 [http-nio-9090-exec-4] INFO  c.a.b.config.JwtAuthenticationFilter - Authorities: [ROLE_CUSTOMER]
2025-11-30 04:24:29.606 [http-nio-9090-exec-6] INFO  c.a.b.config.JwtAuthenticationFilter - Authorities: [ROLE_CUSTOMER]
2025-11-30 04:24:29.606 [http-nio-9090-exec-4] DEBUG o.s.security.web.FilterChainProxy - Secured GET /public/products/fetchProducts
2025-11-30 04:24:29.606 [http-nio-9090-exec-3] DEBUG o.s.security.web.FilterChainProxy - Secured GET /public/products/fetchProducts
2025-11-30 04:24:29.606 [http-nio-9090-exec-6] DEBUG o.s.security.web.FilterChainProxy - Secured GET /customer/myprofile
2025-11-30 04:24:29.606 [http-nio-9090-exec-2] DEBUG c.a.b.config.JwtAuthenticationFilter - Authenticated user from JWT: audrio8802@gmail.com
2025-11-30 04:24:29.606 [http-nio-9090-exec-2] INFO  c.a.b.config.JwtAuthenticationFilter - Authenticated user: audrio8802@gmail.com
2025-11-30 04:24:29.606 [http-nio-9090-exec-2] INFO  c.a.b.config.JwtAuthenticationFilter - Authorities: [ROLE_CUSTOMER]
2025-11-30 04:24:29.606 [http-nio-9090-exec-2] DEBUG o.s.security.web.FilterChainProxy - Secured GET /customer/myprofile
2025-11-30 04:24:29.606 [http-nio-9090-exec-3] INFO  c.a.b.controller.ProductController - Method : GET | Endpoint : /public/products/fetchProducts | Payload : 200 OK
2025-11-30 04:24:29.606 [http-nio-9090-exec-4] INFO  c.a.b.controller.ProductController - Method : GET | Endpoint : /public/products/fetchProducts | Payload : 200 OK
2025-11-30 04:24:29.606 [http-nio-9090-exec-6] INFO  c.a.b.controller.CustomerController - Method : GET | Endpoint : /customer/myprofile | Payload : Bearer eyJhbGciOiJIUzI1NiJ9.eyJyb2xlIjoiQ1VTVE9NRVIiLCJwdXJwb3NlIjoiYWNjZXNzIiwic3ViIjoiYXVkcmlvODgwMkBnbWFpbC5jb20iLCJpYXQiOjE3NjQ0NTA3NTUsImV4cCI6MTc2NDUzNzE1NX0.NF7S5I2pgZvEF_ScdLmZq6zuhRA4p5dQm2FHP35hdYY
2025-11-30 04:24:29.606 [http-nio-9090-exec-2] INFO  c.a.b.controller.CustomerController - Method : GET | Endpoint : /customer/myprofile | Payload : Bearer eyJhbGciOiJIUzI1NiJ9.eyJyb2xlIjoiQ1VTVE9NRVIiLCJwdXJwb3NlIjoiYWNjZXNzIiwic3ViIjoiYXVkcmlvODgwMkBnbWFpbC5jb20iLCJpYXQiOjE3NjQ0NTA3NTUsImV4cCI6MTc2NDUzNzE1NX0.NF7S5I2pgZvEF_ScdLmZq6zuhRA4p5dQm2FHP35hdYY
2025-11-30 04:24:29.607 [http-nio-9090-exec-2] INFO  c.a.b.s.impl.CustomerServiceImpl - GET CUSTOMER PROFILE START | EMAIL: audrio8802@gmail.com
2025-11-30 04:24:29.607 [http-nio-9090-exec-6] INFO  c.a.b.s.impl.CustomerServiceImpl - GET CUSTOMER PROFILE START | EMAIL: audrio8802@gmail.com
2025-11-30 04:24:29.610 [http-nio-9090-exec-2] INFO  c.a.b.s.impl.CustomerServiceImpl - GET CUSTOMER PROFILE SUCCESS
2025-11-30 04:24:29.610 [http-nio-9090-exec-6] INFO  c.a.b.s.impl.CustomerServiceImpl - GET CUSTOMER PROFILE SUCCESS
2025-11-30 04:24:29.610 [http-nio-9090-exec-2] DEBUG c.a.b.s.impl.CustomerServiceImpl - Converting entity to response for customer ID: 49b697a8-c144-4145-a894-e32477c12451
2025-11-30 04:24:29.610 [http-nio-9090-exec-6] DEBUG c.a.b.s.impl.CustomerServiceImpl - Converting entity to response for customer ID: 49b697a8-c144-4145-a894-e32477c12451
2025-11-30 04:24:29.631 [http-nio-9090-exec-1] DEBUG o.s.security.web.FilterChainProxy - Securing OPTIONS /customer/cart/mycart/49b697a8-c144-4145-a894-e32477c12451
2025-11-30 04:24:29.635 [http-nio-9090-exec-8] DEBUG o.s.security.web.FilterChainProxy - Securing GET /customer/cart/mycart/49b697a8-c144-4145-a894-e32477c12451
2025-11-30 04:24:29.635 [http-nio-9090-exec-8] DEBUG c.a.b.config.JwtAuthenticationFilter - >>> Request GET /api/v1.0/customer/cart/mycart/49b697a8-c144-4145-a894-e32477c12451
2025-11-30 04:24:29.635 [http-nio-9090-exec-8] DEBUG c.a.b.config.JwtAuthenticationFilter - Token received (first 20 chars): eyJhbGciOiJIUzI1NiJ9...
2025-11-30 04:24:29.644 [http-nio-9090-exec-8] INFO  c.a.b.config.JwtAuthenticationFilter - Authorities for audrio8802@gmail.com: [ROLE_CUSTOMER]
2025-11-30 04:24:29.645 [http-nio-9090-exec-8] DEBUG c.a.b.config.JwtAuthenticationFilter - Authenticated user from JWT: audrio8802@gmail.com
2025-11-30 04:24:29.645 [http-nio-9090-exec-8] INFO  c.a.b.config.JwtAuthenticationFilter - Authenticated user: audrio8802@gmail.com
2025-11-30 04:24:29.645 [http-nio-9090-exec-8] INFO  c.a.b.config.JwtAuthenticationFilter - Authorities: [ROLE_CUSTOMER]
2025-11-30 04:24:29.646 [http-nio-9090-exec-8] DEBUG o.s.security.web.FilterChainProxy - Secured GET /customer/cart/mycart/49b697a8-c144-4145-a894-e32477c12451
2025-11-30 04:24:29.647 [http-nio-9090-exec-8] INFO  c.a.b.controller.CartController - GET /customer/mycart/49b697a8-c144-4145-a894-e32477c12451
2025-11-30 05:08:06.537 [SpringApplicationShutdownHook] INFO  o.s.b.w.e.tomcat.GracefulShutdown - Commencing graceful shutdown. Waiting for active requests to complete
2025-11-30 05:08:06.550 [tomcat-shutdown] INFO  o.s.b.w.e.tomcat.GracefulShutdown - Graceful shutdown complete
2025-11-30 05:08:06.566 [SpringApplicationShutdownHook] INFO  o.s.o.j.LocalContainerEntityManagerFactoryBean - Closing JPA EntityManagerFactory for persistence unit 'default'
2025-11-30 05:08:06.579 [SpringApplicationShutdownHook] INFO  com.zaxxer.hikari.HikariDataSource - HikariPool-1 - Shutdown initiated...
2025-11-30 05:08:06.584 [SpringApplicationShutdownHook] INFO  com.zaxxer.hikari.HikariDataSource - HikariPool-1 - Shutdown completed.
2025-11-30 05:08:20.146 [restartedMain] INFO  c.a.b.BackendBakrieApplication - Starting BackendBakrieApplication using Java 21.0.8 with PID 36248 (D:\Documents\Bakrie-Store-PI\backend-bakrie\target\classes started by LEGION in D:\Documents\Bakrie-Store-PI)
2025-11-30 05:08:20.146 [restartedMain] DEBUG c.a.b.BackendBakrieApplication - Running with Spring Boot v3.5.7, Spring v6.2.12
2025-11-30 05:08:20.147 [restartedMain] INFO  c.a.b.BackendBakrieApplication - No active profile set, falling back to 1 default profile: "default"
2025-11-30 05:08:20.175 [restartedMain] INFO  o.s.b.d.e.DevToolsPropertyDefaultsPostProcessor - Devtools property defaults active! Set 'spring.devtools.add-properties' to 'false' to disable
2025-11-30 05:08:20.175 [restartedMain] INFO  o.s.b.d.e.DevToolsPropertyDefaultsPostProcessor - For additional web related logging consider setting the 'logging.level.web' property to 'DEBUG'
2025-11-30 05:08:20.565 [restartedMain] INFO  o.s.d.r.c.RepositoryConfigurationDelegate - Bootstrapping Spring Data JPA repositories in DEFAULT mode.
2025-11-30 05:08:20.613 [restartedMain] INFO  o.s.d.r.c.RepositoryConfigurationDelegate - Finished Spring Data repository scanning in 37 ms. Found 8 JPA repository interfaces.
2025-11-30 05:08:20.965 [restartedMain] INFO  o.s.b.w.e.tomcat.TomcatWebServer - Tomcat initialized with port 9090 (http)
2025-11-30 05:08:20.974 [restartedMain] INFO  o.a.catalina.core.StandardService - Starting service [Tomcat]
2025-11-30 05:08:20.974 [restartedMain] INFO  o.a.catalina.core.StandardEngine - Starting Servlet engine: [Apache Tomcat/10.1.48]
2025-11-30 05:08:21.002 [restartedMain] INFO  o.a.c.c.C.[.[localhost].[/api/v1.0] - Initializing Spring embedded WebApplicationContext
2025-11-30 05:08:21.002 [restartedMain] INFO  o.s.b.w.s.c.ServletWebServerApplicationContext - Root WebApplicationContext: initialization completed in 827 ms
2025-11-30 05:08:21.095 [restartedMain] INFO  o.h.jpa.internal.util.LogHelper - HHH000204: Processing PersistenceUnitInfo [name: default]
2025-11-30 05:08:21.135 [restartedMain] INFO  org.hibernate.Version - HHH000412: Hibernate ORM core version 6.6.33.Final
2025-11-30 05:08:21.168 [restartedMain] INFO  o.h.c.i.RegionFactoryInitiator - HHH000026: Second-level cache disabled
2025-11-30 05:08:21.332 [restartedMain] INFO  o.s.o.j.p.SpringPersistenceUnitInfo - No LoadTimeWeaver setup: ignoring JPA class transformer
2025-11-30 05:08:21.349 [restartedMain] INFO  com.zaxxer.hikari.HikariDataSource - HikariPool-1 - Starting...
2025-11-30 05:08:21.569 [restartedMain] INFO  com.zaxxer.hikari.pool.HikariPool - HikariPool-1 - Added connection com.mysql.cj.jdbc.ConnectionImpl@509570f4
2025-11-30 05:08:21.570 [restartedMain] INFO  com.zaxxer.hikari.HikariDataSource - HikariPool-1 - Start completed.
2025-11-30 05:08:21.601 [restartedMain] WARN  org.hibernate.orm.deprecation - HHH90000025: MySQL8Dialect does not need to be specified explicitly using 'hibernate.dialect' (remove the property setting and it will be selected by default)
2025-11-30 05:08:21.602 [restartedMain] WARN  org.hibernate.orm.deprecation - HHH90000026: MySQL8Dialect has been deprecated; use org.hibernate.dialect.MySQLDialect instead
2025-11-30 05:08:21.613 [restartedMain] INFO  o.hibernate.orm.connections.pooling - HHH10001005: Database info:
	Database JDBC URL [Connecting through datasource 'HikariDataSource (HikariPool-1)']
	Database driver: undefined/unknown
	Database version: 8.0
	Autocommit mode: undefined/unknown
	Isolation level: undefined/unknown
	Minimum pool size: undefined/unknown
	Maximum pool size: undefined/unknown
2025-11-30 05:08:22.312 [restartedMain] INFO  o.h.e.t.j.p.i.JtaPlatformInitiator - HHH000489: No JTA platform available (set 'hibernate.transaction.jta.platform' to enable JTA platform integration)
2025-11-30 05:08:22.894 [restartedMain] INFO  o.s.o.j.LocalContainerEntityManagerFactoryBean - Initialized JPA EntityManagerFactory for persistence unit 'default'
2025-11-30 05:08:23.072 [restartedMain] INFO  o.s.d.j.r.query.QueryEnhancerFactory - Hibernate is in classpath; If applicable, HQL parser will be used.
2025-11-30 05:08:23.444 [restartedMain] DEBUG c.a.b.config.JwtAuthenticationFilter - Filter 'jwtAuthenticationFilter' configured for use
2025-11-30 05:08:23.516 [restartedMain] INFO  o.s.s.c.a.a.c.InitializeAuthenticationProviderBeanManagerConfigurer$InitializeAuthenticationProviderManagerConfigurer - Global AuthenticationManager configured with AuthenticationProvider bean with name authenticationProvider
2025-11-30 05:08:23.517 [restartedMain] WARN  o.s.s.c.a.a.c.InitializeUserDetailsBeanManagerConfigurer$InitializeUserDetailsManagerConfigurer - Global AuthenticationManager configured with an AuthenticationProvider bean. UserDetailsService beans will not be used by Spring Security for automatically configuring username/password login. Consider removing the AuthenticationProvider bean. Alternatively, consider using the UserDetailsService in a manually instantiated DaoAuthenticationProvider. If the current configuration is intentional, to turn off this warning, increase the logging level of 'org.springframework.security.config.annotation.authentication.configuration.InitializeUserDetailsBeanManagerConfigurer' to ERROR
2025-11-30 05:08:23.619 [restartedMain] WARN  o.s.b.a.o.j.JpaBaseConfiguration$JpaWebConfiguration - spring.jpa.open-in-view is enabled by default. Therefore, database queries may be performed during view rendering. Explicitly configure spring.jpa.open-in-view to disable this warning
2025-11-30 05:08:23.783 [restartedMain] DEBUG o.s.s.web.DefaultSecurityFilterChain - Will secure any request with filters: DisableEncodeUrlFilter, WebAsyncManagerIntegrationFilter, SecurityContextHolderFilter, HeaderWriterFilter, CorsFilter, LogoutFilter, JwtAuthenticationFilter, RequestCacheAwareFilter, SecurityContextHolderAwareRequestFilter, AnonymousAuthenticationFilter, SessionManagementFilter, ExceptionTranslationFilter, AuthorizationFilter
2025-11-30 05:08:23.925 [restartedMain] INFO  o.s.b.d.a.OptionalLiveReloadServer - LiveReload server is running on port 35729
2025-11-30 05:08:23.952 [restartedMain] INFO  o.s.b.w.e.tomcat.TomcatWebServer - Tomcat started on port 9090 (http) with context path '/api/v1.0'
2025-11-30 05:08:23.958 [restartedMain] INFO  c.a.b.BackendBakrieApplication - Started BackendBakrieApplication in 4.109 seconds (process running for 4.472)
2025-11-30 05:34:07.044 [SpringApplicationShutdownHook] INFO  o.s.b.w.e.tomcat.GracefulShutdown - Commencing graceful shutdown. Waiting for active requests to complete
2025-11-30 05:34:07.054 [tomcat-shutdown] INFO  o.s.b.w.e.tomcat.GracefulShutdown - Graceful shutdown complete
2025-11-30 05:34:07.062 [SpringApplicationShutdownHook] INFO  o.s.o.j.LocalContainerEntityManagerFactoryBean - Closing JPA EntityManagerFactory for persistence unit 'default'
2025-11-30 05:34:07.075 [SpringApplicationShutdownHook] INFO  com.zaxxer.hikari.HikariDataSource - HikariPool-1 - Shutdown initiated...
2025-11-30 05:34:07.078 [SpringApplicationShutdownHook] INFO  com.zaxxer.hikari.HikariDataSource - HikariPool-1 - Shutdown completed.
2025-11-30 05:34:10.752 [restartedMain] INFO  c.a.b.BackendBakrieApplication - Starting BackendBakrieApplication using Java 21.0.8 with PID 24804 (D:\Documents\Bakrie-Store-PI\backend-bakrie\target\classes started by LEGION in D:\Documents\Bakrie-Store-PI)
2025-11-30 05:34:10.752 [restartedMain] DEBUG c.a.b.BackendBakrieApplication - Running with Spring Boot v3.5.7, Spring v6.2.12
2025-11-30 05:34:10.753 [restartedMain] INFO  c.a.b.BackendBakrieApplication - No active profile set, falling back to 1 default profile: "default"
2025-11-30 05:34:10.778 [restartedMain] INFO  o.s.b.d.e.DevToolsPropertyDefaultsPostProcessor - Devtools property defaults active! Set 'spring.devtools.add-properties' to 'false' to disable
2025-11-30 05:34:10.778 [restartedMain] INFO  o.s.b.d.e.DevToolsPropertyDefaultsPostProcessor - For additional web related logging consider setting the 'logging.level.web' property to 'DEBUG'
2025-11-30 05:34:11.202 [restartedMain] INFO  o.s.d.r.c.RepositoryConfigurationDelegate - Bootstrapping Spring Data JPA repositories in DEFAULT mode.
2025-11-30 05:34:11.248 [restartedMain] INFO  o.s.d.r.c.RepositoryConfigurationDelegate - Finished Spring Data repository scanning in 40 ms. Found 8 JPA repository interfaces.
2025-11-30 05:34:11.611 [restartedMain] INFO  o.s.b.w.e.tomcat.TomcatWebServer - Tomcat initialized with port 9090 (http)
2025-11-30 05:34:11.624 [restartedMain] INFO  o.a.catalina.core.StandardService - Starting service [Tomcat]
2025-11-30 05:34:11.624 [restartedMain] INFO  o.a.catalina.core.StandardEngine - Starting Servlet engine: [Apache Tomcat/10.1.48]
2025-11-30 05:34:11.654 [restartedMain] INFO  o.a.c.c.C.[.[localhost].[/api/v1.0] - Initializing Spring embedded WebApplicationContext
2025-11-30 05:34:11.654 [restartedMain] INFO  o.s.b.w.s.c.ServletWebServerApplicationContext - Root WebApplicationContext: initialization completed in 876 ms
2025-11-30 05:34:11.745 [restartedMain] INFO  o.h.jpa.internal.util.LogHelper - HHH000204: Processing PersistenceUnitInfo [name: default]
2025-11-30 05:34:11.783 [restartedMain] INFO  org.hibernate.Version - HHH000412: Hibernate ORM core version 6.6.33.Final
2025-11-30 05:34:11.804 [restartedMain] INFO  o.h.c.i.RegionFactoryInitiator - HHH000026: Second-level cache disabled
2025-11-30 05:34:11.967 [restartedMain] INFO  o.s.o.j.p.SpringPersistenceUnitInfo - No LoadTimeWeaver setup: ignoring JPA class transformer
2025-11-30 05:34:11.987 [restartedMain] INFO  com.zaxxer.hikari.HikariDataSource - HikariPool-1 - Starting...
2025-11-30 05:34:12.200 [restartedMain] INFO  com.zaxxer.hikari.pool.HikariPool - HikariPool-1 - Added connection com.mysql.cj.jdbc.ConnectionImpl@de5a087
2025-11-30 05:34:12.201 [restartedMain] INFO  com.zaxxer.hikari.HikariDataSource - HikariPool-1 - Start completed.
2025-11-30 05:34:12.234 [restartedMain] WARN  org.hibernate.orm.deprecation - HHH90000025: MySQL8Dialect does not need to be specified explicitly using 'hibernate.dialect' (remove the property setting and it will be selected by default)
2025-11-30 05:34:12.234 [restartedMain] WARN  org.hibernate.orm.deprecation - HHH90000026: MySQL8Dialect has been deprecated; use org.hibernate.dialect.MySQLDialect instead
2025-11-30 05:34:12.244 [restartedMain] INFO  o.hibernate.orm.connections.pooling - HHH10001005: Database info:
	Database JDBC URL [Connecting through datasource 'HikariDataSource (HikariPool-1)']
	Database driver: undefined/unknown
	Database version: 8.0
	Autocommit mode: undefined/unknown
	Isolation level: undefined/unknown
	Minimum pool size: undefined/unknown
	Maximum pool size: undefined/unknown
2025-11-30 05:34:12.960 [restartedMain] INFO  o.h.e.t.j.p.i.JtaPlatformInitiator - HHH000489: No JTA platform available (set 'hibernate.transaction.jta.platform' to enable JTA platform integration)
2025-11-30 05:34:13.405 [restartedMain] INFO  o.s.o.j.LocalContainerEntityManagerFactoryBean - Initialized JPA EntityManagerFactory for persistence unit 'default'
2025-11-30 05:34:13.576 [restartedMain] INFO  o.s.d.j.r.query.QueryEnhancerFactory - Hibernate is in classpath; If applicable, HQL parser will be used.
2025-11-30 05:34:13.960 [restartedMain] DEBUG c.a.b.config.JwtAuthenticationFilter - Filter 'jwtAuthenticationFilter' configured for use
2025-11-30 05:34:14.029 [restartedMain] INFO  o.s.s.c.a.a.c.InitializeAuthenticationProviderBeanManagerConfigurer$InitializeAuthenticationProviderManagerConfigurer - Global AuthenticationManager configured with AuthenticationProvider bean with name authenticationProvider
2025-11-30 05:34:14.030 [restartedMain] WARN  o.s.s.c.a.a.c.InitializeUserDetailsBeanManagerConfigurer$InitializeUserDetailsManagerConfigurer - Global AuthenticationManager configured with an AuthenticationProvider bean. UserDetailsService beans will not be used by Spring Security for automatically configuring username/password login. Consider removing the AuthenticationProvider bean. Alternatively, consider using the UserDetailsService in a manually instantiated DaoAuthenticationProvider. If the current configuration is intentional, to turn off this warning, increase the logging level of 'org.springframework.security.config.annotation.authentication.configuration.InitializeUserDetailsBeanManagerConfigurer' to ERROR
2025-11-30 05:34:14.132 [restartedMain] WARN  o.s.b.a.o.j.JpaBaseConfiguration$JpaWebConfiguration - spring.jpa.open-in-view is enabled by default. Therefore, database queries may be performed during view rendering. Explicitly configure spring.jpa.open-in-view to disable this warning
2025-11-30 05:34:14.285 [restartedMain] DEBUG o.s.s.web.DefaultSecurityFilterChain - Will secure any request with filters: DisableEncodeUrlFilter, WebAsyncManagerIntegrationFilter, SecurityContextHolderFilter, HeaderWriterFilter, CorsFilter, LogoutFilter, JwtAuthenticationFilter, RequestCacheAwareFilter, SecurityContextHolderAwareRequestFilter, AnonymousAuthenticationFilter, SessionManagementFilter, ExceptionTranslationFilter, AuthorizationFilter
2025-11-30 05:34:14.418 [restartedMain] INFO  o.s.b.d.a.OptionalLiveReloadServer - LiveReload server is running on port 35729
2025-11-30 05:34:14.447 [restartedMain] INFO  o.s.b.w.e.tomcat.TomcatWebServer - Tomcat started on port 9090 (http) with context path '/api/v1.0'
2025-11-30 05:34:14.452 [restartedMain] INFO  c.a.b.BackendBakrieApplication - Started BackendBakrieApplication in 4.029 seconds (process running for 4.418)
2025-11-30 05:34:47.074 [SpringApplicationShutdownHook] INFO  o.s.b.w.e.tomcat.GracefulShutdown - Commencing graceful shutdown. Waiting for active requests to complete
2025-11-30 05:34:47.080 [tomcat-shutdown] INFO  o.s.b.w.e.tomcat.GracefulShutdown - Graceful shutdown complete
2025-11-30 05:34:47.085 [SpringApplicationShutdownHook] INFO  o.s.o.j.LocalContainerEntityManagerFactoryBean - Closing JPA EntityManagerFactory for persistence unit 'default'
2025-11-30 05:34:47.087 [SpringApplicationShutdownHook] INFO  com.zaxxer.hikari.HikariDataSource - HikariPool-1 - Shutdown initiated...
2025-11-30 05:34:47.090 [SpringApplicationShutdownHook] INFO  com.zaxxer.hikari.HikariDataSource - HikariPool-1 - Shutdown completed.
2025-11-30 05:34:50.563 [restartedMain] INFO  c.a.b.BackendBakrieApplication - Starting BackendBakrieApplication using Java 21.0.8 with PID 26148 (D:\Documents\Bakrie-Store-PI\backend-bakrie\target\classes started by LEGION in D:\Documents\Bakrie-Store-PI)
2025-11-30 05:34:50.564 [restartedMain] DEBUG c.a.b.BackendBakrieApplication - Running with Spring Boot v3.5.7, Spring v6.2.12
2025-11-30 05:34:50.564 [restartedMain] INFO  c.a.b.BackendBakrieApplication - No active profile set, falling back to 1 default profile: "default"
2025-11-30 05:34:50.594 [restartedMain] INFO  o.s.b.d.e.DevToolsPropertyDefaultsPostProcessor - Devtools property defaults active! Set 'spring.devtools.add-properties' to 'false' to disable
2025-11-30 05:34:50.594 [restartedMain] INFO  o.s.b.d.e.DevToolsPropertyDefaultsPostProcessor - For additional web related logging consider setting the 'logging.level.web' property to 'DEBUG'
2025-11-30 05:34:51.054 [restartedMain] INFO  o.s.d.r.c.RepositoryConfigurationDelegate - Bootstrapping Spring Data JPA repositories in DEFAULT mode.
2025-11-30 05:34:51.102 [restartedMain] INFO  o.s.d.r.c.RepositoryConfigurationDelegate - Finished Spring Data repository scanning in 42 ms. Found 8 JPA repository interfaces.
2025-11-30 05:34:51.466 [restartedMain] INFO  o.s.b.w.e.tomcat.TomcatWebServer - Tomcat initialized with port 9090 (http)
2025-11-30 05:34:51.475 [restartedMain] INFO  o.a.catalina.core.StandardService - Starting service [Tomcat]
2025-11-30 05:34:51.475 [restartedMain] INFO  o.a.catalina.core.StandardEngine - Starting Servlet engine: [Apache Tomcat/10.1.48]
2025-11-30 05:34:51.513 [restartedMain] INFO  o.a.c.c.C.[.[localhost].[/api/v1.0] - Initializing Spring embedded WebApplicationContext
2025-11-30 05:34:51.514 [restartedMain] INFO  o.s.b.w.s.c.ServletWebServerApplicationContext - Root WebApplicationContext: initialization completed in 919 ms
2025-11-30 05:34:51.611 [restartedMain] INFO  o.h.jpa.internal.util.LogHelper - HHH000204: Processing PersistenceUnitInfo [name: default]
2025-11-30 05:34:51.641 [restartedMain] INFO  org.hibernate.Version - HHH000412: Hibernate ORM core version 6.6.33.Final
2025-11-30 05:34:51.662 [restartedMain] INFO  o.h.c.i.RegionFactoryInitiator - HHH000026: Second-level cache disabled
2025-11-30 05:34:51.831 [restartedMain] INFO  o.s.o.j.p.SpringPersistenceUnitInfo - No LoadTimeWeaver setup: ignoring JPA class transformer
2025-11-30 05:34:51.853 [restartedMain] INFO  com.zaxxer.hikari.HikariDataSource - HikariPool-1 - Starting...
2025-11-30 05:34:52.051 [restartedMain] INFO  com.zaxxer.hikari.pool.HikariPool - HikariPool-1 - Added connection com.mysql.cj.jdbc.ConnectionImpl@479dc5a9
2025-11-30 05:34:52.053 [restartedMain] INFO  com.zaxxer.hikari.HikariDataSource - HikariPool-1 - Start completed.
2025-11-30 05:34:52.083 [restartedMain] WARN  org.hibernate.orm.deprecation - HHH90000025: MySQL8Dialect does not need to be specified explicitly using 'hibernate.dialect' (remove the property setting and it will be selected by default)
2025-11-30 05:34:52.083 [restartedMain] WARN  org.hibernate.orm.deprecation - HHH90000026: MySQL8Dialect has been deprecated; use org.hibernate.dialect.MySQLDialect instead
2025-11-30 05:34:52.093 [restartedMain] INFO  o.hibernate.orm.connections.pooling - HHH10001005: Database info:
	Database JDBC URL [Connecting through datasource 'HikariDataSource (HikariPool-1)']
	Database driver: undefined/unknown
	Database version: 8.0
	Autocommit mode: undefined/unknown
	Isolation level: undefined/unknown
	Minimum pool size: undefined/unknown
	Maximum pool size: undefined/unknown
2025-11-30 05:34:52.822 [restartedMain] INFO  o.h.e.t.j.p.i.JtaPlatformInitiator - HHH000489: No JTA platform available (set 'hibernate.transaction.jta.platform' to enable JTA platform integration)
2025-11-30 05:34:52.923 [restartedMain] INFO  o.s.o.j.LocalContainerEntityManagerFactoryBean - Initialized JPA EntityManagerFactory for persistence unit 'default'
2025-11-30 05:34:53.102 [restartedMain] INFO  o.s.d.j.r.query.QueryEnhancerFactory - Hibernate is in classpath; If applicable, HQL parser will be used.
2025-11-30 05:34:53.470 [restartedMain] DEBUG c.a.b.config.JwtAuthenticationFilter - Filter 'jwtAuthenticationFilter' configured for use
2025-11-30 05:34:53.540 [restartedMain] INFO  o.s.s.c.a.a.c.InitializeAuthenticationProviderBeanManagerConfigurer$InitializeAuthenticationProviderManagerConfigurer - Global AuthenticationManager configured with AuthenticationProvider bean with name authenticationProvider
2025-11-30 05:34:53.541 [restartedMain] WARN  o.s.s.c.a.a.c.InitializeUserDetailsBeanManagerConfigurer$InitializeUserDetailsManagerConfigurer - Global AuthenticationManager configured with an AuthenticationProvider bean. UserDetailsService beans will not be used by Spring Security for automatically configuring username/password login. Consider removing the AuthenticationProvider bean. Alternatively, consider using the UserDetailsService in a manually instantiated DaoAuthenticationProvider. If the current configuration is intentional, to turn off this warning, increase the logging level of 'org.springframework.security.config.annotation.authentication.configuration.InitializeUserDetailsBeanManagerConfigurer' to ERROR
2025-11-30 05:34:53.671 [restartedMain] WARN  o.s.b.a.o.j.JpaBaseConfiguration$JpaWebConfiguration - spring.jpa.open-in-view is enabled by default. Therefore, database queries may be performed during view rendering. Explicitly configure spring.jpa.open-in-view to disable this warning
2025-11-30 05:34:53.840 [restartedMain] DEBUG o.s.s.web.DefaultSecurityFilterChain - Will secure any request with filters: DisableEncodeUrlFilter, WebAsyncManagerIntegrationFilter, SecurityContextHolderFilter, HeaderWriterFilter, CorsFilter, LogoutFilter, JwtAuthenticationFilter, RequestCacheAwareFilter, SecurityContextHolderAwareRequestFilter, AnonymousAuthenticationFilter, SessionManagementFilter, ExceptionTranslationFilter, AuthorizationFilter
2025-11-30 05:34:53.980 [restartedMain] INFO  o.s.b.d.a.OptionalLiveReloadServer - LiveReload server is running on port 35729
2025-11-30 05:34:54.004 [restartedMain] INFO  o.s.b.w.e.tomcat.TomcatWebServer - Tomcat started on port 9090 (http) with context path '/api/v1.0'
2025-11-30 05:34:54.009 [restartedMain] INFO  c.a.b.BackendBakrieApplication - Started BackendBakrieApplication in 3.753 seconds (process running for 4.14)
2025-11-30 05:52:10.685 [http-nio-9090-exec-3] INFO  o.a.c.c.C.[.[localhost].[/api/v1.0] - Initializing Spring DispatcherServlet 'dispatcherServlet'
2025-11-30 05:52:10.686 [http-nio-9090-exec-3] INFO  o.s.web.servlet.DispatcherServlet - Initializing Servlet 'dispatcherServlet'
2025-11-30 05:52:10.689 [http-nio-9090-exec-3] INFO  o.s.web.servlet.DispatcherServlet - Completed initialization in 2 ms
2025-11-30 05:52:10.715 [http-nio-9090-exec-1] DEBUG o.s.security.web.FilterChainProxy - Securing OPTIONS /customer/myprofile
2025-11-30 05:52:10.715 [http-nio-9090-exec-2] DEBUG o.s.security.web.FilterChainProxy - Securing OPTIONS /customer/myprofile
2025-11-30 05:52:10.715 [http-nio-9090-exec-3] DEBUG o.s.security.web.FilterChainProxy - Securing OPTIONS /public/products/fetchProducts
2025-11-30 05:52:10.715 [http-nio-9090-exec-4] DEBUG o.s.security.web.FilterChainProxy - Securing OPTIONS /public/products/fetchProducts
2025-11-30 05:52:10.757 [http-nio-9090-exec-7] DEBUG o.s.security.web.FilterChainProxy - Securing GET /customer/myprofile
2025-11-30 05:52:10.757 [http-nio-9090-exec-8] DEBUG o.s.security.web.FilterChainProxy - Securing GET /public/products/fetchProducts
2025-11-30 05:52:10.757 [http-nio-9090-exec-5] DEBUG o.s.security.web.FilterChainProxy - Securing GET /public/products/fetchProducts
2025-11-30 05:52:10.757 [http-nio-9090-exec-6] DEBUG o.s.security.web.FilterChainProxy - Securing GET /customer/myprofile
2025-11-30 05:52:10.762 [http-nio-9090-exec-5] DEBUG c.a.b.config.JwtAuthenticationFilter - >>> Request GET /api/v1.0/public/products/fetchProducts
2025-11-30 05:52:10.762 [http-nio-9090-exec-7] DEBUG c.a.b.config.JwtAuthenticationFilter - >>> Request GET /api/v1.0/customer/myprofile
2025-11-30 05:52:10.762 [http-nio-9090-exec-6] DEBUG c.a.b.config.JwtAuthenticationFilter - >>> Request GET /api/v1.0/customer/myprofile
2025-11-30 05:52:10.762 [http-nio-9090-exec-8] DEBUG c.a.b.config.JwtAuthenticationFilter - >>> Request GET /api/v1.0/public/products/fetchProducts
2025-11-30 05:52:10.763 [http-nio-9090-exec-7] DEBUG c.a.b.config.JwtAuthenticationFilter - Token received (first 20 chars): eyJhbGciOiJIUzI1NiJ9...
2025-11-30 05:52:10.763 [http-nio-9090-exec-8] DEBUG c.a.b.config.JwtAuthenticationFilter - Token received (first 20 chars): eyJhbGciOiJIUzI1NiJ9...
2025-11-30 05:52:10.763 [http-nio-9090-exec-5] DEBUG c.a.b.config.JwtAuthenticationFilter - Token received (first 20 chars): eyJhbGciOiJIUzI1NiJ9...
2025-11-30 05:52:10.763 [http-nio-9090-exec-6] DEBUG c.a.b.config.JwtAuthenticationFilter - Token received (first 20 chars): eyJhbGciOiJIUzI1NiJ9...
2025-11-30 05:52:11.071 [http-nio-9090-exec-8] INFO  c.a.b.config.JwtAuthenticationFilter - Authorities for audrio8802@gmail.com: [ROLE_CUSTOMER]
2025-11-30 05:52:11.071 [http-nio-9090-exec-5] INFO  c.a.b.config.JwtAuthenticationFilter - Authorities for audrio8802@gmail.com: [ROLE_CUSTOMER]
2025-11-30 05:52:11.071 [http-nio-9090-exec-7] INFO  c.a.b.config.JwtAuthenticationFilter - Authorities for audrio8802@gmail.com: [ROLE_CUSTOMER]
2025-11-30 05:52:11.071 [http-nio-9090-exec-6] INFO  c.a.b.config.JwtAuthenticationFilter - Authorities for audrio8802@gmail.com: [ROLE_CUSTOMER]
2025-11-30 05:52:11.072 [http-nio-9090-exec-7] DEBUG c.a.b.config.JwtAuthenticationFilter - Authenticated user from JWT: audrio8802@gmail.com
2025-11-30 05:52:11.072 [http-nio-9090-exec-8] DEBUG c.a.b.config.JwtAuthenticationFilter - Authenticated user from JWT: audrio8802@gmail.com
2025-11-30 05:52:11.072 [http-nio-9090-exec-5] DEBUG c.a.b.config.JwtAuthenticationFilter - Authenticated user from JWT: audrio8802@gmail.com
2025-11-30 05:52:11.072 [http-nio-9090-exec-5] INFO  c.a.b.config.JwtAuthenticationFilter - Authenticated user: audrio8802@gmail.com
2025-11-30 05:52:11.072 [http-nio-9090-exec-8] INFO  c.a.b.config.JwtAuthenticationFilter - Authenticated user: audrio8802@gmail.com
2025-11-30 05:52:11.072 [http-nio-9090-exec-7] INFO  c.a.b.config.JwtAuthenticationFilter - Authenticated user: audrio8802@gmail.com
2025-11-30 05:52:11.072 [http-nio-9090-exec-5] INFO  c.a.b.config.JwtAuthenticationFilter - Authorities: [ROLE_CUSTOMER]
2025-11-30 05:52:11.072 [http-nio-9090-exec-8] INFO  c.a.b.config.JwtAuthenticationFilter - Authorities: [ROLE_CUSTOMER]
2025-11-30 05:52:11.072 [http-nio-9090-exec-6] DEBUG c.a.b.config.JwtAuthenticationFilter - Authenticated user from JWT: audrio8802@gmail.com
2025-11-30 05:52:11.072 [http-nio-9090-exec-6] INFO  c.a.b.config.JwtAuthenticationFilter - Authenticated user: audrio8802@gmail.com
2025-11-30 05:52:11.072 [http-nio-9090-exec-6] INFO  c.a.b.config.JwtAuthenticationFilter - Authorities: [ROLE_CUSTOMER]
2025-11-30 05:52:11.072 [http-nio-9090-exec-7] INFO  c.a.b.config.JwtAuthenticationFilter - Authorities: [ROLE_CUSTOMER]
2025-11-30 05:52:11.077 [http-nio-9090-exec-5] DEBUG o.s.security.web.FilterChainProxy - Secured GET /public/products/fetchProducts
2025-11-30 05:52:11.077 [http-nio-9090-exec-8] DEBUG o.s.security.web.FilterChainProxy - Secured GET /public/products/fetchProducts
2025-11-30 05:52:11.077 [http-nio-9090-exec-6] DEBUG o.s.security.web.FilterChainProxy - Secured GET /customer/myprofile
2025-11-30 05:52:11.077 [http-nio-9090-exec-7] DEBUG o.s.security.web.FilterChainProxy - Secured GET /customer/myprofile
2025-11-30 05:52:11.095 [http-nio-9090-exec-8] INFO  c.a.b.controller.ProductController - Method : GET | Endpoint : /public/products/fetchProducts | Payload : 200 OK
2025-11-30 05:52:11.095 [http-nio-9090-exec-5] INFO  c.a.b.controller.ProductController - Method : GET | Endpoint : /public/products/fetchProducts | Payload : 200 OK
2025-11-30 05:52:11.104 [http-nio-9090-exec-6] INFO  c.a.b.controller.CustomerController - Method : GET | Endpoint : /customer/myprofile | Payload : Bearer eyJhbGciOiJIUzI1NiJ9.eyJyb2xlIjoiQ1VTVE9NRVIiLCJwdXJwb3NlIjoiYWNjZXNzIiwic3ViIjoiYXVkcmlvODgwMkBnbWFpbC5jb20iLCJpYXQiOjE3NjQ0NTA3NTUsImV4cCI6MTc2NDUzNzE1NX0.NF7S5I2pgZvEF_ScdLmZq6zuhRA4p5dQm2FHP35hdYY
2025-11-30 05:52:11.104 [http-nio-9090-exec-7] INFO  c.a.b.controller.CustomerController - Method : GET | Endpoint : /customer/myprofile | Payload : Bearer eyJhbGciOiJIUzI1NiJ9.eyJyb2xlIjoiQ1VTVE9NRVIiLCJwdXJwb3NlIjoiYWNjZXNzIiwic3ViIjoiYXVkcmlvODgwMkBnbWFpbC5jb20iLCJpYXQiOjE3NjQ0NTA3NTUsImV4cCI6MTc2NDUzNzE1NX0.NF7S5I2pgZvEF_ScdLmZq6zuhRA4p5dQm2FHP35hdYY
2025-11-30 05:52:11.104 [http-nio-9090-exec-6] INFO  c.a.b.s.impl.CustomerServiceImpl - GET CUSTOMER PROFILE START | EMAIL: audrio8802@gmail.com
2025-11-30 05:52:11.104 [http-nio-9090-exec-7] INFO  c.a.b.s.impl.CustomerServiceImpl - GET CUSTOMER PROFILE START | EMAIL: audrio8802@gmail.com
2025-11-30 05:52:11.111 [http-nio-9090-exec-6] INFO  c.a.b.s.impl.CustomerServiceImpl - GET CUSTOMER PROFILE SUCCESS
2025-11-30 05:52:11.111 [http-nio-9090-exec-7] INFO  c.a.b.s.impl.CustomerServiceImpl - GET CUSTOMER PROFILE SUCCESS
2025-11-30 05:52:11.111 [http-nio-9090-exec-7] DEBUG c.a.b.s.impl.CustomerServiceImpl - Converting entity to response for customer ID: 49b697a8-c144-4145-a894-e32477c12451
2025-11-30 05:52:11.111 [http-nio-9090-exec-6] DEBUG c.a.b.s.impl.CustomerServiceImpl - Converting entity to response for customer ID: 49b697a8-c144-4145-a894-e32477c12451
2025-11-30 05:52:11.169 [http-nio-9090-exec-9] DEBUG o.s.security.web.FilterChainProxy - Securing OPTIONS /customer/cart/mycart/49b697a8-c144-4145-a894-e32477c12451
2025-11-30 05:52:11.174 [http-nio-9090-exec-10] DEBUG o.s.security.web.FilterChainProxy - Securing GET /customer/cart/mycart/49b697a8-c144-4145-a894-e32477c12451
2025-11-30 05:52:11.174 [http-nio-9090-exec-10] DEBUG c.a.b.config.JwtAuthenticationFilter - >>> Request GET /api/v1.0/customer/cart/mycart/49b697a8-c144-4145-a894-e32477c12451
2025-11-30 05:52:11.175 [http-nio-9090-exec-10] DEBUG c.a.b.config.JwtAuthenticationFilter - Token received (first 20 chars): eyJhbGciOiJIUzI1NiJ9...
2025-11-30 05:52:11.182 [http-nio-9090-exec-10] INFO  c.a.b.config.JwtAuthenticationFilter - Authorities for audrio8802@gmail.com: [ROLE_CUSTOMER]
2025-11-30 05:52:11.183 [http-nio-9090-exec-10] DEBUG c.a.b.config.JwtAuthenticationFilter - Authenticated user from JWT: audrio8802@gmail.com
2025-11-30 05:52:11.183 [http-nio-9090-exec-10] INFO  c.a.b.config.JwtAuthenticationFilter - Authenticated user: audrio8802@gmail.com
2025-11-30 05:52:11.183 [http-nio-9090-exec-10] INFO  c.a.b.config.JwtAuthenticationFilter - Authorities: [ROLE_CUSTOMER]
2025-11-30 05:52:11.183 [http-nio-9090-exec-10] DEBUG o.s.security.web.FilterChainProxy - Secured GET /customer/cart/mycart/49b697a8-c144-4145-a894-e32477c12451
2025-11-30 05:52:11.184 [http-nio-9090-exec-10] INFO  c.a.b.controller.CartController - GET /customer/mycart/49b697a8-c144-4145-a894-e32477c12451
2025-11-30 06:16:28.983 [http-nio-9090-exec-5] DEBUG o.s.security.web.FilterChainProxy - Securing OPTIONS /public/products/fetchProducts
2025-11-30 06:16:28.983 [http-nio-9090-exec-8] DEBUG o.s.security.web.FilterChainProxy - Securing OPTIONS /public/products/fetchProducts
2025-11-30 06:16:28.983 [http-nio-9090-exec-7] DEBUG o.s.security.web.FilterChainProxy - Securing OPTIONS /customer/myprofile
2025-11-30 06:16:28.983 [http-nio-9090-exec-6] DEBUG o.s.security.web.FilterChainProxy - Securing OPTIONS /customer/myprofile
2025-11-30 06:16:28.997 [http-nio-9090-exec-10] DEBUG o.s.security.web.FilterChainProxy - Securing GET /public/products/fetchProducts
2025-11-30 06:16:28.997 [http-nio-9090-exec-9] DEBUG o.s.security.web.FilterChainProxy - Securing GET /customer/myprofile
2025-11-30 06:16:28.997 [http-nio-9090-exec-3] DEBUG o.s.security.web.FilterChainProxy - Securing GET /customer/myprofile
2025-11-30 06:16:28.997 [http-nio-9090-exec-1] DEBUG o.s.security.web.FilterChainProxy - Securing GET /public/products/fetchProducts
2025-11-30 06:16:28.997 [http-nio-9090-exec-3] DEBUG c.a.b.config.JwtAuthenticationFilter - >>> Request GET /api/v1.0/customer/myprofile
2025-11-30 06:16:28.997 [http-nio-9090-exec-10] DEBUG c.a.b.config.JwtAuthenticationFilter - >>> Request GET /api/v1.0/public/products/fetchProducts
2025-11-30 06:16:28.997 [http-nio-9090-exec-1] DEBUG c.a.b.config.JwtAuthenticationFilter - >>> Request GET /api/v1.0/public/products/fetchProducts
2025-11-30 06:16:28.997 [http-nio-9090-exec-9] DEBUG c.a.b.config.JwtAuthenticationFilter - >>> Request GET /api/v1.0/customer/myprofile
2025-11-30 06:16:28.998 [http-nio-9090-exec-9] DEBUG c.a.b.config.JwtAuthenticationFilter - Token received (first 20 chars): eyJhbGciOiJIUzI1NiJ9...
2025-11-30 06:16:28.998 [http-nio-9090-exec-10] DEBUG c.a.b.config.JwtAuthenticationFilter - Token received (first 20 chars): eyJhbGciOiJIUzI1NiJ9...
2025-11-30 06:16:28.998 [http-nio-9090-exec-3] DEBUG c.a.b.config.JwtAuthenticationFilter - Token received (first 20 chars): eyJhbGciOiJIUzI1NiJ9...
2025-11-30 06:16:28.998 [http-nio-9090-exec-1] DEBUG c.a.b.config.JwtAuthenticationFilter - Token received (first 20 chars): eyJhbGciOiJIUzI1NiJ9...
2025-11-30 06:16:29.035 [http-nio-9090-exec-3] INFO  c.a.b.config.JwtAuthenticationFilter - Authorities for audrio8802@gmail.com: [ROLE_CUSTOMER]
2025-11-30 06:16:29.035 [http-nio-9090-exec-1] INFO  c.a.b.config.JwtAuthenticationFilter - Authorities for audrio8802@gmail.com: [ROLE_CUSTOMER]
2025-11-30 06:16:29.035 [http-nio-9090-exec-9] INFO  c.a.b.config.JwtAuthenticationFilter - Authorities for audrio8802@gmail.com: [ROLE_CUSTOMER]
2025-11-30 06:16:29.035 [http-nio-9090-exec-10] INFO  c.a.b.config.JwtAuthenticationFilter - Authorities for audrio8802@gmail.com: [ROLE_CUSTOMER]
2025-11-30 06:16:29.036 [http-nio-9090-exec-10] DEBUG c.a.b.config.JwtAuthenticationFilter - Authenticated user from JWT: audrio8802@gmail.com
2025-11-30 06:16:29.036 [http-nio-9090-exec-9] DEBUG c.a.b.config.JwtAuthenticationFilter - Authenticated user from JWT: audrio8802@gmail.com
2025-11-30 06:16:29.036 [http-nio-9090-exec-1] DEBUG c.a.b.config.JwtAuthenticationFilter - Authenticated user from JWT: audrio8802@gmail.com
2025-11-30 06:16:29.036 [http-nio-9090-exec-9] INFO  c.a.b.config.JwtAuthenticationFilter - Authenticated user: audrio8802@gmail.com
2025-11-30 06:16:29.036 [http-nio-9090-exec-3] DEBUG c.a.b.config.JwtAuthenticationFilter - Authenticated user from JWT: audrio8802@gmail.com
2025-11-30 06:16:29.036 [http-nio-9090-exec-9] INFO  c.a.b.config.JwtAuthenticationFilter - Authorities: [ROLE_CUSTOMER]
2025-11-30 06:16:29.036 [http-nio-9090-exec-10] INFO  c.a.b.config.JwtAuthenticationFilter - Authenticated user: audrio8802@gmail.com
2025-11-30 06:16:29.036 [http-nio-9090-exec-1] INFO  c.a.b.config.JwtAuthenticationFilter - Authenticated user: audrio8802@gmail.com
2025-11-30 06:16:29.036 [http-nio-9090-exec-3] INFO  c.a.b.config.JwtAuthenticationFilter - Authenticated user: audrio8802@gmail.com
2025-11-30 06:16:29.036 [http-nio-9090-exec-10] INFO  c.a.b.config.JwtAuthenticationFilter - Authorities: [ROLE_CUSTOMER]
2025-11-30 06:16:29.036 [http-nio-9090-exec-1] INFO  c.a.b.config.JwtAuthenticationFilter - Authorities: [ROLE_CUSTOMER]
2025-11-30 06:16:29.036 [http-nio-9090-exec-3] INFO  c.a.b.config.JwtAuthenticationFilter - Authorities: [ROLE_CUSTOMER]
2025-11-30 06:16:29.036 [http-nio-9090-exec-10] DEBUG o.s.security.web.FilterChainProxy - Secured GET /public/products/fetchProducts
2025-11-30 06:16:29.036 [http-nio-9090-exec-1] DEBUG o.s.security.web.FilterChainProxy - Secured GET /public/products/fetchProducts
2025-11-30 06:16:29.036 [http-nio-9090-exec-9] DEBUG o.s.security.web.FilterChainProxy - Secured GET /customer/myprofile
2025-11-30 06:16:29.036 [http-nio-9090-exec-3] DEBUG o.s.security.web.FilterChainProxy - Secured GET /customer/myprofile
2025-11-30 06:16:29.044 [http-nio-9090-exec-10] INFO  c.a.b.controller.ProductController - Method : GET | Endpoint : /public/products/fetchProducts | Payload : 200 OK
2025-11-30 06:16:29.044 [http-nio-9090-exec-1] INFO  c.a.b.controller.ProductController - Method : GET | Endpoint : /public/products/fetchProducts | Payload : 200 OK
2025-11-30 06:16:29.046 [http-nio-9090-exec-3] INFO  c.a.b.controller.CustomerController - Method : GET | Endpoint : /customer/myprofile | Payload : Bearer eyJhbGciOiJIUzI1NiJ9.eyJyb2xlIjoiQ1VTVE9NRVIiLCJwdXJwb3NlIjoiYWNjZXNzIiwic3ViIjoiYXVkcmlvODgwMkBnbWFpbC5jb20iLCJpYXQiOjE3NjQ0NTA3NTUsImV4cCI6MTc2NDUzNzE1NX0.NF7S5I2pgZvEF_ScdLmZq6zuhRA4p5dQm2FHP35hdYY
2025-11-30 06:16:29.046 [http-nio-9090-exec-9] INFO  c.a.b.controller.CustomerController - Method : GET | Endpoint : /customer/myprofile | Payload : Bearer eyJhbGciOiJIUzI1NiJ9.eyJyb2xlIjoiQ1VTVE9NRVIiLCJwdXJwb3NlIjoiYWNjZXNzIiwic3ViIjoiYXVkcmlvODgwMkBnbWFpbC5jb20iLCJpYXQiOjE3NjQ0NTA3NTUsImV4cCI6MTc2NDUzNzE1NX0.NF7S5I2pgZvEF_ScdLmZq6zuhRA4p5dQm2FHP35hdYY
2025-11-30 06:16:29.047 [http-nio-9090-exec-9] INFO  c.a.b.s.impl.CustomerServiceImpl - GET CUSTOMER PROFILE START | EMAIL: audrio8802@gmail.com
2025-11-30 06:16:29.047 [http-nio-9090-exec-3] INFO  c.a.b.s.impl.CustomerServiceImpl - GET CUSTOMER PROFILE START | EMAIL: audrio8802@gmail.com
2025-11-30 06:16:29.052 [http-nio-9090-exec-3] INFO  c.a.b.s.impl.CustomerServiceImpl - GET CUSTOMER PROFILE SUCCESS
2025-11-30 06:16:29.052 [http-nio-9090-exec-9] INFO  c.a.b.s.impl.CustomerServiceImpl - GET CUSTOMER PROFILE SUCCESS
2025-11-30 06:16:29.052 [http-nio-9090-exec-3] DEBUG c.a.b.s.impl.CustomerServiceImpl - Converting entity to response for customer ID: 49b697a8-c144-4145-a894-e32477c12451
2025-11-30 06:16:29.052 [http-nio-9090-exec-9] DEBUG c.a.b.s.impl.CustomerServiceImpl - Converting entity to response for customer ID: 49b697a8-c144-4145-a894-e32477c12451
2025-11-30 06:16:29.071 [http-nio-9090-exec-2] DEBUG o.s.security.web.FilterChainProxy - Securing OPTIONS /customer/cart/mycart/49b697a8-c144-4145-a894-e32477c12451
2025-11-30 06:16:29.086 [http-nio-9090-exec-4] DEBUG o.s.security.web.FilterChainProxy - Securing GET /customer/cart/mycart/49b697a8-c144-4145-a894-e32477c12451
2025-11-30 06:16:29.086 [http-nio-9090-exec-4] DEBUG c.a.b.config.JwtAuthenticationFilter - >>> Request GET /api/v1.0/customer/cart/mycart/49b697a8-c144-4145-a894-e32477c12451
2025-11-30 06:16:29.087 [http-nio-9090-exec-4] DEBUG c.a.b.config.JwtAuthenticationFilter - Token received (first 20 chars): eyJhbGciOiJIUzI1NiJ9...
2025-11-30 06:16:29.100 [http-nio-9090-exec-4] INFO  c.a.b.config.JwtAuthenticationFilter - Authorities for audrio8802@gmail.com: [ROLE_CUSTOMER]
2025-11-30 06:16:29.101 [http-nio-9090-exec-4] DEBUG c.a.b.config.JwtAuthenticationFilter - Authenticated user from JWT: audrio8802@gmail.com
2025-11-30 06:16:29.101 [http-nio-9090-exec-4] INFO  c.a.b.config.JwtAuthenticationFilter - Authenticated user: audrio8802@gmail.com
2025-11-30 06:16:29.101 [http-nio-9090-exec-4] INFO  c.a.b.config.JwtAuthenticationFilter - Authorities: [ROLE_CUSTOMER]
2025-11-30 06:16:29.102 [http-nio-9090-exec-4] DEBUG o.s.security.web.FilterChainProxy - Secured GET /customer/cart/mycart/49b697a8-c144-4145-a894-e32477c12451
2025-11-30 06:16:29.103 [http-nio-9090-exec-4] INFO  c.a.b.controller.CartController - GET /customer/mycart/49b697a8-c144-4145-a894-e32477c12451
2025-11-30 06:22:20.864 [http-nio-9090-exec-9] DEBUG o.s.security.web.FilterChainProxy - Securing OPTIONS /public/products/fetchProducts
2025-11-30 06:22:20.864 [http-nio-9090-exec-10] DEBUG o.s.security.web.FilterChainProxy - Securing OPTIONS /public/products/fetchProducts
2025-11-30 06:22:20.864 [http-nio-9090-exec-1] DEBUG o.s.security.web.FilterChainProxy - Securing OPTIONS /customer/myprofile
2025-11-30 06:22:20.864 [http-nio-9090-exec-3] DEBUG o.s.security.web.FilterChainProxy - Securing OPTIONS /customer/myprofile
2025-11-30 06:22:20.868 [http-nio-9090-exec-4] DEBUG o.s.security.web.FilterChainProxy - Securing GET /public/products/fetchProducts
2025-11-30 06:22:20.868 [http-nio-9090-exec-2] DEBUG o.s.security.web.FilterChainProxy - Securing GET /customer/myprofile
2025-11-30 06:22:20.868 [http-nio-9090-exec-7] DEBUG o.s.security.web.FilterChainProxy - Securing GET /public/products/fetchProducts
2025-11-30 06:22:20.869 [http-nio-9090-exec-5] DEBUG o.s.security.web.FilterChainProxy - Securing GET /customer/myprofile
2025-11-30 06:22:20.869 [http-nio-9090-exec-2] DEBUG c.a.b.config.JwtAuthenticationFilter - >>> Request GET /api/v1.0/customer/myprofile
2025-11-30 06:22:20.869 [http-nio-9090-exec-7] DEBUG c.a.b.config.JwtAuthenticationFilter - >>> Request GET /api/v1.0/public/products/fetchProducts
2025-11-30 06:22:20.869 [http-nio-9090-exec-4] DEBUG c.a.b.config.JwtAuthenticationFilter - >>> Request GET /api/v1.0/public/products/fetchProducts
2025-11-30 06:22:20.869 [http-nio-9090-exec-7] DEBUG c.a.b.config.JwtAuthenticationFilter - Token received (first 20 chars): eyJhbGciOiJIUzI1NiJ9...
2025-11-30 06:22:20.869 [http-nio-9090-exec-2] DEBUG c.a.b.config.JwtAuthenticationFilter - Token received (first 20 chars): eyJhbGciOiJIUzI1NiJ9...
2025-11-30 06:22:20.869 [http-nio-9090-exec-4] DEBUG c.a.b.config.JwtAuthenticationFilter - Token received (first 20 chars): eyJhbGciOiJIUzI1NiJ9...
2025-11-30 06:22:20.869 [http-nio-9090-exec-5] DEBUG c.a.b.config.JwtAuthenticationFilter - >>> Request GET /api/v1.0/customer/myprofile
2025-11-30 06:22:20.869 [http-nio-9090-exec-5] DEBUG c.a.b.config.JwtAuthenticationFilter - Token received (first 20 chars): eyJhbGciOiJIUzI1NiJ9...
2025-11-30 06:22:20.878 [http-nio-9090-exec-5] INFO  c.a.b.config.JwtAuthenticationFilter - Authorities for audrio8802@gmail.com: [ROLE_CUSTOMER]
2025-11-30 06:22:20.878 [http-nio-9090-exec-2] INFO  c.a.b.config.JwtAuthenticationFilter - Authorities for audrio8802@gmail.com: [ROLE_CUSTOMER]
2025-11-30 06:22:20.878 [http-nio-9090-exec-4] INFO  c.a.b.config.JwtAuthenticationFilter - Authorities for audrio8802@gmail.com: [ROLE_CUSTOMER]
2025-11-30 06:22:20.878 [http-nio-9090-exec-7] INFO  c.a.b.config.JwtAuthenticationFilter - Authorities for audrio8802@gmail.com: [ROLE_CUSTOMER]
2025-11-30 06:22:20.878 [http-nio-9090-exec-5] DEBUG c.a.b.config.JwtAuthenticationFilter - Authenticated user from JWT: audrio8802@gmail.com
2025-11-30 06:22:20.878 [http-nio-9090-exec-5] INFO  c.a.b.config.JwtAuthenticationFilter - Authenticated user: audrio8802@gmail.com
2025-11-30 06:22:20.878 [http-nio-9090-exec-5] INFO  c.a.b.config.JwtAuthenticationFilter - Authorities: [ROLE_CUSTOMER]
2025-11-30 06:22:20.878 [http-nio-9090-exec-2] DEBUG c.a.b.config.JwtAuthenticationFilter - Authenticated user from JWT: audrio8802@gmail.com
2025-11-30 06:22:20.878 [http-nio-9090-exec-2] INFO  c.a.b.config.JwtAuthenticationFilter - Authenticated user: audrio8802@gmail.com
2025-11-30 06:22:20.878 [http-nio-9090-exec-2] INFO  c.a.b.config.JwtAuthenticationFilter - Authorities: [ROLE_CUSTOMER]
2025-11-30 06:22:20.878 [http-nio-9090-exec-7] DEBUG c.a.b.config.JwtAuthenticationFilter - Authenticated user from JWT: audrio8802@gmail.com
2025-11-30 06:22:20.878 [http-nio-9090-exec-4] DEBUG c.a.b.config.JwtAuthenticationFilter - Authenticated user from JWT: audrio8802@gmail.com
2025-11-30 06:22:20.878 [http-nio-9090-exec-7] INFO  c.a.b.config.JwtAuthenticationFilter - Authenticated user: audrio8802@gmail.com
2025-11-30 06:22:20.878 [http-nio-9090-exec-4] INFO  c.a.b.config.JwtAuthenticationFilter - Authenticated user: audrio8802@gmail.com
2025-11-30 06:22:20.878 [http-nio-9090-exec-7] INFO  c.a.b.config.JwtAuthenticationFilter - Authorities: [ROLE_CUSTOMER]
2025-11-30 06:22:20.878 [http-nio-9090-exec-4] INFO  c.a.b.config.JwtAuthenticationFilter - Authorities: [ROLE_CUSTOMER]
2025-11-30 06:22:20.878 [http-nio-9090-exec-5] DEBUG o.s.security.web.FilterChainProxy - Secured GET /customer/myprofile
2025-11-30 06:22:20.878 [http-nio-9090-exec-2] DEBUG o.s.security.web.FilterChainProxy - Secured GET /customer/myprofile
2025-11-30 06:22:20.878 [http-nio-9090-exec-4] DEBUG o.s.security.web.FilterChainProxy - Secured GET /public/products/fetchProducts
2025-11-30 06:22:20.878 [http-nio-9090-exec-7] DEBUG o.s.security.web.FilterChainProxy - Secured GET /public/products/fetchProducts
2025-11-30 06:22:20.879 [http-nio-9090-exec-4] INFO  c.a.b.controller.ProductController - Method : GET | Endpoint : /public/products/fetchProducts | Payload : 200 OK
2025-11-30 06:22:20.879 [http-nio-9090-exec-7] INFO  c.a.b.controller.ProductController - Method : GET | Endpoint : /public/products/fetchProducts | Payload : 200 OK
2025-11-30 06:22:20.879 [http-nio-9090-exec-5] INFO  c.a.b.controller.CustomerController - Method : GET | Endpoint : /customer/myprofile | Payload : Bearer eyJhbGciOiJIUzI1NiJ9.eyJyb2xlIjoiQ1VTVE9NRVIiLCJwdXJwb3NlIjoiYWNjZXNzIiwic3ViIjoiYXVkcmlvODgwMkBnbWFpbC5jb20iLCJpYXQiOjE3NjQ0NTA3NTUsImV4cCI6MTc2NDUzNzE1NX0.NF7S5I2pgZvEF_ScdLmZq6zuhRA4p5dQm2FHP35hdYY
2025-11-30 06:22:20.879 [http-nio-9090-exec-2] INFO  c.a.b.controller.CustomerController - Method : GET | Endpoint : /customer/myprofile | Payload : Bearer eyJhbGciOiJIUzI1NiJ9.eyJyb2xlIjoiQ1VTVE9NRVIiLCJwdXJwb3NlIjoiYWNjZXNzIiwic3ViIjoiYXVkcmlvODgwMkBnbWFpbC5jb20iLCJpYXQiOjE3NjQ0NTA3NTUsImV4cCI6MTc2NDUzNzE1NX0.NF7S5I2pgZvEF_ScdLmZq6zuhRA4p5dQm2FHP35hdYY
2025-11-30 06:22:20.879 [http-nio-9090-exec-2] INFO  c.a.b.s.impl.CustomerServiceImpl - GET CUSTOMER PROFILE START | EMAIL: audrio8802@gmail.com
2025-11-30 06:22:20.879 [http-nio-9090-exec-5] INFO  c.a.b.s.impl.CustomerServiceImpl - GET CUSTOMER PROFILE START | EMAIL: audrio8802@gmail.com
2025-11-30 06:22:20.883 [http-nio-9090-exec-2] INFO  c.a.b.s.impl.CustomerServiceImpl - GET CUSTOMER PROFILE SUCCESS
2025-11-30 06:22:20.883 [http-nio-9090-exec-2] DEBUG c.a.b.s.impl.CustomerServiceImpl - Converting entity to response for customer ID: 49b697a8-c144-4145-a894-e32477c12451
2025-11-30 06:22:20.883 [http-nio-9090-exec-5] INFO  c.a.b.s.impl.CustomerServiceImpl - GET CUSTOMER PROFILE SUCCESS
2025-11-30 06:22:20.883 [http-nio-9090-exec-5] DEBUG c.a.b.s.impl.CustomerServiceImpl - Converting entity to response for customer ID: 49b697a8-c144-4145-a894-e32477c12451
2025-11-30 06:22:20.910 [http-nio-9090-exec-6] DEBUG o.s.security.web.FilterChainProxy - Securing OPTIONS /customer/cart/mycart/49b697a8-c144-4145-a894-e32477c12451
2025-11-30 06:22:20.917 [http-nio-9090-exec-8] DEBUG o.s.security.web.FilterChainProxy - Securing GET /customer/cart/mycart/49b697a8-c144-4145-a894-e32477c12451
2025-11-30 06:22:20.918 [http-nio-9090-exec-8] DEBUG c.a.b.config.JwtAuthenticationFilter - >>> Request GET /api/v1.0/customer/cart/mycart/49b697a8-c144-4145-a894-e32477c12451
2025-11-30 06:22:20.918 [http-nio-9090-exec-8] DEBUG c.a.b.config.JwtAuthenticationFilter - Token received (first 20 chars): eyJhbGciOiJIUzI1NiJ9...
2025-11-30 06:22:20.928 [http-nio-9090-exec-8] INFO  c.a.b.config.JwtAuthenticationFilter - Authorities for audrio8802@gmail.com: [ROLE_CUSTOMER]
2025-11-30 06:22:20.928 [http-nio-9090-exec-8] DEBUG c.a.b.config.JwtAuthenticationFilter - Authenticated user from JWT: audrio8802@gmail.com
2025-11-30 06:22:20.928 [http-nio-9090-exec-8] INFO  c.a.b.config.JwtAuthenticationFilter - Authenticated user: audrio8802@gmail.com
2025-11-30 06:22:20.928 [http-nio-9090-exec-8] INFO  c.a.b.config.JwtAuthenticationFilter - Authorities: [ROLE_CUSTOMER]
2025-11-30 06:22:20.929 [http-nio-9090-exec-8] DEBUG o.s.security.web.FilterChainProxy - Secured GET /customer/cart/mycart/49b697a8-c144-4145-a894-e32477c12451
2025-11-30 06:22:20.930 [http-nio-9090-exec-8] INFO  c.a.b.controller.CartController - GET /customer/mycart/49b697a8-c144-4145-a894-e32477c12451
2025-11-30 06:29:32.558 [http-nio-9090-exec-5] DEBUG o.s.security.web.FilterChainProxy - Securing OPTIONS /customer/myprofile
2025-11-30 06:29:32.558 [http-nio-9090-exec-7] DEBUG o.s.security.web.FilterChainProxy - Securing OPTIONS /customer/myprofile
2025-11-30 06:29:32.558 [http-nio-9090-exec-4] DEBUG o.s.security.web.FilterChainProxy - Securing OPTIONS /public/products/fetchProducts
2025-11-30 06:29:32.558 [http-nio-9090-exec-2] DEBUG o.s.security.web.FilterChainProxy - Securing OPTIONS /public/products/fetchProducts
2025-11-30 06:29:32.562 [http-nio-9090-exec-6] DEBUG o.s.security.web.FilterChainProxy - Securing GET /customer/myprofile
2025-11-30 06:29:32.562 [http-nio-9090-exec-6] DEBUG c.a.b.config.JwtAuthenticationFilter - >>> Request GET /api/v1.0/customer/myprofile
2025-11-30 06:29:32.562 [http-nio-9090-exec-6] DEBUG c.a.b.config.JwtAuthenticationFilter - Token received (first 20 chars): eyJhbGciOiJIUzI1NiJ9...
2025-11-30 06:29:32.562 [http-nio-9090-exec-9] DEBUG o.s.security.web.FilterChainProxy - Securing GET /customer/myprofile
2025-11-30 06:29:32.562 [http-nio-9090-exec-8] DEBUG o.s.security.web.FilterChainProxy - Securing GET /public/products/fetchProducts
2025-11-30 06:29:32.562 [http-nio-9090-exec-3] DEBUG o.s.security.web.FilterChainProxy - Securing GET /public/products/fetchProducts
2025-11-30 06:29:32.562 [http-nio-9090-exec-3] DEBUG c.a.b.config.JwtAuthenticationFilter - >>> Request GET /api/v1.0/public/products/fetchProducts
2025-11-30 06:29:32.562 [http-nio-9090-exec-9] DEBUG c.a.b.config.JwtAuthenticationFilter - >>> Request GET /api/v1.0/customer/myprofile
2025-11-30 06:29:32.562 [http-nio-9090-exec-8] DEBUG c.a.b.config.JwtAuthenticationFilter - >>> Request GET /api/v1.0/public/products/fetchProducts
2025-11-30 06:29:32.562 [http-nio-9090-exec-9] DEBUG c.a.b.config.JwtAuthenticationFilter - Token received (first 20 chars): eyJhbGciOiJIUzI1NiJ9...
2025-11-30 06:29:32.562 [http-nio-9090-exec-8] DEBUG c.a.b.config.JwtAuthenticationFilter - Token received (first 20 chars): eyJhbGciOiJIUzI1NiJ9...
2025-11-30 06:29:32.562 [http-nio-9090-exec-3] DEBUG c.a.b.config.JwtAuthenticationFilter - Token received (first 20 chars): eyJhbGciOiJIUzI1NiJ9...
2025-11-30 06:29:32.568 [http-nio-9090-exec-3] INFO  c.a.b.config.JwtAuthenticationFilter - Authorities for audrio8802@gmail.com: [ROLE_CUSTOMER]
2025-11-30 06:29:32.569 [http-nio-9090-exec-3] DEBUG c.a.b.config.JwtAuthenticationFilter - Authenticated user from JWT: audrio8802@gmail.com
2025-11-30 06:29:32.569 [http-nio-9090-exec-3] INFO  c.a.b.config.JwtAuthenticationFilter - Authenticated user: audrio8802@gmail.com
2025-11-30 06:29:32.569 [http-nio-9090-exec-3] INFO  c.a.b.config.JwtAuthenticationFilter - Authorities: [ROLE_CUSTOMER]
2025-11-30 06:29:32.569 [http-nio-9090-exec-3] DEBUG o.s.security.web.FilterChainProxy - Secured GET /public/products/fetchProducts
2025-11-30 06:29:32.570 [http-nio-9090-exec-3] INFO  c.a.b.controller.ProductController - Method : GET | Endpoint : /public/products/fetchProducts | Payload : 200 OK
2025-11-30 06:29:32.571 [http-nio-9090-exec-8] INFO  c.a.b.config.JwtAuthenticationFilter - Authorities for audrio8802@gmail.com: [ROLE_CUSTOMER]
2025-11-30 06:29:32.572 [http-nio-9090-exec-6] INFO  c.a.b.config.JwtAuthenticationFilter - Authorities for audrio8802@gmail.com: [ROLE_CUSTOMER]
2025-11-30 06:29:32.572 [http-nio-9090-exec-8] DEBUG c.a.b.config.JwtAuthenticationFilter - Authenticated user from JWT: audrio8802@gmail.com
2025-11-30 06:29:32.572 [http-nio-9090-exec-8] INFO  c.a.b.config.JwtAuthenticationFilter - Authenticated user: audrio8802@gmail.com
2025-11-30 06:29:32.572 [http-nio-9090-exec-8] INFO  c.a.b.config.JwtAuthenticationFilter - Authorities: [ROLE_CUSTOMER]
2025-11-30 06:29:32.572 [http-nio-9090-exec-8] DEBUG o.s.security.web.FilterChainProxy - Secured GET /public/products/fetchProducts
2025-11-30 06:29:32.572 [http-nio-9090-exec-6] DEBUG c.a.b.config.JwtAuthenticationFilter - Authenticated user from JWT: audrio8802@gmail.com
2025-11-30 06:29:32.572 [http-nio-9090-exec-6] INFO  c.a.b.config.JwtAuthenticationFilter - Authenticated user: audrio8802@gmail.com
2025-11-30 06:29:32.572 [http-nio-9090-exec-6] INFO  c.a.b.config.JwtAuthenticationFilter - Authorities: [ROLE_CUSTOMER]
2025-11-30 06:29:32.572 [http-nio-9090-exec-6] DEBUG o.s.security.web.FilterChainProxy - Secured GET /customer/myprofile
2025-11-30 06:29:32.572 [http-nio-9090-exec-8] INFO  c.a.b.controller.ProductController - Method : GET | Endpoint : /public/products/fetchProducts | Payload : 200 OK
2025-11-30 06:29:32.573 [http-nio-9090-exec-9] INFO  c.a.b.config.JwtAuthenticationFilter - Authorities for audrio8802@gmail.com: [ROLE_CUSTOMER]
2025-11-30 06:29:32.573 [http-nio-9090-exec-6] INFO  c.a.b.controller.CustomerController - Method : GET | Endpoint : /customer/myprofile | Payload : Bearer eyJhbGciOiJIUzI1NiJ9.eyJyb2xlIjoiQ1VTVE9NRVIiLCJwdXJwb3NlIjoiYWNjZXNzIiwic3ViIjoiYXVkcmlvODgwMkBnbWFpbC5jb20iLCJpYXQiOjE3NjQ0NTA3NTUsImV4cCI6MTc2NDUzNzE1NX0.NF7S5I2pgZvEF_ScdLmZq6zuhRA4p5dQm2FHP35hdYY
2025-11-30 06:29:32.573 [http-nio-9090-exec-9] DEBUG c.a.b.config.JwtAuthenticationFilter - Authenticated user from JWT: audrio8802@gmail.com
2025-11-30 06:29:32.573 [http-nio-9090-exec-6] INFO  c.a.b.s.impl.CustomerServiceImpl - GET CUSTOMER PROFILE START | EMAIL: audrio8802@gmail.com
2025-11-30 06:29:32.573 [http-nio-9090-exec-9] INFO  c.a.b.config.JwtAuthenticationFilter - Authenticated user: audrio8802@gmail.com
2025-11-30 06:29:32.573 [http-nio-9090-exec-9] INFO  c.a.b.config.JwtAuthenticationFilter - Authorities: [ROLE_CUSTOMER]
2025-11-30 06:29:32.573 [http-nio-9090-exec-9] DEBUG o.s.security.web.FilterChainProxy - Secured GET /customer/myprofile
2025-11-30 06:29:32.573 [http-nio-9090-exec-9] INFO  c.a.b.controller.CustomerController - Method : GET | Endpoint : /customer/myprofile | Payload : Bearer eyJhbGciOiJIUzI1NiJ9.eyJyb2xlIjoiQ1VTVE9NRVIiLCJwdXJwb3NlIjoiYWNjZXNzIiwic3ViIjoiYXVkcmlvODgwMkBnbWFpbC5jb20iLCJpYXQiOjE3NjQ0NTA3NTUsImV4cCI6MTc2NDUzNzE1NX0.NF7S5I2pgZvEF_ScdLmZq6zuhRA4p5dQm2FHP35hdYY
2025-11-30 06:29:32.573 [http-nio-9090-exec-9] INFO  c.a.b.s.impl.CustomerServiceImpl - GET CUSTOMER PROFILE START | EMAIL: audrio8802@gmail.com
2025-11-30 06:29:32.576 [http-nio-9090-exec-6] INFO  c.a.b.s.impl.CustomerServiceImpl - GET CUSTOMER PROFILE SUCCESS
2025-11-30 06:29:32.576 [http-nio-9090-exec-6] DEBUG c.a.b.s.impl.CustomerServiceImpl - Converting entity to response for customer ID: 49b697a8-c144-4145-a894-e32477c12451
2025-11-30 06:29:32.576 [http-nio-9090-exec-9] INFO  c.a.b.s.impl.CustomerServiceImpl - GET CUSTOMER PROFILE SUCCESS
2025-11-30 06:29:32.576 [http-nio-9090-exec-9] DEBUG c.a.b.s.impl.CustomerServiceImpl - Converting entity to response for customer ID: 49b697a8-c144-4145-a894-e32477c12451
2025-11-30 06:29:32.593 [http-nio-9090-exec-10] DEBUG o.s.security.web.FilterChainProxy - Securing OPTIONS /customer/cart/mycart/49b697a8-c144-4145-a894-e32477c12451
2025-11-30 06:29:32.595 [http-nio-9090-exec-1] DEBUG o.s.security.web.FilterChainProxy - Securing GET /customer/cart/mycart/49b697a8-c144-4145-a894-e32477c12451
2025-11-30 06:29:32.595 [http-nio-9090-exec-1] DEBUG c.a.b.config.JwtAuthenticationFilter - >>> Request GET /api/v1.0/customer/cart/mycart/49b697a8-c144-4145-a894-e32477c12451
2025-11-30 06:29:32.595 [http-nio-9090-exec-1] DEBUG c.a.b.config.JwtAuthenticationFilter - Token received (first 20 chars): eyJhbGciOiJIUzI1NiJ9...
2025-11-30 06:29:32.600 [http-nio-9090-exec-1] INFO  c.a.b.config.JwtAuthenticationFilter - Authorities for audrio8802@gmail.com: [ROLE_CUSTOMER]
2025-11-30 06:29:32.600 [http-nio-9090-exec-1] DEBUG c.a.b.config.JwtAuthenticationFilter - Authenticated user from JWT: audrio8802@gmail.com
2025-11-30 06:29:32.600 [http-nio-9090-exec-1] INFO  c.a.b.config.JwtAuthenticationFilter - Authenticated user: audrio8802@gmail.com
2025-11-30 06:29:32.600 [http-nio-9090-exec-1] INFO  c.a.b.config.JwtAuthenticationFilter - Authorities: [ROLE_CUSTOMER]
2025-11-30 06:29:32.601 [http-nio-9090-exec-1] DEBUG o.s.security.web.FilterChainProxy - Secured GET /customer/cart/mycart/49b697a8-c144-4145-a894-e32477c12451
2025-11-30 06:29:32.601 [http-nio-9090-exec-1] INFO  c.a.b.controller.CartController - GET /customer/mycart/49b697a8-c144-4145-a894-e32477c12451
2025-11-30 06:29:46.965 [http-nio-9090-exec-5] DEBUG o.s.security.web.FilterChainProxy - Securing OPTIONS /customer/myprofile
2025-11-30 06:29:46.965 [http-nio-9090-exec-7] DEBUG o.s.security.web.FilterChainProxy - Securing OPTIONS /customer/myprofile
2025-11-30 06:29:46.965 [http-nio-9090-exec-2] DEBUG o.s.security.web.FilterChainProxy - Securing OPTIONS /public/products/fetchProducts
2025-11-30 06:29:46.965 [http-nio-9090-exec-4] DEBUG o.s.security.web.FilterChainProxy - Securing OPTIONS /public/products/fetchProducts
2025-11-30 06:29:46.969 [http-nio-9090-exec-3] DEBUG o.s.security.web.FilterChainProxy - Securing GET /customer/myprofile
2025-11-30 06:29:46.969 [http-nio-9090-exec-6] DEBUG o.s.security.web.FilterChainProxy - Securing GET /public/products/fetchProducts
2025-11-30 06:29:46.969 [http-nio-9090-exec-9] DEBUG o.s.security.web.FilterChainProxy - Securing GET /customer/myprofile
2025-11-30 06:29:46.969 [http-nio-9090-exec-8] DEBUG o.s.security.web.FilterChainProxy - Securing GET /public/products/fetchProducts
2025-11-30 06:29:46.969 [http-nio-9090-exec-3] DEBUG c.a.b.config.JwtAuthenticationFilter - >>> Request GET /api/v1.0/customer/myprofile
2025-11-30 06:29:46.969 [http-nio-9090-exec-6] DEBUG c.a.b.config.JwtAuthenticationFilter - >>> Request GET /api/v1.0/public/products/fetchProducts
2025-11-30 06:29:46.969 [http-nio-9090-exec-8] DEBUG c.a.b.config.JwtAuthenticationFilter - >>> Request GET /api/v1.0/public/products/fetchProducts
2025-11-30 06:29:46.969 [http-nio-9090-exec-9] DEBUG c.a.b.config.JwtAuthenticationFilter - >>> Request GET /api/v1.0/customer/myprofile
2025-11-30 06:29:46.969 [http-nio-9090-exec-9] DEBUG c.a.b.config.JwtAuthenticationFilter - Token received (first 20 chars): eyJhbGciOiJIUzI1NiJ9...
2025-11-30 06:29:46.969 [http-nio-9090-exec-8] DEBUG c.a.b.config.JwtAuthenticationFilter - Token received (first 20 chars): eyJhbGciOiJIUzI1NiJ9...
2025-11-30 06:29:46.969 [http-nio-9090-exec-3] DEBUG c.a.b.config.JwtAuthenticationFilter - Token received (first 20 chars): eyJhbGciOiJIUzI1NiJ9...
2025-11-30 06:29:46.969 [http-nio-9090-exec-6] DEBUG c.a.b.config.JwtAuthenticationFilter - Token received (first 20 chars): eyJhbGciOiJIUzI1NiJ9...
2025-11-30 06:29:46.977 [http-nio-9090-exec-3] INFO  c.a.b.config.JwtAuthenticationFilter - Authorities for audrio8802@gmail.com: [ROLE_CUSTOMER]
2025-11-30 06:29:46.977 [http-nio-9090-exec-8] INFO  c.a.b.config.JwtAuthenticationFilter - Authorities for audrio8802@gmail.com: [ROLE_CUSTOMER]
2025-11-30 06:29:46.977 [http-nio-9090-exec-6] INFO  c.a.b.config.JwtAuthenticationFilter - Authorities for audrio8802@gmail.com: [ROLE_CUSTOMER]
2025-11-30 06:29:46.977 [http-nio-9090-exec-9] INFO  c.a.b.config.JwtAuthenticationFilter - Authorities for audrio8802@gmail.com: [ROLE_CUSTOMER]
2025-11-30 06:29:46.977 [http-nio-9090-exec-6] DEBUG c.a.b.config.JwtAuthenticationFilter - Authenticated user from JWT: audrio8802@gmail.com
2025-11-30 06:29:46.977 [http-nio-9090-exec-8] DEBUG c.a.b.config.JwtAuthenticationFilter - Authenticated user from JWT: audrio8802@gmail.com
2025-11-30 06:29:46.977 [http-nio-9090-exec-6] INFO  c.a.b.config.JwtAuthenticationFilter - Authenticated user: audrio8802@gmail.com
2025-11-30 06:29:46.977 [http-nio-9090-exec-8] INFO  c.a.b.config.JwtAuthenticationFilter - Authenticated user: audrio8802@gmail.com
2025-11-30 06:29:46.977 [http-nio-9090-exec-6] INFO  c.a.b.config.JwtAuthenticationFilter - Authorities: [ROLE_CUSTOMER]
2025-11-30 06:29:46.977 [http-nio-9090-exec-8] INFO  c.a.b.config.JwtAuthenticationFilter - Authorities: [ROLE_CUSTOMER]
2025-11-30 06:29:46.977 [http-nio-9090-exec-3] DEBUG c.a.b.config.JwtAuthenticationFilter - Authenticated user from JWT: audrio8802@gmail.com
2025-11-30 06:29:46.977 [http-nio-9090-exec-3] INFO  c.a.b.config.JwtAuthenticationFilter - Authenticated user: audrio8802@gmail.com
2025-11-30 06:29:46.977 [http-nio-9090-exec-3] INFO  c.a.b.config.JwtAuthenticationFilter - Authorities: [ROLE_CUSTOMER]
2025-11-30 06:29:46.977 [http-nio-9090-exec-9] DEBUG c.a.b.config.JwtAuthenticationFilter - Authenticated user from JWT: audrio8802@gmail.com
2025-11-30 06:29:46.977 [http-nio-9090-exec-8] DEBUG o.s.security.web.FilterChainProxy - Secured GET /public/products/fetchProducts
2025-11-30 06:29:46.977 [http-nio-9090-exec-9] INFO  c.a.b.config.JwtAuthenticationFilter - Authenticated user: audrio8802@gmail.com
2025-11-30 06:29:46.977 [http-nio-9090-exec-9] INFO  c.a.b.config.JwtAuthenticationFilter - Authorities: [ROLE_CUSTOMER]
2025-11-30 06:29:46.977 [http-nio-9090-exec-6] DEBUG o.s.security.web.FilterChainProxy - Secured GET /public/products/fetchProducts
2025-11-30 06:29:46.977 [http-nio-9090-exec-3] DEBUG o.s.security.web.FilterChainProxy - Secured GET /customer/myprofile
2025-11-30 06:29:46.977 [http-nio-9090-exec-9] DEBUG o.s.security.web.FilterChainProxy - Secured GET /customer/myprofile
2025-11-30 06:29:46.977 [http-nio-9090-exec-8] INFO  c.a.b.controller.ProductController - Method : GET | Endpoint : /public/products/fetchProducts | Payload : 200 OK
2025-11-30 06:29:46.977 [http-nio-9090-exec-6] INFO  c.a.b.controller.ProductController - Method : GET | Endpoint : /public/products/fetchProducts | Payload : 200 OK
2025-11-30 06:29:46.977 [http-nio-9090-exec-9] INFO  c.a.b.controller.CustomerController - Method : GET | Endpoint : /customer/myprofile | Payload : Bearer eyJhbGciOiJIUzI1NiJ9.eyJyb2xlIjoiQ1VTVE9NRVIiLCJwdXJwb3NlIjoiYWNjZXNzIiwic3ViIjoiYXVkcmlvODgwMkBnbWFpbC5jb20iLCJpYXQiOjE3NjQ0NTA3NTUsImV4cCI6MTc2NDUzNzE1NX0.NF7S5I2pgZvEF_ScdLmZq6zuhRA4p5dQm2FHP35hdYY
2025-11-30 06:29:46.977 [http-nio-9090-exec-3] INFO  c.a.b.controller.CustomerController - Method : GET | Endpoint : /customer/myprofile | Payload : Bearer eyJhbGciOiJIUzI1NiJ9.eyJyb2xlIjoiQ1VTVE9NRVIiLCJwdXJwb3NlIjoiYWNjZXNzIiwic3ViIjoiYXVkcmlvODgwMkBnbWFpbC5jb20iLCJpYXQiOjE3NjQ0NTA3NTUsImV4cCI6MTc2NDUzNzE1NX0.NF7S5I2pgZvEF_ScdLmZq6zuhRA4p5dQm2FHP35hdYY
2025-11-30 06:29:46.977 [http-nio-9090-exec-3] INFO  c.a.b.s.impl.CustomerServiceImpl - GET CUSTOMER PROFILE START | EMAIL: audrio8802@gmail.com
2025-11-30 06:29:46.977 [http-nio-9090-exec-9] INFO  c.a.b.s.impl.CustomerServiceImpl - GET CUSTOMER PROFILE START | EMAIL: audrio8802@gmail.com
2025-11-30 06:29:46.982 [http-nio-9090-exec-9] INFO  c.a.b.s.impl.CustomerServiceImpl - GET CUSTOMER PROFILE SUCCESS
2025-11-30 06:29:46.982 [http-nio-9090-exec-9] DEBUG c.a.b.s.impl.CustomerServiceImpl - Converting entity to response for customer ID: 49b697a8-c144-4145-a894-e32477c12451
2025-11-30 06:29:46.982 [http-nio-9090-exec-3] INFO  c.a.b.s.impl.CustomerServiceImpl - GET CUSTOMER PROFILE SUCCESS
2025-11-30 06:29:46.982 [http-nio-9090-exec-3] DEBUG c.a.b.s.impl.CustomerServiceImpl - Converting entity to response for customer ID: 49b697a8-c144-4145-a894-e32477c12451
2025-11-30 06:29:47.023 [http-nio-9090-exec-10] DEBUG o.s.security.web.FilterChainProxy - Securing OPTIONS /customer/cart/mycart/49b697a8-c144-4145-a894-e32477c12451
2025-11-30 06:29:47.026 [http-nio-9090-exec-1] DEBUG o.s.security.web.FilterChainProxy - Securing GET /customer/cart/mycart/49b697a8-c144-4145-a894-e32477c12451
2025-11-30 06:29:47.027 [http-nio-9090-exec-1] DEBUG c.a.b.config.JwtAuthenticationFilter - >>> Request GET /api/v1.0/customer/cart/mycart/49b697a8-c144-4145-a894-e32477c12451
2025-11-30 06:29:47.027 [http-nio-9090-exec-1] DEBUG c.a.b.config.JwtAuthenticationFilter - Token received (first 20 chars): eyJhbGciOiJIUzI1NiJ9...
2025-11-30 06:29:47.037 [http-nio-9090-exec-1] INFO  c.a.b.config.JwtAuthenticationFilter - Authorities for audrio8802@gmail.com: [ROLE_CUSTOMER]
2025-11-30 06:29:47.037 [http-nio-9090-exec-1] DEBUG c.a.b.config.JwtAuthenticationFilter - Authenticated user from JWT: audrio8802@gmail.com
2025-11-30 06:29:47.037 [http-nio-9090-exec-1] INFO  c.a.b.config.JwtAuthenticationFilter - Authenticated user: audrio8802@gmail.com
2025-11-30 06:29:47.037 [http-nio-9090-exec-1] INFO  c.a.b.config.JwtAuthenticationFilter - Authorities: [ROLE_CUSTOMER]
2025-11-30 06:29:47.037 [http-nio-9090-exec-1] DEBUG o.s.security.web.FilterChainProxy - Secured GET /customer/cart/mycart/49b697a8-c144-4145-a894-e32477c12451
2025-11-30 06:29:47.037 [http-nio-9090-exec-1] INFO  c.a.b.controller.CartController - GET /customer/mycart/49b697a8-c144-4145-a894-e32477c12451
2025-11-30 06:30:24.057 [http-nio-9090-exec-2] DEBUG o.s.security.web.FilterChainProxy - Securing OPTIONS /public/products/fetchProducts
2025-11-30 06:30:24.057 [http-nio-9090-exec-5] DEBUG o.s.security.web.FilterChainProxy - Securing OPTIONS /customer/myprofile
2025-11-30 06:30:24.057 [http-nio-9090-exec-4] DEBUG o.s.security.web.FilterChainProxy - Securing OPTIONS /customer/myprofile
2025-11-30 06:30:24.057 [http-nio-9090-exec-7] DEBUG o.s.security.web.FilterChainProxy - Securing OPTIONS /public/products/fetchProducts
2025-11-30 06:30:24.060 [http-nio-9090-exec-6] DEBUG o.s.security.web.FilterChainProxy - Securing GET /customer/myprofile
2025-11-30 06:30:24.060 [http-nio-9090-exec-8] DEBUG o.s.security.web.FilterChainProxy - Securing GET /customer/myprofile
2025-11-30 06:30:24.060 [http-nio-9090-exec-9] DEBUG o.s.security.web.FilterChainProxy - Securing GET /public/products/fetchProducts
2025-11-30 06:30:24.060 [http-nio-9090-exec-3] DEBUG o.s.security.web.FilterChainProxy - Securing GET /public/products/fetchProducts
2025-11-30 06:30:24.060 [http-nio-9090-exec-3] DEBUG c.a.b.config.JwtAuthenticationFilter - >>> Request GET /api/v1.0/public/products/fetchProducts
2025-11-30 06:30:24.060 [http-nio-9090-exec-9] DEBUG c.a.b.config.JwtAuthenticationFilter - >>> Request GET /api/v1.0/public/products/fetchProducts
2025-11-30 06:30:24.060 [http-nio-9090-exec-6] DEBUG c.a.b.config.JwtAuthenticationFilter - >>> Request GET /api/v1.0/customer/myprofile
2025-11-30 06:30:24.060 [http-nio-9090-exec-8] DEBUG c.a.b.config.JwtAuthenticationFilter - >>> Request GET /api/v1.0/customer/myprofile
2025-11-30 06:30:24.060 [http-nio-9090-exec-6] DEBUG c.a.b.config.JwtAuthenticationFilter - Token received (first 20 chars): eyJhbGciOiJIUzI1NiJ9...
2025-11-30 06:30:24.060 [http-nio-9090-exec-8] DEBUG c.a.b.config.JwtAuthenticationFilter - Token received (first 20 chars): eyJhbGciOiJIUzI1NiJ9...
2025-11-30 06:30:24.060 [http-nio-9090-exec-3] DEBUG c.a.b.config.JwtAuthenticationFilter - Token received (first 20 chars): eyJhbGciOiJIUzI1NiJ9...
2025-11-30 06:30:24.060 [http-nio-9090-exec-9] DEBUG c.a.b.config.JwtAuthenticationFilter - Token received (first 20 chars): eyJhbGciOiJIUzI1NiJ9...
2025-11-30 06:30:24.064 [http-nio-9090-exec-3] INFO  c.a.b.config.JwtAuthenticationFilter - Authorities for audrio8802@gmail.com: [ROLE_CUSTOMER]
2025-11-30 06:30:24.064 [http-nio-9090-exec-8] INFO  c.a.b.config.JwtAuthenticationFilter - Authorities for audrio8802@gmail.com: [ROLE_CUSTOMER]
2025-11-30 06:30:24.064 [http-nio-9090-exec-9] INFO  c.a.b.config.JwtAuthenticationFilter - Authorities for audrio8802@gmail.com: [ROLE_CUSTOMER]
2025-11-30 06:30:24.065 [http-nio-9090-exec-8] DEBUG c.a.b.config.JwtAuthenticationFilter - Authenticated user from JWT: audrio8802@gmail.com
2025-11-30 06:30:24.065 [http-nio-9090-exec-9] DEBUG c.a.b.config.JwtAuthenticationFilter - Authenticated user from JWT: audrio8802@gmail.com
2025-11-30 06:30:24.065 [http-nio-9090-exec-3] DEBUG c.a.b.config.JwtAuthenticationFilter - Authenticated user from JWT: audrio8802@gmail.com
2025-11-30 06:30:24.065 [http-nio-9090-exec-9] INFO  c.a.b.config.JwtAuthenticationFilter - Authenticated user: audrio8802@gmail.com
2025-11-30 06:30:24.065 [http-nio-9090-exec-3] INFO  c.a.b.config.JwtAuthenticationFilter - Authenticated user: audrio8802@gmail.com
2025-11-30 06:30:24.065 [http-nio-9090-exec-9] INFO  c.a.b.config.JwtAuthenticationFilter - Authorities: [ROLE_CUSTOMER]
2025-11-30 06:30:24.065 [http-nio-9090-exec-8] INFO  c.a.b.config.JwtAuthenticationFilter - Authenticated user: audrio8802@gmail.com
2025-11-30 06:30:24.065 [http-nio-9090-exec-8] INFO  c.a.b.config.JwtAuthenticationFilter - Authorities: [ROLE_CUSTOMER]
2025-11-30 06:30:24.065 [http-nio-9090-exec-3] INFO  c.a.b.config.JwtAuthenticationFilter - Authorities: [ROLE_CUSTOMER]
2025-11-30 06:30:24.065 [http-nio-9090-exec-9] DEBUG o.s.security.web.FilterChainProxy - Secured GET /public/products/fetchProducts
2025-11-30 06:30:24.065 [http-nio-9090-exec-3] DEBUG o.s.security.web.FilterChainProxy - Secured GET /public/products/fetchProducts
2025-11-30 06:30:24.065 [http-nio-9090-exec-8] DEBUG o.s.security.web.FilterChainProxy - Secured GET /customer/myprofile
2025-11-30 06:30:24.065 [http-nio-9090-exec-3] INFO  c.a.b.controller.ProductController - Method : GET | Endpoint : /public/products/fetchProducts | Payload : 200 OK
2025-11-30 06:30:24.065 [http-nio-9090-exec-9] INFO  c.a.b.controller.ProductController - Method : GET | Endpoint : /public/products/fetchProducts | Payload : 200 OK
2025-11-30 06:30:24.065 [http-nio-9090-exec-8] INFO  c.a.b.controller.CustomerController - Method : GET | Endpoint : /customer/myprofile | Payload : Bearer eyJhbGciOiJIUzI1NiJ9.eyJyb2xlIjoiQ1VTVE9NRVIiLCJwdXJwb3NlIjoiYWNjZXNzIiwic3ViIjoiYXVkcmlvODgwMkBnbWFpbC5jb20iLCJpYXQiOjE3NjQ0NTA3NTUsImV4cCI6MTc2NDUzNzE1NX0.NF7S5I2pgZvEF_ScdLmZq6zuhRA4p5dQm2FHP35hdYY
2025-11-30 06:30:24.065 [http-nio-9090-exec-8] INFO  c.a.b.s.impl.CustomerServiceImpl - GET CUSTOMER PROFILE START | EMAIL: audrio8802@gmail.com
2025-11-30 06:30:24.065 [http-nio-9090-exec-6] INFO  c.a.b.config.JwtAuthenticationFilter - Authorities for audrio8802@gmail.com: [ROLE_CUSTOMER]
2025-11-30 06:30:24.065 [http-nio-9090-exec-6] DEBUG c.a.b.config.JwtAuthenticationFilter - Authenticated user from JWT: audrio8802@gmail.com
2025-11-30 06:30:24.065 [http-nio-9090-exec-6] INFO  c.a.b.config.JwtAuthenticationFilter - Authenticated user: audrio8802@gmail.com
2025-11-30 06:30:24.065 [http-nio-9090-exec-6] INFO  c.a.b.config.JwtAuthenticationFilter - Authorities: [ROLE_CUSTOMER]
2025-11-30 06:30:24.066 [http-nio-9090-exec-6] DEBUG o.s.security.web.FilterChainProxy - Secured GET /customer/myprofile
2025-11-30 06:30:24.066 [http-nio-9090-exec-6] INFO  c.a.b.controller.CustomerController - Method : GET | Endpoint : /customer/myprofile | Payload : Bearer eyJhbGciOiJIUzI1NiJ9.eyJyb2xlIjoiQ1VTVE9NRVIiLCJwdXJwb3NlIjoiYWNjZXNzIiwic3ViIjoiYXVkcmlvODgwMkBnbWFpbC5jb20iLCJpYXQiOjE3NjQ0NTA3NTUsImV4cCI6MTc2NDUzNzE1NX0.NF7S5I2pgZvEF_ScdLmZq6zuhRA4p5dQm2FHP35hdYY
2025-11-30 06:30:24.066 [http-nio-9090-exec-6] INFO  c.a.b.s.impl.CustomerServiceImpl - GET CUSTOMER PROFILE START | EMAIL: audrio8802@gmail.com
2025-11-30 06:30:24.067 [http-nio-9090-exec-8] INFO  c.a.b.s.impl.CustomerServiceImpl - GET CUSTOMER PROFILE SUCCESS
2025-11-30 06:30:24.067 [http-nio-9090-exec-8] DEBUG c.a.b.s.impl.CustomerServiceImpl - Converting entity to response for customer ID: 49b697a8-c144-4145-a894-e32477c12451
2025-11-30 06:30:24.068 [http-nio-9090-exec-6] INFO  c.a.b.s.impl.CustomerServiceImpl - GET CUSTOMER PROFILE SUCCESS
2025-11-30 06:30:24.068 [http-nio-9090-exec-6] DEBUG c.a.b.s.impl.CustomerServiceImpl - Converting entity to response for customer ID: 49b697a8-c144-4145-a894-e32477c12451
2025-11-30 06:30:24.084 [http-nio-9090-exec-10] DEBUG o.s.security.web.FilterChainProxy - Securing OPTIONS /customer/cart/mycart/49b697a8-c144-4145-a894-e32477c12451
2025-11-30 06:30:24.087 [http-nio-9090-exec-1] DEBUG o.s.security.web.FilterChainProxy - Securing GET /customer/cart/mycart/49b697a8-c144-4145-a894-e32477c12451
2025-11-30 06:30:24.087 [http-nio-9090-exec-1] DEBUG c.a.b.config.JwtAuthenticationFilter - >>> Request GET /api/v1.0/customer/cart/mycart/49b697a8-c144-4145-a894-e32477c12451
2025-11-30 06:30:24.087 [http-nio-9090-exec-1] DEBUG c.a.b.config.JwtAuthenticationFilter - Token received (first 20 chars): eyJhbGciOiJIUzI1NiJ9...
2025-11-30 06:30:24.094 [http-nio-9090-exec-1] INFO  c.a.b.config.JwtAuthenticationFilter - Authorities for audrio8802@gmail.com: [ROLE_CUSTOMER]
2025-11-30 06:30:24.095 [http-nio-9090-exec-1] DEBUG c.a.b.config.JwtAuthenticationFilter - Authenticated user from JWT: audrio8802@gmail.com
2025-11-30 06:30:24.095 [http-nio-9090-exec-1] INFO  c.a.b.config.JwtAuthenticationFilter - Authenticated user: audrio8802@gmail.com
2025-11-30 06:30:24.095 [http-nio-9090-exec-1] INFO  c.a.b.config.JwtAuthenticationFilter - Authorities: [ROLE_CUSTOMER]
2025-11-30 06:30:24.095 [http-nio-9090-exec-1] DEBUG o.s.security.web.FilterChainProxy - Secured GET /customer/cart/mycart/49b697a8-c144-4145-a894-e32477c12451
2025-11-30 06:30:24.095 [http-nio-9090-exec-1] INFO  c.a.b.controller.CartController - GET /customer/mycart/49b697a8-c144-4145-a894-e32477c12451
2025-11-30 06:42:07.135 [http-nio-9090-exec-6] DEBUG o.s.security.web.FilterChainProxy - Securing OPTIONS /customer/myprofile
2025-11-30 06:42:07.135 [http-nio-9090-exec-9] DEBUG o.s.security.web.FilterChainProxy - Securing OPTIONS /customer/myprofile
2025-11-30 06:42:07.135 [http-nio-9090-exec-3] DEBUG o.s.security.web.FilterChainProxy - Securing OPTIONS /public/products/fetchProducts
2025-11-30 06:42:07.135 [http-nio-9090-exec-8] DEBUG o.s.security.web.FilterChainProxy - Securing OPTIONS /public/products/fetchProducts
2025-11-30 06:42:07.143 [http-nio-9090-exec-10] DEBUG o.s.security.web.FilterChainProxy - Securing GET /public/products/fetchProducts
2025-11-30 06:42:07.143 [http-nio-9090-exec-1] DEBUG o.s.security.web.FilterChainProxy - Securing GET /public/products/fetchProducts
2025-11-30 06:42:07.143 [http-nio-9090-exec-2] DEBUG o.s.security.web.FilterChainProxy - Securing GET /customer/myprofile
2025-11-30 06:42:07.143 [http-nio-9090-exec-1] DEBUG c.a.b.config.JwtAuthenticationFilter - >>> Request GET /api/v1.0/public/products/fetchProducts
2025-11-30 06:42:07.143 [http-nio-9090-exec-10] DEBUG c.a.b.config.JwtAuthenticationFilter - >>> Request GET /api/v1.0/public/products/fetchProducts
2025-11-30 06:42:07.143 [http-nio-9090-exec-4] DEBUG o.s.security.web.FilterChainProxy - Securing GET /customer/myprofile
2025-11-30 06:42:07.143 [http-nio-9090-exec-2] DEBUG c.a.b.config.JwtAuthenticationFilter - >>> Request GET /api/v1.0/customer/myprofile
2025-11-30 06:42:07.143 [http-nio-9090-exec-4] DEBUG c.a.b.config.JwtAuthenticationFilter - >>> Request GET /api/v1.0/customer/myprofile
2025-11-30 06:42:07.143 [http-nio-9090-exec-4] DEBUG c.a.b.config.JwtAuthenticationFilter - Token received (first 20 chars): eyJhbGciOiJIUzI1NiJ9...
2025-11-30 06:42:07.143 [http-nio-9090-exec-1] DEBUG c.a.b.config.JwtAuthenticationFilter - Token received (first 20 chars): eyJhbGciOiJIUzI1NiJ9...
2025-11-30 06:42:07.143 [http-nio-9090-exec-2] DEBUG c.a.b.config.JwtAuthenticationFilter - Token received (first 20 chars): eyJhbGciOiJIUzI1NiJ9...
2025-11-30 06:42:07.143 [http-nio-9090-exec-10] DEBUG c.a.b.config.JwtAuthenticationFilter - Token received (first 20 chars): eyJhbGciOiJIUzI1NiJ9...
2025-11-30 06:42:07.172 [http-nio-9090-exec-1] INFO  c.a.b.config.JwtAuthenticationFilter - Authorities for audrio8802@gmail.com: [ROLE_CUSTOMER]
2025-11-30 06:42:07.172 [http-nio-9090-exec-10] INFO  c.a.b.config.JwtAuthenticationFilter - Authorities for audrio8802@gmail.com: [ROLE_CUSTOMER]
2025-11-30 06:42:07.172 [http-nio-9090-exec-2] INFO  c.a.b.config.JwtAuthenticationFilter - Authorities for audrio8802@gmail.com: [ROLE_CUSTOMER]
2025-11-30 06:42:07.172 [http-nio-9090-exec-4] INFO  c.a.b.config.JwtAuthenticationFilter - Authorities for audrio8802@gmail.com: [ROLE_CUSTOMER]
2025-11-30 06:42:07.172 [http-nio-9090-exec-1] DEBUG c.a.b.config.JwtAuthenticationFilter - Authenticated user from JWT: audrio8802@gmail.com
2025-11-30 06:42:07.172 [http-nio-9090-exec-10] DEBUG c.a.b.config.JwtAuthenticationFilter - Authenticated user from JWT: audrio8802@gmail.com
2025-11-30 06:42:07.172 [http-nio-9090-exec-10] INFO  c.a.b.config.JwtAuthenticationFilter - Authenticated user: audrio8802@gmail.com
2025-11-30 06:42:07.172 [http-nio-9090-exec-1] INFO  c.a.b.config.JwtAuthenticationFilter - Authenticated user: audrio8802@gmail.com
2025-11-30 06:42:07.172 [http-nio-9090-exec-10] INFO  c.a.b.config.JwtAuthenticationFilter - Authorities: [ROLE_CUSTOMER]
2025-11-30 06:42:07.172 [http-nio-9090-exec-1] INFO  c.a.b.config.JwtAuthenticationFilter - Authorities: [ROLE_CUSTOMER]
2025-11-30 06:42:07.172 [http-nio-9090-exec-2] DEBUG c.a.b.config.JwtAuthenticationFilter - Authenticated user from JWT: audrio8802@gmail.com
2025-11-30 06:42:07.172 [http-nio-9090-exec-2] INFO  c.a.b.config.JwtAuthenticationFilter - Authenticated user: audrio8802@gmail.com
2025-11-30 06:42:07.172 [http-nio-9090-exec-4] DEBUG c.a.b.config.JwtAuthenticationFilter - Authenticated user from JWT: audrio8802@gmail.com
2025-11-30 06:42:07.172 [http-nio-9090-exec-2] INFO  c.a.b.config.JwtAuthenticationFilter - Authorities: [ROLE_CUSTOMER]
2025-11-30 06:42:07.172 [http-nio-9090-exec-4] INFO  c.a.b.config.JwtAuthenticationFilter - Authenticated user: audrio8802@gmail.com
2025-11-30 06:42:07.172 [http-nio-9090-exec-4] INFO  c.a.b.config.JwtAuthenticationFilter - Authorities: [ROLE_CUSTOMER]
2025-11-30 06:42:07.173 [http-nio-9090-exec-10] DEBUG o.s.security.web.FilterChainProxy - Secured GET /public/products/fetchProducts
2025-11-30 06:42:07.173 [http-nio-9090-exec-1] DEBUG o.s.security.web.FilterChainProxy - Secured GET /public/products/fetchProducts
2025-11-30 06:42:07.173 [http-nio-9090-exec-4] DEBUG o.s.security.web.FilterChainProxy - Secured GET /customer/myprofile
2025-11-30 06:42:07.173 [http-nio-9090-exec-2] DEBUG o.s.security.web.FilterChainProxy - Secured GET /customer/myprofile
2025-11-30 06:42:07.174 [http-nio-9090-exec-10] INFO  c.a.b.controller.ProductController - Method : GET | Endpoint : /public/products/fetchProducts | Payload : 200 OK
2025-11-30 06:42:07.174 [http-nio-9090-exec-1] INFO  c.a.b.controller.ProductController - Method : GET | Endpoint : /public/products/fetchProducts | Payload : 200 OK
2025-11-30 06:42:07.175 [http-nio-9090-exec-2] INFO  c.a.b.controller.CustomerController - Method : GET | Endpoint : /customer/myprofile | Payload : Bearer eyJhbGciOiJIUzI1NiJ9.eyJyb2xlIjoiQ1VTVE9NRVIiLCJwdXJwb3NlIjoiYWNjZXNzIiwic3ViIjoiYXVkcmlvODgwMkBnbWFpbC5jb20iLCJpYXQiOjE3NjQ0NTA3NTUsImV4cCI6MTc2NDUzNzE1NX0.NF7S5I2pgZvEF_ScdLmZq6zuhRA4p5dQm2FHP35hdYY
2025-11-30 06:42:07.175 [http-nio-9090-exec-4] INFO  c.a.b.controller.CustomerController - Method : GET | Endpoint : /customer/myprofile | Payload : Bearer eyJhbGciOiJIUzI1NiJ9.eyJyb2xlIjoiQ1VTVE9NRVIiLCJwdXJwb3NlIjoiYWNjZXNzIiwic3ViIjoiYXVkcmlvODgwMkBnbWFpbC5jb20iLCJpYXQiOjE3NjQ0NTA3NTUsImV4cCI6MTc2NDUzNzE1NX0.NF7S5I2pgZvEF_ScdLmZq6zuhRA4p5dQm2FHP35hdYY
2025-11-30 06:42:07.175 [http-nio-9090-exec-4] INFO  c.a.b.s.impl.CustomerServiceImpl - GET CUSTOMER PROFILE START | EMAIL: audrio8802@gmail.com
2025-11-30 06:42:07.175 [http-nio-9090-exec-2] INFO  c.a.b.s.impl.CustomerServiceImpl - GET CUSTOMER PROFILE START | EMAIL: audrio8802@gmail.com
2025-11-30 06:42:07.179 [http-nio-9090-exec-4] INFO  c.a.b.s.impl.CustomerServiceImpl - GET CUSTOMER PROFILE SUCCESS
2025-11-30 06:42:07.179 [http-nio-9090-exec-2] INFO  c.a.b.s.impl.CustomerServiceImpl - GET CUSTOMER PROFILE SUCCESS
2025-11-30 06:42:07.179 [http-nio-9090-exec-4] DEBUG c.a.b.s.impl.CustomerServiceImpl - Converting entity to response for customer ID: 49b697a8-c144-4145-a894-e32477c12451
2025-11-30 06:42:07.179 [http-nio-9090-exec-2] DEBUG c.a.b.s.impl.CustomerServiceImpl - Converting entity to response for customer ID: 49b697a8-c144-4145-a894-e32477c12451
2025-11-30 06:42:07.197 [http-nio-9090-exec-5] DEBUG o.s.security.web.FilterChainProxy - Securing OPTIONS /customer/cart/mycart/49b697a8-c144-4145-a894-e32477c12451
2025-11-30 06:42:07.199 [http-nio-9090-exec-7] DEBUG o.s.security.web.FilterChainProxy - Securing GET /customer/cart/mycart/49b697a8-c144-4145-a894-e32477c12451
2025-11-30 06:42:07.200 [http-nio-9090-exec-7] DEBUG c.a.b.config.JwtAuthenticationFilter - >>> Request GET /api/v1.0/customer/cart/mycart/49b697a8-c144-4145-a894-e32477c12451
2025-11-30 06:42:07.200 [http-nio-9090-exec-7] DEBUG c.a.b.config.JwtAuthenticationFilter - Token received (first 20 chars): eyJhbGciOiJIUzI1NiJ9...
2025-11-30 06:42:07.205 [http-nio-9090-exec-7] INFO  c.a.b.config.JwtAuthenticationFilter - Authorities for audrio8802@gmail.com: [ROLE_CUSTOMER]
2025-11-30 06:42:07.205 [http-nio-9090-exec-7] DEBUG c.a.b.config.JwtAuthenticationFilter - Authenticated user from JWT: audrio8802@gmail.com
2025-11-30 06:42:07.205 [http-nio-9090-exec-7] INFO  c.a.b.config.JwtAuthenticationFilter - Authenticated user: audrio8802@gmail.com
2025-11-30 06:42:07.205 [http-nio-9090-exec-7] INFO  c.a.b.config.JwtAuthenticationFilter - Authorities: [ROLE_CUSTOMER]
2025-11-30 06:42:07.205 [http-nio-9090-exec-7] DEBUG o.s.security.web.FilterChainProxy - Secured GET /customer/cart/mycart/49b697a8-c144-4145-a894-e32477c12451
2025-11-30 06:42:07.206 [http-nio-9090-exec-7] INFO  c.a.b.controller.CartController - GET /customer/mycart/49b697a8-c144-4145-a894-e32477c12451
2025-11-30 06:43:55.084 [http-nio-9090-exec-2] DEBUG o.s.security.web.FilterChainProxy - Securing OPTIONS /customer/myprofile
2025-11-30 06:43:55.084 [http-nio-9090-exec-10] DEBUG o.s.security.web.FilterChainProxy - Securing OPTIONS /customer/myprofile
2025-11-30 06:43:55.084 [http-nio-9090-exec-4] DEBUG o.s.security.web.FilterChainProxy - Securing OPTIONS /public/products/fetchProducts
2025-11-30 06:43:55.084 [http-nio-9090-exec-1] DEBUG o.s.security.web.FilterChainProxy - Securing OPTIONS /public/products/fetchProducts
2025-11-30 06:43:55.087 [http-nio-9090-exec-5] DEBUG o.s.security.web.FilterChainProxy - Securing GET /customer/myprofile
2025-11-30 06:43:55.087 [http-nio-9090-exec-6] DEBUG o.s.security.web.FilterChainProxy - Securing GET /public/products/fetchProducts
2025-11-30 06:43:55.088 [http-nio-9090-exec-5] DEBUG c.a.b.config.JwtAuthenticationFilter - >>> Request GET /api/v1.0/customer/myprofile
2025-11-30 06:43:55.088 [http-nio-9090-exec-5] DEBUG c.a.b.config.JwtAuthenticationFilter - Token received (first 20 chars): eyJhbGciOiJIUzI1NiJ9...
2025-11-30 06:43:55.088 [http-nio-9090-exec-6] DEBUG c.a.b.config.JwtAuthenticationFilter - >>> Request GET /api/v1.0/public/products/fetchProducts
2025-11-30 06:43:55.088 [http-nio-9090-exec-6] DEBUG c.a.b.config.JwtAuthenticationFilter - Token received (first 20 chars): eyJhbGciOiJIUzI1NiJ9...
2025-11-30 06:43:55.088 [http-nio-9090-exec-7] DEBUG o.s.security.web.FilterChainProxy - Securing GET /public/products/fetchProducts
2025-11-30 06:43:55.088 [http-nio-9090-exec-7] DEBUG c.a.b.config.JwtAuthenticationFilter - >>> Request GET /api/v1.0/public/products/fetchProducts
2025-11-30 06:43:55.088 [http-nio-9090-exec-7] DEBUG c.a.b.config.JwtAuthenticationFilter - Token received (first 20 chars): eyJhbGciOiJIUzI1NiJ9...
2025-11-30 06:43:55.088 [http-nio-9090-exec-8] DEBUG o.s.security.web.FilterChainProxy - Securing GET /customer/myprofile
2025-11-30 06:43:55.088 [http-nio-9090-exec-8] DEBUG c.a.b.config.JwtAuthenticationFilter - >>> Request GET /api/v1.0/customer/myprofile
2025-11-30 06:43:55.088 [http-nio-9090-exec-8] DEBUG c.a.b.config.JwtAuthenticationFilter - Token received (first 20 chars): eyJhbGciOiJIUzI1NiJ9...
2025-11-30 06:43:55.093 [http-nio-9090-exec-6] INFO  c.a.b.config.JwtAuthenticationFilter - Authorities for audrio8802@gmail.com: [ROLE_CUSTOMER]
2025-11-30 06:43:55.094 [http-nio-9090-exec-6] DEBUG c.a.b.config.JwtAuthenticationFilter - Authenticated user from JWT: audrio8802@gmail.com
2025-11-30 06:43:55.094 [http-nio-9090-exec-6] INFO  c.a.b.config.JwtAuthenticationFilter - Authenticated user: audrio8802@gmail.com
2025-11-30 06:43:55.094 [http-nio-9090-exec-6] INFO  c.a.b.config.JwtAuthenticationFilter - Authorities: [ROLE_CUSTOMER]
2025-11-30 06:43:55.094 [http-nio-9090-exec-6] DEBUG o.s.security.web.FilterChainProxy - Secured GET /public/products/fetchProducts
2025-11-30 06:43:55.094 [http-nio-9090-exec-6] INFO  c.a.b.controller.ProductController - Method : GET | Endpoint : /public/products/fetchProducts | Payload : 200 OK
2025-11-30 06:43:55.097 [http-nio-9090-exec-7] INFO  c.a.b.config.JwtAuthenticationFilter - Authorities for audrio8802@gmail.com: [ROLE_CUSTOMER]
2025-11-30 06:43:55.097 [http-nio-9090-exec-5] INFO  c.a.b.config.JwtAuthenticationFilter - Authorities for audrio8802@gmail.com: [ROLE_CUSTOMER]
2025-11-30 06:43:55.098 [http-nio-9090-exec-5] DEBUG c.a.b.config.JwtAuthenticationFilter - Authenticated user from JWT: audrio8802@gmail.com
2025-11-30 06:43:55.098 [http-nio-9090-exec-7] DEBUG c.a.b.config.JwtAuthenticationFilter - Authenticated user from JWT: audrio8802@gmail.com
2025-11-30 06:43:55.098 [http-nio-9090-exec-5] INFO  c.a.b.config.JwtAuthenticationFilter - Authenticated user: audrio8802@gmail.com
2025-11-30 06:43:55.098 [http-nio-9090-exec-5] INFO  c.a.b.config.JwtAuthenticationFilter - Authorities: [ROLE_CUSTOMER]
2025-11-30 06:43:55.098 [http-nio-9090-exec-7] INFO  c.a.b.config.JwtAuthenticationFilter - Authenticated user: audrio8802@gmail.com
2025-11-30 06:43:55.098 [http-nio-9090-exec-7] INFO  c.a.b.config.JwtAuthenticationFilter - Authorities: [ROLE_CUSTOMER]
2025-11-30 06:43:55.098 [http-nio-9090-exec-7] DEBUG o.s.security.web.FilterChainProxy - Secured GET /public/products/fetchProducts
2025-11-30 06:43:55.098 [http-nio-9090-exec-5] DEBUG o.s.security.web.FilterChainProxy - Secured GET /customer/myprofile
2025-11-30 06:43:55.098 [http-nio-9090-exec-7] INFO  c.a.b.controller.ProductController - Method : GET | Endpoint : /public/products/fetchProducts | Payload : 200 OK
2025-11-30 06:43:55.098 [http-nio-9090-exec-5] INFO  c.a.b.controller.CustomerController - Method : GET | Endpoint : /customer/myprofile | Payload : Bearer eyJhbGciOiJIUzI1NiJ9.eyJyb2xlIjoiQ1VTVE9NRVIiLCJwdXJwb3NlIjoiYWNjZXNzIiwic3ViIjoiYXVkcmlvODgwMkBnbWFpbC5jb20iLCJpYXQiOjE3NjQ0NTA3NTUsImV4cCI6MTc2NDUzNzE1NX0.NF7S5I2pgZvEF_ScdLmZq6zuhRA4p5dQm2FHP35hdYY
2025-11-30 06:43:55.098 [http-nio-9090-exec-5] INFO  c.a.b.s.impl.CustomerServiceImpl - GET CUSTOMER PROFILE START | EMAIL: audrio8802@gmail.com
2025-11-30 06:43:55.099 [http-nio-9090-exec-8] INFO  c.a.b.config.JwtAuthenticationFilter - Authorities for audrio8802@gmail.com: [ROLE_CUSTOMER]
2025-11-30 06:43:55.100 [http-nio-9090-exec-8] DEBUG c.a.b.config.JwtAuthenticationFilter - Authenticated user from JWT: audrio8802@gmail.com
2025-11-30 06:43:55.100 [http-nio-9090-exec-8] INFO  c.a.b.config.JwtAuthenticationFilter - Authenticated user: audrio8802@gmail.com
2025-11-30 06:43:55.100 [http-nio-9090-exec-8] INFO  c.a.b.config.JwtAuthenticationFilter - Authorities: [ROLE_CUSTOMER]
2025-11-30 06:43:55.100 [http-nio-9090-exec-8] DEBUG o.s.security.web.FilterChainProxy - Secured GET /customer/myprofile
2025-11-30 06:43:55.100 [http-nio-9090-exec-8] INFO  c.a.b.controller.CustomerController - Method : GET | Endpoint : /customer/myprofile | Payload : Bearer eyJhbGciOiJIUzI1NiJ9.eyJyb2xlIjoiQ1VTVE9NRVIiLCJwdXJwb3NlIjoiYWNjZXNzIiwic3ViIjoiYXVkcmlvODgwMkBnbWFpbC5jb20iLCJpYXQiOjE3NjQ0NTA3NTUsImV4cCI6MTc2NDUzNzE1NX0.NF7S5I2pgZvEF_ScdLmZq6zuhRA4p5dQm2FHP35hdYY
2025-11-30 06:43:55.100 [http-nio-9090-exec-8] INFO  c.a.b.s.impl.CustomerServiceImpl - GET CUSTOMER PROFILE START | EMAIL: audrio8802@gmail.com
2025-11-30 06:43:55.101 [http-nio-9090-exec-5] INFO  c.a.b.s.impl.CustomerServiceImpl - GET CUSTOMER PROFILE SUCCESS
2025-11-30 06:43:55.101 [http-nio-9090-exec-5] DEBUG c.a.b.s.impl.CustomerServiceImpl - Converting entity to response for customer ID: 49b697a8-c144-4145-a894-e32477c12451
2025-11-30 06:43:55.102 [http-nio-9090-exec-8] INFO  c.a.b.s.impl.CustomerServiceImpl - GET CUSTOMER PROFILE SUCCESS
2025-11-30 06:43:55.102 [http-nio-9090-exec-8] DEBUG c.a.b.s.impl.CustomerServiceImpl - Converting entity to response for customer ID: 49b697a8-c144-4145-a894-e32477c12451
2025-11-30 06:43:55.116 [http-nio-9090-exec-9] DEBUG o.s.security.web.FilterChainProxy - Securing OPTIONS /customer/cart/mycart/49b697a8-c144-4145-a894-e32477c12451
2025-11-30 06:43:55.118 [http-nio-9090-exec-3] DEBUG o.s.security.web.FilterChainProxy - Securing GET /customer/cart/mycart/49b697a8-c144-4145-a894-e32477c12451
2025-11-30 06:43:55.118 [http-nio-9090-exec-3] DEBUG c.a.b.config.JwtAuthenticationFilter - >>> Request GET /api/v1.0/customer/cart/mycart/49b697a8-c144-4145-a894-e32477c12451
2025-11-30 06:43:55.118 [http-nio-9090-exec-3] DEBUG c.a.b.config.JwtAuthenticationFilter - Token received (first 20 chars): eyJhbGciOiJIUzI1NiJ9...
2025-11-30 06:43:55.124 [http-nio-9090-exec-3] INFO  c.a.b.config.JwtAuthenticationFilter - Authorities for audrio8802@gmail.com: [ROLE_CUSTOMER]
2025-11-30 06:43:55.124 [http-nio-9090-exec-3] DEBUG c.a.b.config.JwtAuthenticationFilter - Authenticated user from JWT: audrio8802@gmail.com
2025-11-30 06:43:55.124 [http-nio-9090-exec-3] INFO  c.a.b.config.JwtAuthenticationFilter - Authenticated user: audrio8802@gmail.com
2025-11-30 06:43:55.124 [http-nio-9090-exec-3] INFO  c.a.b.config.JwtAuthenticationFilter - Authorities: [ROLE_CUSTOMER]
2025-11-30 06:43:55.124 [http-nio-9090-exec-3] DEBUG o.s.security.web.FilterChainProxy - Secured GET /customer/cart/mycart/49b697a8-c144-4145-a894-e32477c12451
2025-11-30 06:43:55.125 [http-nio-9090-exec-3] INFO  c.a.b.controller.CartController - GET /customer/mycart/49b697a8-c144-4145-a894-e32477c12451
2025-11-30 06:50:03.676 [http-nio-9090-exec-7] DEBUG o.s.security.web.FilterChainProxy - Securing OPTIONS /customer/myprofile
2025-11-30 06:50:03.676 [http-nio-9090-exec-5] DEBUG o.s.security.web.FilterChainProxy - Securing OPTIONS /customer/myprofile
2025-11-30 06:50:03.676 [http-nio-9090-exec-6] DEBUG o.s.security.web.FilterChainProxy - Securing OPTIONS /public/products/fetchProducts
2025-11-30 06:50:03.676 [http-nio-9090-exec-8] DEBUG o.s.security.web.FilterChainProxy - Securing OPTIONS /public/products/fetchProducts
2025-11-30 06:50:03.681 [http-nio-9090-exec-9] DEBUG o.s.security.web.FilterChainProxy - Securing GET /customer/myprofile
2025-11-30 06:50:03.681 [http-nio-9090-exec-2] DEBUG o.s.security.web.FilterChainProxy - Securing GET /public/products/fetchProducts
2025-11-30 06:50:03.681 [http-nio-9090-exec-4] DEBUG o.s.security.web.FilterChainProxy - Securing GET /customer/myprofile
2025-11-30 06:50:03.681 [http-nio-9090-exec-3] DEBUG o.s.security.web.FilterChainProxy - Securing GET /public/products/fetchProducts
2025-11-30 06:50:03.682 [http-nio-9090-exec-9] DEBUG c.a.b.config.JwtAuthenticationFilter - >>> Request GET /api/v1.0/customer/myprofile
2025-11-30 06:50:03.682 [http-nio-9090-exec-2] DEBUG c.a.b.config.JwtAuthenticationFilter - >>> Request GET /api/v1.0/public/products/fetchProducts
2025-11-30 06:50:03.682 [http-nio-9090-exec-4] DEBUG c.a.b.config.JwtAuthenticationFilter - >>> Request GET /api/v1.0/customer/myprofile
2025-11-30 06:50:03.682 [http-nio-9090-exec-9] DEBUG c.a.b.config.JwtAuthenticationFilter - Token received (first 20 chars): eyJhbGciOiJIUzI1NiJ9...
2025-11-30 06:50:03.682 [http-nio-9090-exec-4] DEBUG c.a.b.config.JwtAuthenticationFilter - Token received (first 20 chars): eyJhbGciOiJIUzI1NiJ9...
2025-11-30 06:50:03.682 [http-nio-9090-exec-3] DEBUG c.a.b.config.JwtAuthenticationFilter - >>> Request GET /api/v1.0/public/products/fetchProducts
2025-11-30 06:50:03.682 [http-nio-9090-exec-2] DEBUG c.a.b.config.JwtAuthenticationFilter - Token received (first 20 chars): eyJhbGciOiJIUzI1NiJ9...
2025-11-30 06:50:03.682 [http-nio-9090-exec-3] DEBUG c.a.b.config.JwtAuthenticationFilter - Token received (first 20 chars): eyJhbGciOiJIUzI1NiJ9...
2025-11-30 06:50:03.690 [http-nio-9090-exec-3] INFO  c.a.b.config.JwtAuthenticationFilter - Authorities for audrio8802@gmail.com: [ROLE_CUSTOMER]
2025-11-30 06:50:03.690 [http-nio-9090-exec-9] INFO  c.a.b.config.JwtAuthenticationFilter - Authorities for audrio8802@gmail.com: [ROLE_CUSTOMER]
2025-11-30 06:50:03.690 [http-nio-9090-exec-3] DEBUG c.a.b.config.JwtAuthenticationFilter - Authenticated user from JWT: audrio8802@gmail.com
2025-11-30 06:50:03.690 [http-nio-9090-exec-9] DEBUG c.a.b.config.JwtAuthenticationFilter - Authenticated user from JWT: audrio8802@gmail.com
2025-11-30 06:50:03.690 [http-nio-9090-exec-9] INFO  c.a.b.config.JwtAuthenticationFilter - Authenticated user: audrio8802@gmail.com
2025-11-30 06:50:03.690 [http-nio-9090-exec-3] INFO  c.a.b.config.JwtAuthenticationFilter - Authenticated user: audrio8802@gmail.com
2025-11-30 06:50:03.690 [http-nio-9090-exec-9] INFO  c.a.b.config.JwtAuthenticationFilter - Authorities: [ROLE_CUSTOMER]
2025-11-30 06:50:03.690 [http-nio-9090-exec-3] INFO  c.a.b.config.JwtAuthenticationFilter - Authorities: [ROLE_CUSTOMER]
2025-11-30 06:50:03.690 [http-nio-9090-exec-3] DEBUG o.s.security.web.FilterChainProxy - Secured GET /public/products/fetchProducts
2025-11-30 06:50:03.690 [http-nio-9090-exec-9] DEBUG o.s.security.web.FilterChainProxy - Secured GET /customer/myprofile
2025-11-30 06:50:03.690 [http-nio-9090-exec-2] INFO  c.a.b.config.JwtAuthenticationFilter - Authorities for audrio8802@gmail.com: [ROLE_CUSTOMER]
2025-11-30 06:50:03.690 [http-nio-9090-exec-2] DEBUG c.a.b.config.JwtAuthenticationFilter - Authenticated user from JWT: audrio8802@gmail.com
2025-11-30 06:50:03.690 [http-nio-9090-exec-2] INFO  c.a.b.config.JwtAuthenticationFilter - Authenticated user: audrio8802@gmail.com
2025-11-30 06:50:03.690 [http-nio-9090-exec-2] INFO  c.a.b.config.JwtAuthenticationFilter - Authorities: [ROLE_CUSTOMER]
2025-11-30 06:50:03.690 [http-nio-9090-exec-2] DEBUG o.s.security.web.FilterChainProxy - Secured GET /public/products/fetchProducts
2025-11-30 06:50:03.690 [http-nio-9090-exec-3] INFO  c.a.b.controller.ProductController - Method : GET | Endpoint : /public/products/fetchProducts | Payload : 200 OK
2025-11-30 06:50:03.690 [http-nio-9090-exec-2] INFO  c.a.b.controller.ProductController - Method : GET | Endpoint : /public/products/fetchProducts | Payload : 200 OK
2025-11-30 06:50:03.690 [http-nio-9090-exec-9] INFO  c.a.b.controller.CustomerController - Method : GET | Endpoint : /customer/myprofile | Payload : Bearer eyJhbGciOiJIUzI1NiJ9.eyJyb2xlIjoiQ1VTVE9NRVIiLCJwdXJwb3NlIjoiYWNjZXNzIiwic3ViIjoiYXVkcmlvODgwMkBnbWFpbC5jb20iLCJpYXQiOjE3NjQ0NTA3NTUsImV4cCI6MTc2NDUzNzE1NX0.NF7S5I2pgZvEF_ScdLmZq6zuhRA4p5dQm2FHP35hdYY
2025-11-30 06:50:03.690 [http-nio-9090-exec-9] INFO  c.a.b.s.impl.CustomerServiceImpl - GET CUSTOMER PROFILE START | EMAIL: audrio8802@gmail.com
2025-11-30 06:50:03.691 [http-nio-9090-exec-4] INFO  c.a.b.config.JwtAuthenticationFilter - Authorities for audrio8802@gmail.com: [ROLE_CUSTOMER]
2025-11-30 06:50:03.691 [http-nio-9090-exec-4] DEBUG c.a.b.config.JwtAuthenticationFilter - Authenticated user from JWT: audrio8802@gmail.com
2025-11-30 06:50:03.691 [http-nio-9090-exec-4] INFO  c.a.b.config.JwtAuthenticationFilter - Authenticated user: audrio8802@gmail.com
2025-11-30 06:50:03.691 [http-nio-9090-exec-4] INFO  c.a.b.config.JwtAuthenticationFilter - Authorities: [ROLE_CUSTOMER]
2025-11-30 06:50:03.691 [http-nio-9090-exec-4] DEBUG o.s.security.web.FilterChainProxy - Secured GET /customer/myprofile
2025-11-30 06:50:03.691 [http-nio-9090-exec-4] INFO  c.a.b.controller.CustomerController - Method : GET | Endpoint : /customer/myprofile | Payload : Bearer eyJhbGciOiJIUzI1NiJ9.eyJyb2xlIjoiQ1VTVE9NRVIiLCJwdXJwb3NlIjoiYWNjZXNzIiwic3ViIjoiYXVkcmlvODgwMkBnbWFpbC5jb20iLCJpYXQiOjE3NjQ0NTA3NTUsImV4cCI6MTc2NDUzNzE1NX0.NF7S5I2pgZvEF_ScdLmZq6zuhRA4p5dQm2FHP35hdYY
2025-11-30 06:50:03.691 [http-nio-9090-exec-4] INFO  c.a.b.s.impl.CustomerServiceImpl - GET CUSTOMER PROFILE START | EMAIL: audrio8802@gmail.com
2025-11-30 06:50:03.693 [http-nio-9090-exec-9] INFO  c.a.b.s.impl.CustomerServiceImpl - GET CUSTOMER PROFILE SUCCESS
2025-11-30 06:50:03.693 [http-nio-9090-exec-9] DEBUG c.a.b.s.impl.CustomerServiceImpl - Converting entity to response for customer ID: 49b697a8-c144-4145-a894-e32477c12451
2025-11-30 06:50:03.694 [http-nio-9090-exec-4] INFO  c.a.b.s.impl.CustomerServiceImpl - GET CUSTOMER PROFILE SUCCESS
2025-11-30 06:50:03.694 [http-nio-9090-exec-4] DEBUG c.a.b.s.impl.CustomerServiceImpl - Converting entity to response for customer ID: 49b697a8-c144-4145-a894-e32477c12451
2025-11-30 06:50:03.774 [http-nio-9090-exec-10] DEBUG o.s.security.web.FilterChainProxy - Securing OPTIONS /customer/order/49b697a8-c144-4145-a894-e32477c12451
2025-11-30 06:50:03.774 [http-nio-9090-exec-1] DEBUG o.s.security.web.FilterChainProxy - Securing OPTIONS /customer/cart/mycart/49b697a8-c144-4145-a894-e32477c12451
2025-11-30 06:50:03.780 [http-nio-9090-exec-5] DEBUG o.s.security.web.FilterChainProxy - Securing GET /customer/order/49b697a8-c144-4145-a894-e32477c12451
2025-11-30 06:50:03.780 [http-nio-9090-exec-7] DEBUG o.s.security.web.FilterChainProxy - Securing GET /customer/cart/mycart/49b697a8-c144-4145-a894-e32477c12451
2025-11-30 06:50:03.780 [http-nio-9090-exec-5] DEBUG c.a.b.config.JwtAuthenticationFilter - >>> Request GET /api/v1.0/customer/order/49b697a8-c144-4145-a894-e32477c12451
2025-11-30 06:50:03.780 [http-nio-9090-exec-7] DEBUG c.a.b.config.JwtAuthenticationFilter - >>> Request GET /api/v1.0/customer/cart/mycart/49b697a8-c144-4145-a894-e32477c12451
2025-11-30 06:50:03.780 [http-nio-9090-exec-7] DEBUG c.a.b.config.JwtAuthenticationFilter - Token received (first 20 chars): eyJhbGciOiJIUzI1NiJ9...
2025-11-30 06:50:03.780 [http-nio-9090-exec-5] DEBUG c.a.b.config.JwtAuthenticationFilter - Token received (first 20 chars): eyJhbGciOiJIUzI1NiJ9...
2025-11-30 06:50:03.789 [http-nio-9090-exec-5] INFO  c.a.b.config.JwtAuthenticationFilter - Authorities for audrio8802@gmail.com: [ROLE_CUSTOMER]
2025-11-30 06:50:03.789 [http-nio-9090-exec-7] INFO  c.a.b.config.JwtAuthenticationFilter - Authorities for audrio8802@gmail.com: [ROLE_CUSTOMER]
2025-11-30 06:50:03.789 [http-nio-9090-exec-7] DEBUG c.a.b.config.JwtAuthenticationFilter - Authenticated user from JWT: audrio8802@gmail.com
2025-11-30 06:50:03.789 [http-nio-9090-exec-5] DEBUG c.a.b.config.JwtAuthenticationFilter - Authenticated user from JWT: audrio8802@gmail.com
2025-11-30 06:50:03.789 [http-nio-9090-exec-7] INFO  c.a.b.config.JwtAuthenticationFilter - Authenticated user: audrio8802@gmail.com
2025-11-30 06:50:03.789 [http-nio-9090-exec-7] INFO  c.a.b.config.JwtAuthenticationFilter - Authorities: [ROLE_CUSTOMER]
2025-11-30 06:50:03.789 [http-nio-9090-exec-5] INFO  c.a.b.config.JwtAuthenticationFilter - Authenticated user: audrio8802@gmail.com
2025-11-30 06:50:03.789 [http-nio-9090-exec-5] INFO  c.a.b.config.JwtAuthenticationFilter - Authorities: [ROLE_CUSTOMER]
2025-11-30 06:50:03.789 [http-nio-9090-exec-7] DEBUG o.s.security.web.FilterChainProxy - Secured GET /customer/cart/mycart/49b697a8-c144-4145-a894-e32477c12451
2025-11-30 06:50:03.789 [http-nio-9090-exec-5] DEBUG o.s.security.web.FilterChainProxy - Secured GET /customer/order/49b697a8-c144-4145-a894-e32477c12451
2025-11-30 06:50:03.790 [http-nio-9090-exec-7] INFO  c.a.b.controller.CartController - GET /customer/mycart/49b697a8-c144-4145-a894-e32477c12451
2025-11-30 06:50:03.800 [http-nio-9090-exec-5] INFO  c.a.b.controller.OrderController - REQUEST ORDERS BY CUSTOMER → 49b697a8-c144-4145-a894-e32477c12451
2025-11-30 06:50:03.809 [http-nio-9090-exec-5] DEBUG c.a.b.service.impl.OrderServiceImpl - Request daftar order customer → ID: 49b697a8-c144-4145-a894-e32477c12451
2025-11-30 06:55:49.580 [http-nio-9090-exec-2] DEBUG o.s.security.web.FilterChainProxy - Securing OPTIONS /customer/myprofile
2025-11-30 06:55:49.580 [http-nio-9090-exec-3] DEBUG o.s.security.web.FilterChainProxy - Securing OPTIONS /public/products/fetchProducts
2025-11-30 06:55:49.580 [http-nio-9090-exec-10] DEBUG o.s.security.web.FilterChainProxy - Securing OPTIONS /public/products/fetchProducts
2025-11-30 06:55:49.580 [http-nio-9090-exec-1] DEBUG o.s.security.web.FilterChainProxy - Securing OPTIONS /customer/myprofile
2025-11-30 06:55:49.585 [http-nio-9090-exec-5] DEBUG o.s.security.web.FilterChainProxy - Securing GET /public/products/fetchProducts
2025-11-30 06:55:49.585 [http-nio-9090-exec-7] DEBUG o.s.security.web.FilterChainProxy - Securing GET /customer/myprofile
2025-11-30 06:55:49.585 [http-nio-9090-exec-8] DEBUG o.s.security.web.FilterChainProxy - Securing GET /customer/myprofile
2025-11-30 06:55:49.586 [http-nio-9090-exec-4] DEBUG o.s.security.web.FilterChainProxy - Securing GET /public/products/fetchProducts
2025-11-30 06:55:49.586 [http-nio-9090-exec-4] DEBUG c.a.b.config.JwtAuthenticationFilter - >>> Request GET /api/v1.0/public/products/fetchProducts
2025-11-30 06:55:49.586 [http-nio-9090-exec-5] DEBUG c.a.b.config.JwtAuthenticationFilter - >>> Request GET /api/v1.0/public/products/fetchProducts
2025-11-30 06:55:49.586 [http-nio-9090-exec-7] DEBUG c.a.b.config.JwtAuthenticationFilter - >>> Request GET /api/v1.0/customer/myprofile
2025-11-30 06:55:49.586 [http-nio-9090-exec-8] DEBUG c.a.b.config.JwtAuthenticationFilter - >>> Request GET /api/v1.0/customer/myprofile
2025-11-30 06:55:49.586 [http-nio-9090-exec-4] DEBUG c.a.b.config.JwtAuthenticationFilter - Token received (first 20 chars): eyJhbGciOiJIUzI1NiJ9...
2025-11-30 06:55:49.586 [http-nio-9090-exec-5] DEBUG c.a.b.config.JwtAuthenticationFilter - Token received (first 20 chars): eyJhbGciOiJIUzI1NiJ9...
2025-11-30 06:55:49.586 [http-nio-9090-exec-7] DEBUG c.a.b.config.JwtAuthenticationFilter - Token received (first 20 chars): eyJhbGciOiJIUzI1NiJ9...
2025-11-30 06:55:49.586 [http-nio-9090-exec-8] DEBUG c.a.b.config.JwtAuthenticationFilter - Token received (first 20 chars): eyJhbGciOiJIUzI1NiJ9...
2025-11-30 06:55:49.594 [http-nio-9090-exec-5] INFO  c.a.b.config.JwtAuthenticationFilter - Authorities for audrio8802@gmail.com: [ROLE_CUSTOMER]
2025-11-30 06:55:49.594 [http-nio-9090-exec-4] INFO  c.a.b.config.JwtAuthenticationFilter - Authorities for audrio8802@gmail.com: [ROLE_CUSTOMER]
2025-11-30 06:55:49.594 [http-nio-9090-exec-8] INFO  c.a.b.config.JwtAuthenticationFilter - Authorities for audrio8802@gmail.com: [ROLE_CUSTOMER]
2025-11-30 06:55:49.594 [http-nio-9090-exec-4] DEBUG c.a.b.config.JwtAuthenticationFilter - Authenticated user from JWT: audrio8802@gmail.com
2025-11-30 06:55:49.594 [http-nio-9090-exec-4] INFO  c.a.b.config.JwtAuthenticationFilter - Authenticated user: audrio8802@gmail.com
2025-11-30 06:55:49.594 [http-nio-9090-exec-4] INFO  c.a.b.config.JwtAuthenticationFilter - Authorities: [ROLE_CUSTOMER]
2025-11-30 06:55:49.594 [http-nio-9090-exec-4] DEBUG o.s.security.web.FilterChainProxy - Secured GET /public/products/fetchProducts
2025-11-30 06:55:49.594 [http-nio-9090-exec-5] DEBUG c.a.b.config.JwtAuthenticationFilter - Authenticated user from JWT: audrio8802@gmail.com
2025-11-30 06:55:49.594 [http-nio-9090-exec-8] DEBUG c.a.b.config.JwtAuthenticationFilter - Authenticated user from JWT: audrio8802@gmail.com
2025-11-30 06:55:49.594 [http-nio-9090-exec-5] INFO  c.a.b.config.JwtAuthenticationFilter - Authenticated user: audrio8802@gmail.com
2025-11-30 06:55:49.594 [http-nio-9090-exec-8] INFO  c.a.b.config.JwtAuthenticationFilter - Authenticated user: audrio8802@gmail.com
2025-11-30 06:55:49.594 [http-nio-9090-exec-5] INFO  c.a.b.config.JwtAuthenticationFilter - Authorities: [ROLE_CUSTOMER]
2025-11-30 06:55:49.594 [http-nio-9090-exec-8] INFO  c.a.b.config.JwtAuthenticationFilter - Authorities: [ROLE_CUSTOMER]
2025-11-30 06:55:49.594 [http-nio-9090-exec-5] DEBUG o.s.security.web.FilterChainProxy - Secured GET /public/products/fetchProducts
2025-11-30 06:55:49.594 [http-nio-9090-exec-8] DEBUG o.s.security.web.FilterChainProxy - Secured GET /customer/myprofile
2025-11-30 06:55:49.595 [http-nio-9090-exec-5] INFO  c.a.b.controller.ProductController - Method : GET | Endpoint : /public/products/fetchProducts | Payload : 200 OK
2025-11-30 06:55:49.595 [http-nio-9090-exec-4] INFO  c.a.b.controller.ProductController - Method : GET | Endpoint : /public/products/fetchProducts | Payload : 200 OK
2025-11-30 06:55:49.595 [http-nio-9090-exec-8] INFO  c.a.b.controller.CustomerController - Method : GET | Endpoint : /customer/myprofile | Payload : Bearer eyJhbGciOiJIUzI1NiJ9.eyJyb2xlIjoiQ1VTVE9NRVIiLCJwdXJwb3NlIjoiYWNjZXNzIiwic3ViIjoiYXVkcmlvODgwMkBnbWFpbC5jb20iLCJpYXQiOjE3NjQ0NTA3NTUsImV4cCI6MTc2NDUzNzE1NX0.NF7S5I2pgZvEF_ScdLmZq6zuhRA4p5dQm2FHP35hdYY
2025-11-30 06:55:49.595 [http-nio-9090-exec-8] INFO  c.a.b.s.impl.CustomerServiceImpl - GET CUSTOMER PROFILE START | EMAIL: audrio8802@gmail.com
2025-11-30 06:55:49.596 [http-nio-9090-exec-7] INFO  c.a.b.config.JwtAuthenticationFilter - Authorities for audrio8802@gmail.com: [ROLE_CUSTOMER]
2025-11-30 06:55:49.596 [http-nio-9090-exec-7] DEBUG c.a.b.config.JwtAuthenticationFilter - Authenticated user from JWT: audrio8802@gmail.com
2025-11-30 06:55:49.596 [http-nio-9090-exec-7] INFO  c.a.b.config.JwtAuthenticationFilter - Authenticated user: audrio8802@gmail.com
2025-11-30 06:55:49.596 [http-nio-9090-exec-7] INFO  c.a.b.config.JwtAuthenticationFilter - Authorities: [ROLE_CUSTOMER]
2025-11-30 06:55:49.596 [http-nio-9090-exec-7] DEBUG o.s.security.web.FilterChainProxy - Secured GET /customer/myprofile
2025-11-30 06:55:49.596 [http-nio-9090-exec-7] INFO  c.a.b.controller.CustomerController - Method : GET | Endpoint : /customer/myprofile | Payload : Bearer eyJhbGciOiJIUzI1NiJ9.eyJyb2xlIjoiQ1VTVE9NRVIiLCJwdXJwb3NlIjoiYWNjZXNzIiwic3ViIjoiYXVkcmlvODgwMkBnbWFpbC5jb20iLCJpYXQiOjE3NjQ0NTA3NTUsImV4cCI6MTc2NDUzNzE1NX0.NF7S5I2pgZvEF_ScdLmZq6zuhRA4p5dQm2FHP35hdYY
2025-11-30 06:55:49.597 [http-nio-9090-exec-7] INFO  c.a.b.s.impl.CustomerServiceImpl - GET CUSTOMER PROFILE START | EMAIL: audrio8802@gmail.com
2025-11-30 06:55:49.598 [http-nio-9090-exec-8] INFO  c.a.b.s.impl.CustomerServiceImpl - GET CUSTOMER PROFILE SUCCESS
2025-11-30 06:55:49.598 [http-nio-9090-exec-8] DEBUG c.a.b.s.impl.CustomerServiceImpl - Converting entity to response for customer ID: 49b697a8-c144-4145-a894-e32477c12451
2025-11-30 06:55:49.599 [http-nio-9090-exec-7] INFO  c.a.b.s.impl.CustomerServiceImpl - GET CUSTOMER PROFILE SUCCESS
2025-11-30 06:55:49.599 [http-nio-9090-exec-7] DEBUG c.a.b.s.impl.CustomerServiceImpl - Converting entity to response for customer ID: 49b697a8-c144-4145-a894-e32477c12451
2025-11-30 06:55:49.610 [http-nio-9090-exec-6] DEBUG o.s.security.web.FilterChainProxy - Securing OPTIONS /customer/cart/mycart/49b697a8-c144-4145-a894-e32477c12451
2025-11-30 06:55:49.610 [http-nio-9090-exec-9] DEBUG o.s.security.web.FilterChainProxy - Securing OPTIONS /customer/order/49b697a8-c144-4145-a894-e32477c12451
2025-11-30 06:55:49.618 [http-nio-9090-exec-2] DEBUG o.s.security.web.FilterChainProxy - Securing GET /customer/cart/mycart/49b697a8-c144-4145-a894-e32477c12451
2025-11-30 06:55:49.618 [http-nio-9090-exec-3] DEBUG o.s.security.web.FilterChainProxy - Securing GET /customer/order/49b697a8-c144-4145-a894-e32477c12451
2025-11-30 06:55:49.618 [http-nio-9090-exec-2] DEBUG c.a.b.config.JwtAuthenticationFilter - >>> Request GET /api/v1.0/customer/cart/mycart/49b697a8-c144-4145-a894-e32477c12451
2025-11-30 06:55:49.618 [http-nio-9090-exec-3] DEBUG c.a.b.config.JwtAuthenticationFilter - >>> Request GET /api/v1.0/customer/order/49b697a8-c144-4145-a894-e32477c12451
2025-11-30 06:55:49.618 [http-nio-9090-exec-2] DEBUG c.a.b.config.JwtAuthenticationFilter - Token received (first 20 chars): eyJhbGciOiJIUzI1NiJ9...
2025-11-30 06:55:49.618 [http-nio-9090-exec-3] DEBUG c.a.b.config.JwtAuthenticationFilter - Token received (first 20 chars): eyJhbGciOiJIUzI1NiJ9...
2025-11-30 06:55:49.625 [http-nio-9090-exec-3] INFO  c.a.b.config.JwtAuthenticationFilter - Authorities for audrio8802@gmail.com: [ROLE_CUSTOMER]
2025-11-30 06:55:49.625 [http-nio-9090-exec-2] INFO  c.a.b.config.JwtAuthenticationFilter - Authorities for audrio8802@gmail.com: [ROLE_CUSTOMER]
2025-11-30 06:55:49.626 [http-nio-9090-exec-2] DEBUG c.a.b.config.JwtAuthenticationFilter - Authenticated user from JWT: audrio8802@gmail.com
2025-11-30 06:55:49.626 [http-nio-9090-exec-3] DEBUG c.a.b.config.JwtAuthenticationFilter - Authenticated user from JWT: audrio8802@gmail.com
2025-11-30 06:55:49.626 [http-nio-9090-exec-2] INFO  c.a.b.config.JwtAuthenticationFilter - Authenticated user: audrio8802@gmail.com
2025-11-30 06:55:49.626 [http-nio-9090-exec-3] INFO  c.a.b.config.JwtAuthenticationFilter - Authenticated user: audrio8802@gmail.com
2025-11-30 06:55:49.626 [http-nio-9090-exec-2] INFO  c.a.b.config.JwtAuthenticationFilter - Authorities: [ROLE_CUSTOMER]
2025-11-30 06:55:49.626 [http-nio-9090-exec-3] INFO  c.a.b.config.JwtAuthenticationFilter - Authorities: [ROLE_CUSTOMER]
2025-11-30 06:55:49.626 [http-nio-9090-exec-2] DEBUG o.s.security.web.FilterChainProxy - Secured GET /customer/cart/mycart/49b697a8-c144-4145-a894-e32477c12451
2025-11-30 06:55:49.626 [http-nio-9090-exec-3] DEBUG o.s.security.web.FilterChainProxy - Secured GET /customer/order/49b697a8-c144-4145-a894-e32477c12451
2025-11-30 06:55:49.627 [http-nio-9090-exec-2] INFO  c.a.b.controller.CartController - GET /customer/mycart/49b697a8-c144-4145-a894-e32477c12451
2025-11-30 06:55:49.627 [http-nio-9090-exec-3] INFO  c.a.b.controller.OrderController - REQUEST ORDERS BY CUSTOMER → 49b697a8-c144-4145-a894-e32477c12451
2025-11-30 06:55:49.628 [http-nio-9090-exec-3] DEBUG c.a.b.service.impl.OrderServiceImpl - Request daftar order customer → ID: 49b697a8-c144-4145-a894-e32477c12451
2025-11-30 06:56:48.560 [http-nio-9090-exec-8] DEBUG o.s.security.web.FilterChainProxy - Securing OPTIONS /public/products/fetchProducts
2025-11-30 06:56:48.560 [http-nio-9090-exec-1] DEBUG o.s.security.web.FilterChainProxy - Securing OPTIONS /public/products/fetchProducts
2025-11-30 06:56:48.560 [http-nio-9090-exec-10] DEBUG o.s.security.web.FilterChainProxy - Securing OPTIONS /customer/myprofile
2025-11-30 06:56:48.560 [http-nio-9090-exec-5] DEBUG o.s.security.web.FilterChainProxy - Securing OPTIONS /customer/myprofile
2025-11-30 06:56:48.589 [http-nio-9090-exec-4] DEBUG o.s.security.web.FilterChainProxy - Securing GET /public/products/fetchProducts
2025-11-30 06:56:48.589 [http-nio-9090-exec-7] DEBUG o.s.security.web.FilterChainProxy - Securing GET /public/products/fetchProducts
2025-11-30 06:56:48.590 [http-nio-9090-exec-7] DEBUG c.a.b.config.JwtAuthenticationFilter - >>> Request GET /api/v1.0/public/products/fetchProducts
2025-11-30 06:56:48.590 [http-nio-9090-exec-4] DEBUG c.a.b.config.JwtAuthenticationFilter - >>> Request GET /api/v1.0/public/products/fetchProducts
2025-11-30 06:56:48.590 [http-nio-9090-exec-7] DEBUG c.a.b.config.JwtAuthenticationFilter - Token received (first 20 chars): eyJhbGciOiJIUzI1NiJ9...
2025-11-30 06:56:48.590 [http-nio-9090-exec-4] DEBUG c.a.b.config.JwtAuthenticationFilter - Token received (first 20 chars): eyJhbGciOiJIUzI1NiJ9...
2025-11-30 06:56:48.590 [http-nio-9090-exec-6] DEBUG o.s.security.web.FilterChainProxy - Securing GET /customer/myprofile
2025-11-30 06:56:48.590 [http-nio-9090-exec-6] DEBUG c.a.b.config.JwtAuthenticationFilter - >>> Request GET /api/v1.0/customer/myprofile
2025-11-30 06:56:48.590 [http-nio-9090-exec-9] DEBUG o.s.security.web.FilterChainProxy - Securing GET /customer/myprofile
2025-11-30 06:56:48.590 [http-nio-9090-exec-6] DEBUG c.a.b.config.JwtAuthenticationFilter - Token received (first 20 chars): eyJhbGciOiJIUzI1NiJ9...
2025-11-30 06:56:48.590 [http-nio-9090-exec-9] DEBUG c.a.b.config.JwtAuthenticationFilter - >>> Request GET /api/v1.0/customer/myprofile
2025-11-30 06:56:48.590 [http-nio-9090-exec-9] DEBUG c.a.b.config.JwtAuthenticationFilter - Token received (first 20 chars): eyJhbGciOiJIUzI1NiJ9...
2025-11-30 06:56:48.596 [http-nio-9090-exec-4] INFO  c.a.b.config.JwtAuthenticationFilter - Authorities for audrio8802@gmail.com: [ROLE_CUSTOMER]
2025-11-30 06:56:48.596 [http-nio-9090-exec-7] INFO  c.a.b.config.JwtAuthenticationFilter - Authorities for audrio8802@gmail.com: [ROLE_CUSTOMER]
2025-11-30 06:56:48.596 [http-nio-9090-exec-4] DEBUG c.a.b.config.JwtAuthenticationFilter - Authenticated user from JWT: audrio8802@gmail.com
2025-11-30 06:56:48.596 [http-nio-9090-exec-7] DEBUG c.a.b.config.JwtAuthenticationFilter - Authenticated user from JWT: audrio8802@gmail.com
2025-11-30 06:56:48.596 [http-nio-9090-exec-7] INFO  c.a.b.config.JwtAuthenticationFilter - Authenticated user: audrio8802@gmail.com
2025-11-30 06:56:48.596 [http-nio-9090-exec-4] INFO  c.a.b.config.JwtAuthenticationFilter - Authenticated user: audrio8802@gmail.com
2025-11-30 06:56:48.596 [http-nio-9090-exec-7] INFO  c.a.b.config.JwtAuthenticationFilter - Authorities: [ROLE_CUSTOMER]
2025-11-30 06:56:48.596 [http-nio-9090-exec-4] INFO  c.a.b.config.JwtAuthenticationFilter - Authorities: [ROLE_CUSTOMER]
2025-11-30 06:56:48.596 [http-nio-9090-exec-4] DEBUG o.s.security.web.FilterChainProxy - Secured GET /public/products/fetchProducts
2025-11-30 06:56:48.596 [http-nio-9090-exec-7] DEBUG o.s.security.web.FilterChainProxy - Secured GET /public/products/fetchProducts
2025-11-30 06:56:48.596 [http-nio-9090-exec-9] INFO  c.a.b.config.JwtAuthenticationFilter - Authorities for audrio8802@gmail.com: [ROLE_CUSTOMER]
2025-11-30 06:56:48.596 [http-nio-9090-exec-7] INFO  c.a.b.controller.ProductController - Method : GET | Endpoint : /public/products/fetchProducts | Payload : 200 OK
2025-11-30 06:56:48.596 [http-nio-9090-exec-4] INFO  c.a.b.controller.ProductController - Method : GET | Endpoint : /public/products/fetchProducts | Payload : 200 OK
2025-11-30 06:56:48.596 [http-nio-9090-exec-9] DEBUG c.a.b.config.JwtAuthenticationFilter - Authenticated user from JWT: audrio8802@gmail.com
2025-11-30 06:56:48.596 [http-nio-9090-exec-9] INFO  c.a.b.config.JwtAuthenticationFilter - Authenticated user: audrio8802@gmail.com
2025-11-30 06:56:48.596 [http-nio-9090-exec-9] INFO  c.a.b.config.JwtAuthenticationFilter - Authorities: [ROLE_CUSTOMER]
2025-11-30 06:56:48.596 [http-nio-9090-exec-9] DEBUG o.s.security.web.FilterChainProxy - Secured GET /customer/myprofile
2025-11-30 06:56:48.597 [http-nio-9090-exec-9] INFO  c.a.b.controller.CustomerController - Method : GET | Endpoint : /customer/myprofile | Payload : Bearer eyJhbGciOiJIUzI1NiJ9.eyJyb2xlIjoiQ1VTVE9NRVIiLCJwdXJwb3NlIjoiYWNjZXNzIiwic3ViIjoiYXVkcmlvODgwMkBnbWFpbC5jb20iLCJpYXQiOjE3NjQ0NTA3NTUsImV4cCI6MTc2NDUzNzE1NX0.NF7S5I2pgZvEF_ScdLmZq6zuhRA4p5dQm2FHP35hdYY
2025-11-30 06:56:48.597 [http-nio-9090-exec-9] INFO  c.a.b.s.impl.CustomerServiceImpl - GET CUSTOMER PROFILE START | EMAIL: audrio8802@gmail.com
2025-11-30 06:56:48.599 [http-nio-9090-exec-6] INFO  c.a.b.config.JwtAuthenticationFilter - Authorities for audrio8802@gmail.com: [ROLE_CUSTOMER]
2025-11-30 06:56:48.599 [http-nio-9090-exec-6] DEBUG c.a.b.config.JwtAuthenticationFilter - Authenticated user from JWT: audrio8802@gmail.com
2025-11-30 06:56:48.599 [http-nio-9090-exec-6] INFO  c.a.b.config.JwtAuthenticationFilter - Authenticated user: audrio8802@gmail.com
2025-11-30 06:56:48.599 [http-nio-9090-exec-6] INFO  c.a.b.config.JwtAuthenticationFilter - Authorities: [ROLE_CUSTOMER]
2025-11-30 06:56:48.599 [http-nio-9090-exec-9] INFO  c.a.b.s.impl.CustomerServiceImpl - GET CUSTOMER PROFILE SUCCESS
2025-11-30 06:56:48.599 [http-nio-9090-exec-9] DEBUG c.a.b.s.impl.CustomerServiceImpl - Converting entity to response for customer ID: 49b697a8-c144-4145-a894-e32477c12451
2025-11-30 06:56:48.599 [http-nio-9090-exec-6] DEBUG o.s.security.web.FilterChainProxy - Secured GET /customer/myprofile
2025-11-30 06:56:48.599 [http-nio-9090-exec-6] INFO  c.a.b.controller.CustomerController - Method : GET | Endpoint : /customer/myprofile | Payload : Bearer eyJhbGciOiJIUzI1NiJ9.eyJyb2xlIjoiQ1VTVE9NRVIiLCJwdXJwb3NlIjoiYWNjZXNzIiwic3ViIjoiYXVkcmlvODgwMkBnbWFpbC5jb20iLCJpYXQiOjE3NjQ0NTA3NTUsImV4cCI6MTc2NDUzNzE1NX0.NF7S5I2pgZvEF_ScdLmZq6zuhRA4p5dQm2FHP35hdYY
2025-11-30 06:56:48.599 [http-nio-9090-exec-6] INFO  c.a.b.s.impl.CustomerServiceImpl - GET CUSTOMER PROFILE START | EMAIL: audrio8802@gmail.com
2025-11-30 06:56:48.604 [http-nio-9090-exec-6] INFO  c.a.b.s.impl.CustomerServiceImpl - GET CUSTOMER PROFILE SUCCESS
2025-11-30 06:56:48.604 [http-nio-9090-exec-6] DEBUG c.a.b.s.impl.CustomerServiceImpl - Converting entity to response for customer ID: 49b697a8-c144-4145-a894-e32477c12451
2025-11-30 06:56:48.633 [http-nio-9090-exec-3] DEBUG o.s.security.web.FilterChainProxy - Securing OPTIONS /customer/cart/mycart/49b697a8-c144-4145-a894-e32477c12451
2025-11-30 06:56:48.633 [http-nio-9090-exec-2] DEBUG o.s.security.web.FilterChainProxy - Securing OPTIONS /customer/order/49b697a8-c144-4145-a894-e32477c12451
2025-11-30 06:56:48.638 [http-nio-9090-exec-5] DEBUG o.s.security.web.FilterChainProxy - Securing GET /customer/cart/mycart/49b697a8-c144-4145-a894-e32477c12451
2025-11-30 06:56:48.638 [http-nio-9090-exec-1] DEBUG o.s.security.web.FilterChainProxy - Securing GET /customer/order/49b697a8-c144-4145-a894-e32477c12451
2025-11-30 06:56:48.638 [http-nio-9090-exec-5] DEBUG c.a.b.config.JwtAuthenticationFilter - >>> Request GET /api/v1.0/customer/cart/mycart/49b697a8-c144-4145-a894-e32477c12451
2025-11-30 06:56:48.638 [http-nio-9090-exec-1] DEBUG c.a.b.config.JwtAuthenticationFilter - >>> Request GET /api/v1.0/customer/order/49b697a8-c144-4145-a894-e32477c12451
2025-11-30 06:56:48.638 [http-nio-9090-exec-5] DEBUG c.a.b.config.JwtAuthenticationFilter - Token received (first 20 chars): eyJhbGciOiJIUzI1NiJ9...
2025-11-30 06:56:48.638 [http-nio-9090-exec-1] DEBUG c.a.b.config.JwtAuthenticationFilter - Token received (first 20 chars): eyJhbGciOiJIUzI1NiJ9...
2025-11-30 06:56:48.642 [http-nio-9090-exec-1] INFO  c.a.b.config.JwtAuthenticationFilter - Authorities for audrio8802@gmail.com: [ROLE_CUSTOMER]
2025-11-30 06:56:48.643 [http-nio-9090-exec-5] INFO  c.a.b.config.JwtAuthenticationFilter - Authorities for audrio8802@gmail.com: [ROLE_CUSTOMER]
2025-11-30 06:56:48.643 [http-nio-9090-exec-1] DEBUG c.a.b.config.JwtAuthenticationFilter - Authenticated user from JWT: audrio8802@gmail.com
2025-11-30 06:56:48.643 [http-nio-9090-exec-1] INFO  c.a.b.config.JwtAuthenticationFilter - Authenticated user: audrio8802@gmail.com
2025-11-30 06:56:48.643 [http-nio-9090-exec-1] INFO  c.a.b.config.JwtAuthenticationFilter - Authorities: [ROLE_CUSTOMER]
2025-11-30 06:56:48.643 [http-nio-9090-exec-5] DEBUG c.a.b.config.JwtAuthenticationFilter - Authenticated user from JWT: audrio8802@gmail.com
2025-11-30 06:56:48.643 [http-nio-9090-exec-5] INFO  c.a.b.config.JwtAuthenticationFilter - Authenticated user: audrio8802@gmail.com
2025-11-30 06:56:48.643 [http-nio-9090-exec-5] INFO  c.a.b.config.JwtAuthenticationFilter - Authorities: [ROLE_CUSTOMER]
2025-11-30 06:56:48.643 [http-nio-9090-exec-1] DEBUG o.s.security.web.FilterChainProxy - Secured GET /customer/order/49b697a8-c144-4145-a894-e32477c12451
2025-11-30 06:56:48.643 [http-nio-9090-exec-5] DEBUG o.s.security.web.FilterChainProxy - Secured GET /customer/cart/mycart/49b697a8-c144-4145-a894-e32477c12451
2025-11-30 06:56:48.644 [http-nio-9090-exec-5] INFO  c.a.b.controller.CartController - GET /customer/mycart/49b697a8-c144-4145-a894-e32477c12451
2025-11-30 06:56:48.644 [http-nio-9090-exec-1] INFO  c.a.b.controller.OrderController - REQUEST ORDERS BY CUSTOMER → 49b697a8-c144-4145-a894-e32477c12451
2025-11-30 06:56:48.644 [http-nio-9090-exec-1] DEBUG c.a.b.service.impl.OrderServiceImpl - Request daftar order customer → ID: 49b697a8-c144-4145-a894-e32477c12451
2025-11-30 06:56:49.208 [http-nio-9090-exec-8] DEBUG o.s.security.web.FilterChainProxy - Securing GET /customer/myprofile
2025-11-30 06:56:49.208 [http-nio-9090-exec-10] DEBUG o.s.security.web.FilterChainProxy - Securing GET /public/products/fetchProducts
2025-11-30 06:56:49.208 [http-nio-9090-exec-9] DEBUG o.s.security.web.FilterChainProxy - Securing GET /public/products/fetchProducts
2025-11-30 06:56:49.208 [http-nio-9090-exec-10] DEBUG c.a.b.config.JwtAuthenticationFilter - >>> Request GET /api/v1.0/public/products/fetchProducts
2025-11-30 06:56:49.208 [http-nio-9090-exec-8] DEBUG c.a.b.config.JwtAuthenticationFilter - >>> Request GET /api/v1.0/customer/myprofile
2025-11-30 06:56:49.208 [http-nio-9090-exec-10] DEBUG c.a.b.config.JwtAuthenticationFilter - Token received (first 20 chars): eyJhbGciOiJIUzI1NiJ9...
2025-11-30 06:56:49.208 [http-nio-9090-exec-8] DEBUG c.a.b.config.JwtAuthenticationFilter - Token received (first 20 chars): eyJhbGciOiJIUzI1NiJ9...
2025-11-30 06:56:49.209 [http-nio-9090-exec-9] DEBUG c.a.b.config.JwtAuthenticationFilter - >>> Request GET /api/v1.0/public/products/fetchProducts
2025-11-30 06:56:49.209 [http-nio-9090-exec-9] DEBUG c.a.b.config.JwtAuthenticationFilter - Token received (first 20 chars): eyJhbGciOiJIUzI1NiJ9...
2025-11-30 06:56:49.209 [http-nio-9090-exec-7] DEBUG o.s.security.web.FilterChainProxy - Securing GET /customer/myprofile
2025-11-30 06:56:49.209 [http-nio-9090-exec-7] DEBUG c.a.b.config.JwtAuthenticationFilter - >>> Request GET /api/v1.0/customer/myprofile
2025-11-30 06:56:49.209 [http-nio-9090-exec-7] DEBUG c.a.b.config.JwtAuthenticationFilter - Token received (first 20 chars): eyJhbGciOiJIUzI1NiJ9...
2025-11-30 06:56:49.214 [http-nio-9090-exec-9] INFO  c.a.b.config.JwtAuthenticationFilter - Authorities for audrio8802@gmail.com: [ROLE_CUSTOMER]
2025-11-30 06:56:49.214 [http-nio-9090-exec-10] INFO  c.a.b.config.JwtAuthenticationFilter - Authorities for audrio8802@gmail.com: [ROLE_CUSTOMER]
2025-11-30 06:56:49.214 [http-nio-9090-exec-8] INFO  c.a.b.config.JwtAuthenticationFilter - Authorities for audrio8802@gmail.com: [ROLE_CUSTOMER]
2025-11-30 06:56:49.214 [http-nio-9090-exec-10] DEBUG c.a.b.config.JwtAuthenticationFilter - Authenticated user from JWT: audrio8802@gmail.com
2025-11-30 06:56:49.214 [http-nio-9090-exec-9] DEBUG c.a.b.config.JwtAuthenticationFilter - Authenticated user from JWT: audrio8802@gmail.com
2025-11-30 06:56:49.214 [http-nio-9090-exec-9] INFO  c.a.b.config.JwtAuthenticationFilter - Authenticated user: audrio8802@gmail.com
2025-11-30 06:56:49.214 [http-nio-9090-exec-7] INFO  c.a.b.config.JwtAuthenticationFilter - Authorities for audrio8802@gmail.com: [ROLE_CUSTOMER]
2025-11-30 06:56:49.214 [http-nio-9090-exec-9] INFO  c.a.b.config.JwtAuthenticationFilter - Authorities: [ROLE_CUSTOMER]
2025-11-30 06:56:49.214 [http-nio-9090-exec-10] INFO  c.a.b.config.JwtAuthenticationFilter - Authenticated user: audrio8802@gmail.com
2025-11-30 06:56:49.214 [http-nio-9090-exec-8] DEBUG c.a.b.config.JwtAuthenticationFilter - Authenticated user from JWT: audrio8802@gmail.com
2025-11-30 06:56:49.214 [http-nio-9090-exec-8] INFO  c.a.b.config.JwtAuthenticationFilter - Authenticated user: audrio8802@gmail.com
2025-11-30 06:56:49.214 [http-nio-9090-exec-8] INFO  c.a.b.config.JwtAuthenticationFilter - Authorities: [ROLE_CUSTOMER]
2025-11-30 06:56:49.214 [http-nio-9090-exec-10] INFO  c.a.b.config.JwtAuthenticationFilter - Authorities: [ROLE_CUSTOMER]
2025-11-30 06:56:49.214 [http-nio-9090-exec-9] DEBUG o.s.security.web.FilterChainProxy - Secured GET /public/products/fetchProducts
2025-11-30 06:56:49.214 [http-nio-9090-exec-10] DEBUG o.s.security.web.FilterChainProxy - Secured GET /public/products/fetchProducts
2025-11-30 06:56:49.214 [http-nio-9090-exec-8] DEBUG o.s.security.web.FilterChainProxy - Secured GET /customer/myprofile
2025-11-30 06:56:49.214 [http-nio-9090-exec-7] DEBUG c.a.b.config.JwtAuthenticationFilter - Authenticated user from JWT: audrio8802@gmail.com
2025-11-30 06:56:49.214 [http-nio-9090-exec-7] INFO  c.a.b.config.JwtAuthenticationFilter - Authenticated user: audrio8802@gmail.com
2025-11-30 06:56:49.214 [http-nio-9090-exec-7] INFO  c.a.b.config.JwtAuthenticationFilter - Authorities: [ROLE_CUSTOMER]
2025-11-30 06:56:49.214 [http-nio-9090-exec-7] DEBUG o.s.security.web.FilterChainProxy - Secured GET /customer/myprofile
2025-11-30 06:56:49.214 [http-nio-9090-exec-10] INFO  c.a.b.controller.ProductController - Method : GET | Endpoint : /public/products/fetchProducts | Payload : 200 OK
2025-11-30 06:56:49.214 [http-nio-9090-exec-9] INFO  c.a.b.controller.ProductController - Method : GET | Endpoint : /public/products/fetchProducts | Payload : 200 OK
2025-11-30 06:56:49.215 [http-nio-9090-exec-8] INFO  c.a.b.controller.CustomerController - Method : GET | Endpoint : /customer/myprofile | Payload : Bearer eyJhbGciOiJIUzI1NiJ9.eyJyb2xlIjoiQ1VTVE9NRVIiLCJwdXJwb3NlIjoiYWNjZXNzIiwic3ViIjoiYXVkcmlvODgwMkBnbWFpbC5jb20iLCJpYXQiOjE3NjQ0NTA3NTUsImV4cCI6MTc2NDUzNzE1NX0.NF7S5I2pgZvEF_ScdLmZq6zuhRA4p5dQm2FHP35hdYY
2025-11-30 06:56:49.215 [http-nio-9090-exec-8] INFO  c.a.b.s.impl.CustomerServiceImpl - GET CUSTOMER PROFILE START | EMAIL: audrio8802@gmail.com
2025-11-30 06:56:49.215 [http-nio-9090-exec-7] INFO  c.a.b.controller.CustomerController - Method : GET | Endpoint : /customer/myprofile | Payload : Bearer eyJhbGciOiJIUzI1NiJ9.eyJyb2xlIjoiQ1VTVE9NRVIiLCJwdXJwb3NlIjoiYWNjZXNzIiwic3ViIjoiYXVkcmlvODgwMkBnbWFpbC5jb20iLCJpYXQiOjE3NjQ0NTA3NTUsImV4cCI6MTc2NDUzNzE1NX0.NF7S5I2pgZvEF_ScdLmZq6zuhRA4p5dQm2FHP35hdYY
2025-11-30 06:56:49.215 [http-nio-9090-exec-7] INFO  c.a.b.s.impl.CustomerServiceImpl - GET CUSTOMER PROFILE START | EMAIL: audrio8802@gmail.com
2025-11-30 06:56:49.217 [http-nio-9090-exec-8] INFO  c.a.b.s.impl.CustomerServiceImpl - GET CUSTOMER PROFILE SUCCESS
2025-11-30 06:56:49.217 [http-nio-9090-exec-8] DEBUG c.a.b.s.impl.CustomerServiceImpl - Converting entity to response for customer ID: 49b697a8-c144-4145-a894-e32477c12451
2025-11-30 06:56:49.217 [http-nio-9090-exec-7] INFO  c.a.b.s.impl.CustomerServiceImpl - GET CUSTOMER PROFILE SUCCESS
2025-11-30 06:56:49.217 [http-nio-9090-exec-7] DEBUG c.a.b.s.impl.CustomerServiceImpl - Converting entity to response for customer ID: 49b697a8-c144-4145-a894-e32477c12451
2025-11-30 06:56:49.231 [http-nio-9090-exec-6] DEBUG o.s.security.web.FilterChainProxy - Securing GET /customer/cart/mycart/49b697a8-c144-4145-a894-e32477c12451
2025-11-30 06:56:49.231 [http-nio-9090-exec-4] DEBUG o.s.security.web.FilterChainProxy - Securing GET /customer/order/49b697a8-c144-4145-a894-e32477c12451
2025-11-30 06:56:49.231 [http-nio-9090-exec-4] DEBUG c.a.b.config.JwtAuthenticationFilter - >>> Request GET /api/v1.0/customer/order/49b697a8-c144-4145-a894-e32477c12451
2025-11-30 06:56:49.231 [http-nio-9090-exec-6] DEBUG c.a.b.config.JwtAuthenticationFilter - >>> Request GET /api/v1.0/customer/cart/mycart/49b697a8-c144-4145-a894-e32477c12451
2025-11-30 06:56:49.231 [http-nio-9090-exec-6] DEBUG c.a.b.config.JwtAuthenticationFilter - Token received (first 20 chars): eyJhbGciOiJIUzI1NiJ9...
2025-11-30 06:56:49.231 [http-nio-9090-exec-4] DEBUG c.a.b.config.JwtAuthenticationFilter - Token received (first 20 chars): eyJhbGciOiJIUzI1NiJ9...
2025-11-30 06:56:49.236 [http-nio-9090-exec-4] INFO  c.a.b.config.JwtAuthenticationFilter - Authorities for audrio8802@gmail.com: [ROLE_CUSTOMER]
2025-11-30 06:56:49.237 [http-nio-9090-exec-4] DEBUG c.a.b.config.JwtAuthenticationFilter - Authenticated user from JWT: audrio8802@gmail.com
2025-11-30 06:56:49.237 [http-nio-9090-exec-4] INFO  c.a.b.config.JwtAuthenticationFilter - Authenticated user: audrio8802@gmail.com
2025-11-30 06:56:49.237 [http-nio-9090-exec-4] INFO  c.a.b.config.JwtAuthenticationFilter - Authorities: [ROLE_CUSTOMER]
2025-11-30 06:56:49.237 [http-nio-9090-exec-6] INFO  c.a.b.config.JwtAuthenticationFilter - Authorities for audrio8802@gmail.com: [ROLE_CUSTOMER]
2025-11-30 06:56:49.237 [http-nio-9090-exec-4] DEBUG o.s.security.web.FilterChainProxy - Secured GET /customer/order/49b697a8-c144-4145-a894-e32477c12451
2025-11-30 06:56:49.237 [http-nio-9090-exec-6] DEBUG c.a.b.config.JwtAuthenticationFilter - Authenticated user from JWT: audrio8802@gmail.com
2025-11-30 06:56:49.237 [http-nio-9090-exec-6] INFO  c.a.b.config.JwtAuthenticationFilter - Authenticated user: audrio8802@gmail.com
2025-11-30 06:56:49.237 [http-nio-9090-exec-6] INFO  c.a.b.config.JwtAuthenticationFilter - Authorities: [ROLE_CUSTOMER]
2025-11-30 06:56:49.237 [http-nio-9090-exec-6] DEBUG o.s.security.web.FilterChainProxy - Secured GET /customer/cart/mycart/49b697a8-c144-4145-a894-e32477c12451
2025-11-30 06:56:49.237 [http-nio-9090-exec-4] INFO  c.a.b.controller.OrderController - REQUEST ORDERS BY CUSTOMER → 49b697a8-c144-4145-a894-e32477c12451
2025-11-30 06:56:49.237 [http-nio-9090-exec-6] INFO  c.a.b.controller.CartController - GET /customer/mycart/49b697a8-c144-4145-a894-e32477c12451
2025-11-30 06:56:49.238 [http-nio-9090-exec-4] DEBUG c.a.b.service.impl.OrderServiceImpl - Request daftar order customer → ID: 49b697a8-c144-4145-a894-e32477c12451
2025-11-30 06:57:55.236 [http-nio-9090-exec-8] DEBUG o.s.security.web.FilterChainProxy - Securing OPTIONS /public/products/fetchProducts
2025-11-30 06:57:55.236 [http-nio-9090-exec-7] DEBUG o.s.security.web.FilterChainProxy - Securing OPTIONS /customer/myprofile
2025-11-30 06:57:55.237 [http-nio-9090-exec-10] DEBUG o.s.security.web.FilterChainProxy - Securing OPTIONS /public/products/fetchProducts
2025-11-30 06:57:55.237 [http-nio-9090-exec-9] DEBUG o.s.security.web.FilterChainProxy - Securing OPTIONS /customer/myprofile
2025-11-30 06:57:55.243 [http-nio-9090-exec-2] DEBUG o.s.security.web.FilterChainProxy - Securing GET /customer/myprofile
2025-11-30 06:57:55.243 [http-nio-9090-exec-3] DEBUG o.s.security.web.FilterChainProxy - Securing GET /public/products/fetchProducts
2025-11-30 06:57:55.243 [http-nio-9090-exec-6] DEBUG o.s.security.web.FilterChainProxy - Securing GET /customer/myprofile
2025-11-30 06:57:55.243 [http-nio-9090-exec-4] DEBUG o.s.security.web.FilterChainProxy - Securing GET /public/products/fetchProducts
2025-11-30 06:57:55.243 [http-nio-9090-exec-3] DEBUG c.a.b.config.JwtAuthenticationFilter - >>> Request GET /api/v1.0/public/products/fetchProducts
2025-11-30 06:57:55.243 [http-nio-9090-exec-2] DEBUG c.a.b.config.JwtAuthenticationFilter - >>> Request GET /api/v1.0/customer/myprofile
2025-11-30 06:57:55.245 [http-nio-9090-exec-3] DEBUG c.a.b.config.JwtAuthenticationFilter - Token received (first 20 chars): eyJhbGciOiJIUzI1NiJ9...
2025-11-30 06:57:55.245 [http-nio-9090-exec-2] DEBUG c.a.b.config.JwtAuthenticationFilter - Token received (first 20 chars): eyJhbGciOiJIUzI1NiJ9...
2025-11-30 06:57:55.245 [http-nio-9090-exec-6] DEBUG c.a.b.config.JwtAuthenticationFilter - >>> Request GET /api/v1.0/customer/myprofile
2025-11-30 06:57:55.245 [http-nio-9090-exec-6] DEBUG c.a.b.config.JwtAuthenticationFilter - Token received (first 20 chars): eyJhbGciOiJIUzI1NiJ9...
2025-11-30 06:57:55.245 [http-nio-9090-exec-4] DEBUG c.a.b.config.JwtAuthenticationFilter - >>> Request GET /api/v1.0/public/products/fetchProducts
2025-11-30 06:57:55.245 [http-nio-9090-exec-4] DEBUG c.a.b.config.JwtAuthenticationFilter - Token received (first 20 chars): eyJhbGciOiJIUzI1NiJ9...
2025-11-30 06:57:55.250 [http-nio-9090-exec-2] INFO  c.a.b.config.JwtAuthenticationFilter - Authorities for audrio8802@gmail.com: [ROLE_CUSTOMER]
2025-11-30 06:57:55.250 [http-nio-9090-exec-3] INFO  c.a.b.config.JwtAuthenticationFilter - Authorities for audrio8802@gmail.com: [ROLE_CUSTOMER]
2025-11-30 06:57:55.250 [http-nio-9090-exec-2] DEBUG c.a.b.config.JwtAuthenticationFilter - Authenticated user from JWT: audrio8802@gmail.com
2025-11-30 06:57:55.250 [http-nio-9090-exec-2] INFO  c.a.b.config.JwtAuthenticationFilter - Authenticated user: audrio8802@gmail.com
2025-11-30 06:57:55.250 [http-nio-9090-exec-3] DEBUG c.a.b.config.JwtAuthenticationFilter - Authenticated user from JWT: audrio8802@gmail.com
2025-11-30 06:57:55.250 [http-nio-9090-exec-3] INFO  c.a.b.config.JwtAuthenticationFilter - Authenticated user: audrio8802@gmail.com
2025-11-30 06:57:55.250 [http-nio-9090-exec-3] INFO  c.a.b.config.JwtAuthenticationFilter - Authorities: [ROLE_CUSTOMER]
2025-11-30 06:57:55.250 [http-nio-9090-exec-6] INFO  c.a.b.config.JwtAuthenticationFilter - Authorities for audrio8802@gmail.com: [ROLE_CUSTOMER]
2025-11-30 06:57:55.251 [http-nio-9090-exec-6] DEBUG c.a.b.config.JwtAuthenticationFilter - Authenticated user from JWT: audrio8802@gmail.com
2025-11-30 06:57:55.250 [http-nio-9090-exec-2] INFO  c.a.b.config.JwtAuthenticationFilter - Authorities: [ROLE_CUSTOMER]
2025-11-30 06:57:55.251 [http-nio-9090-exec-6] INFO  c.a.b.config.JwtAuthenticationFilter - Authenticated user: audrio8802@gmail.com
2025-11-30 06:57:55.251 [http-nio-9090-exec-6] INFO  c.a.b.config.JwtAuthenticationFilter - Authorities: [ROLE_CUSTOMER]
2025-11-30 06:57:55.251 [http-nio-9090-exec-4] INFO  c.a.b.config.JwtAuthenticationFilter - Authorities for audrio8802@gmail.com: [ROLE_CUSTOMER]
2025-11-30 06:57:55.251 [http-nio-9090-exec-3] DEBUG o.s.security.web.FilterChainProxy - Secured GET /public/products/fetchProducts
2025-11-30 06:57:55.251 [http-nio-9090-exec-6] DEBUG o.s.security.web.FilterChainProxy - Secured GET /customer/myprofile
2025-11-30 06:57:55.251 [http-nio-9090-exec-4] DEBUG c.a.b.config.JwtAuthenticationFilter - Authenticated user from JWT: audrio8802@gmail.com
2025-11-30 06:57:55.251 [http-nio-9090-exec-2] DEBUG o.s.security.web.FilterChainProxy - Secured GET /customer/myprofile
2025-11-30 06:57:55.251 [http-nio-9090-exec-4] INFO  c.a.b.config.JwtAuthenticationFilter - Authenticated user: audrio8802@gmail.com
2025-11-30 06:57:55.251 [http-nio-9090-exec-4] INFO  c.a.b.config.JwtAuthenticationFilter - Authorities: [ROLE_CUSTOMER]
2025-11-30 06:57:55.251 [http-nio-9090-exec-4] DEBUG o.s.security.web.FilterChainProxy - Secured GET /public/products/fetchProducts
2025-11-30 06:57:55.251 [http-nio-9090-exec-3] INFO  c.a.b.controller.ProductController - Method : GET | Endpoint : /public/products/fetchProducts | Payload : 200 OK
2025-11-30 06:57:55.251 [http-nio-9090-exec-4] INFO  c.a.b.controller.ProductController - Method : GET | Endpoint : /public/products/fetchProducts | Payload : 200 OK
2025-11-30 06:57:55.252 [http-nio-9090-exec-6] INFO  c.a.b.controller.CustomerController - Method : GET | Endpoint : /customer/myprofile | Payload : Bearer eyJhbGciOiJIUzI1NiJ9.eyJyb2xlIjoiQ1VTVE9NRVIiLCJwdXJwb3NlIjoiYWNjZXNzIiwic3ViIjoiYXVkcmlvODgwMkBnbWFpbC5jb20iLCJpYXQiOjE3NjQ0NTA3NTUsImV4cCI6MTc2NDUzNzE1NX0.NF7S5I2pgZvEF_ScdLmZq6zuhRA4p5dQm2FHP35hdYY
2025-11-30 06:57:55.252 [http-nio-9090-exec-2] INFO  c.a.b.controller.CustomerController - Method : GET | Endpoint : /customer/myprofile | Payload : Bearer eyJhbGciOiJIUzI1NiJ9.eyJyb2xlIjoiQ1VTVE9NRVIiLCJwdXJwb3NlIjoiYWNjZXNzIiwic3ViIjoiYXVkcmlvODgwMkBnbWFpbC5jb20iLCJpYXQiOjE3NjQ0NTA3NTUsImV4cCI6MTc2NDUzNzE1NX0.NF7S5I2pgZvEF_ScdLmZq6zuhRA4p5dQm2FHP35hdYY
2025-11-30 06:57:55.252 [http-nio-9090-exec-6] INFO  c.a.b.s.impl.CustomerServiceImpl - GET CUSTOMER PROFILE START | EMAIL: audrio8802@gmail.com
2025-11-30 06:57:55.252 [http-nio-9090-exec-2] INFO  c.a.b.s.impl.CustomerServiceImpl - GET CUSTOMER PROFILE START | EMAIL: audrio8802@gmail.com
2025-11-30 06:57:55.255 [http-nio-9090-exec-6] INFO  c.a.b.s.impl.CustomerServiceImpl - GET CUSTOMER PROFILE SUCCESS
2025-11-30 06:57:55.255 [http-nio-9090-exec-6] DEBUG c.a.b.s.impl.CustomerServiceImpl - Converting entity to response for customer ID: 49b697a8-c144-4145-a894-e32477c12451
2025-11-30 06:57:55.255 [http-nio-9090-exec-2] INFO  c.a.b.s.impl.CustomerServiceImpl - GET CUSTOMER PROFILE SUCCESS
2025-11-30 06:57:55.255 [http-nio-9090-exec-2] DEBUG c.a.b.s.impl.CustomerServiceImpl - Converting entity to response for customer ID: 49b697a8-c144-4145-a894-e32477c12451
2025-11-30 06:57:55.278 [http-nio-9090-exec-5] DEBUG o.s.security.web.FilterChainProxy - Securing OPTIONS /customer/cart/mycart/49b697a8-c144-4145-a894-e32477c12451
2025-11-30 06:57:55.278 [http-nio-9090-exec-1] DEBUG o.s.security.web.FilterChainProxy - Securing OPTIONS /customer/order/49b697a8-c144-4145-a894-e32477c12451
2025-11-30 06:57:55.284 [http-nio-9090-exec-7] DEBUG o.s.security.web.FilterChainProxy - Securing GET /customer/order/49b697a8-c144-4145-a894-e32477c12451
2025-11-30 06:57:55.284 [http-nio-9090-exec-8] DEBUG o.s.security.web.FilterChainProxy - Securing GET /customer/cart/mycart/49b697a8-c144-4145-a894-e32477c12451
2025-11-30 06:57:55.284 [http-nio-9090-exec-8] DEBUG c.a.b.config.JwtAuthenticationFilter - >>> Request GET /api/v1.0/customer/cart/mycart/49b697a8-c144-4145-a894-e32477c12451
2025-11-30 06:57:55.284 [http-nio-9090-exec-7] DEBUG c.a.b.config.JwtAuthenticationFilter - >>> Request GET /api/v1.0/customer/order/49b697a8-c144-4145-a894-e32477c12451
2025-11-30 06:57:55.284 [http-nio-9090-exec-8] DEBUG c.a.b.config.JwtAuthenticationFilter - Token received (first 20 chars): eyJhbGciOiJIUzI1NiJ9...
2025-11-30 06:57:55.284 [http-nio-9090-exec-7] DEBUG c.a.b.config.JwtAuthenticationFilter - Token received (first 20 chars): eyJhbGciOiJIUzI1NiJ9...
2025-11-30 06:57:55.290 [http-nio-9090-exec-7] INFO  c.a.b.config.JwtAuthenticationFilter - Authorities for audrio8802@gmail.com: [ROLE_CUSTOMER]
2025-11-30 06:57:55.289 [http-nio-9090-exec-8] INFO  c.a.b.config.JwtAuthenticationFilter - Authorities for audrio8802@gmail.com: [ROLE_CUSTOMER]
2025-11-30 06:57:55.290 [http-nio-9090-exec-8] DEBUG c.a.b.config.JwtAuthenticationFilter - Authenticated user from JWT: audrio8802@gmail.com
2025-11-30 06:57:55.290 [http-nio-9090-exec-7] DEBUG c.a.b.config.JwtAuthenticationFilter - Authenticated user from JWT: audrio8802@gmail.com
2025-11-30 06:57:55.290 [http-nio-9090-exec-7] INFO  c.a.b.config.JwtAuthenticationFilter - Authenticated user: audrio8802@gmail.com
2025-11-30 06:57:55.290 [http-nio-9090-exec-7] INFO  c.a.b.config.JwtAuthenticationFilter - Authorities: [ROLE_CUSTOMER]
2025-11-30 06:57:55.290 [http-nio-9090-exec-8] INFO  c.a.b.config.JwtAuthenticationFilter - Authenticated user: audrio8802@gmail.com
2025-11-30 06:57:55.290 [http-nio-9090-exec-8] INFO  c.a.b.config.JwtAuthenticationFilter - Authorities: [ROLE_CUSTOMER]
2025-11-30 06:57:55.290 [http-nio-9090-exec-7] DEBUG o.s.security.web.FilterChainProxy - Secured GET /customer/order/49b697a8-c144-4145-a894-e32477c12451
2025-11-30 06:57:55.290 [http-nio-9090-exec-8] DEBUG o.s.security.web.FilterChainProxy - Secured GET /customer/cart/mycart/49b697a8-c144-4145-a894-e32477c12451
2025-11-30 06:57:55.290 [http-nio-9090-exec-8] INFO  c.a.b.controller.CartController - GET /customer/mycart/49b697a8-c144-4145-a894-e32477c12451
2025-11-30 06:57:55.290 [http-nio-9090-exec-7] INFO  c.a.b.controller.OrderController - REQUEST ORDERS BY CUSTOMER → 49b697a8-c144-4145-a894-e32477c12451
2025-11-30 06:57:55.291 [http-nio-9090-exec-7] DEBUG c.a.b.service.impl.OrderServiceImpl - Request daftar order customer → ID: 49b697a8-c144-4145-a894-e32477c12451
2025-11-30 06:58:13.228 [http-nio-9090-exec-9] DEBUG o.s.security.web.FilterChainProxy - Securing OPTIONS /customer/order/create
2025-11-30 06:58:13.231 [http-nio-9090-exec-10] DEBUG o.s.security.web.FilterChainProxy - Securing POST /customer/order/create
2025-11-30 06:58:13.231 [http-nio-9090-exec-10] DEBUG c.a.b.config.JwtAuthenticationFilter - >>> Request POST /api/v1.0/customer/order/create
2025-11-30 06:58:13.231 [http-nio-9090-exec-10] DEBUG c.a.b.config.JwtAuthenticationFilter - Token received (first 20 chars): eyJhbGciOiJIUzI1NiJ9...
2025-11-30 06:58:13.235 [http-nio-9090-exec-10] INFO  c.a.b.config.JwtAuthenticationFilter - Authorities for audrio8802@gmail.com: [ROLE_CUSTOMER]
2025-11-30 06:58:13.235 [http-nio-9090-exec-10] DEBUG c.a.b.config.JwtAuthenticationFilter - Authenticated user from JWT: audrio8802@gmail.com
2025-11-30 06:58:13.235 [http-nio-9090-exec-10] INFO  c.a.b.config.JwtAuthenticationFilter - Authenticated user: audrio8802@gmail.com
2025-11-30 06:58:13.235 [http-nio-9090-exec-10] INFO  c.a.b.config.JwtAuthenticationFilter - Authorities: [ROLE_CUSTOMER]
2025-11-30 06:58:13.235 [http-nio-9090-exec-10] DEBUG o.s.security.web.FilterChainProxy - Secured POST /customer/order/create
2025-11-30 06:58:13.384 [http-nio-9090-exec-10] INFO  c.a.b.controller.OrderController - RECEIVED CREATE ORDER → customerId: 49b697a8-c144-4145-a894-e32477c12451, items: 2
2025-11-30 06:58:13.386 [http-nio-9090-exec-10] INFO  c.a.b.service.impl.OrderServiceImpl - === MEMULAI PEMBUATAN ORDER BARU ===
2025-11-30 06:58:13.386 [http-nio-9090-exec-10] INFO  c.a.b.service.impl.OrderServiceImpl - Request dari customerId: 49b697a8-c144-4145-a894-e32477c12451
2025-11-30 06:58:13.386 [http-nio-9090-exec-10] INFO  c.a.b.service.impl.OrderServiceImpl - Alamat pengiriman: Jl sudirman
2025-11-30 06:58:13.386 [http-nio-9090-exec-10] INFO  c.a.b.service.impl.OrderServiceImpl - Jumlah item di keranjang: 2
2025-11-30 06:58:13.388 [http-nio-9090-exec-10] INFO  c.a.b.service.impl.OrderServiceImpl - Customer ditemukan: Zwita Sianturi (audrio8802@gmail.com)
2025-11-30 06:58:13.390 [http-nio-9090-exec-10] INFO  c.a.b.service.impl.OrderServiceImpl - Order number yang digenerate: ORD-20251130-0001
2025-11-30 06:58:13.393 [http-nio-9090-exec-10] DEBUG c.a.b.service.impl.OrderServiceImpl - Check stock → Product: Butter Brioche (ID: 09cc3466-71b5-492a-9320-7c1dadbccc30), Stock saat ini: 80, Diminta: 2
2025-11-30 06:58:13.394 [http-nio-9090-exec-10] INFO  c.a.b.service.impl.OrderServiceImpl - Item ditambahkan → Butter Brioche × 2 (Rp 22000.0, subtotal Rp 44000.0)
2025-11-30 06:58:13.395 [http-nio-9090-exec-10] DEBUG c.a.b.service.impl.OrderServiceImpl - Check stock → Product: Cinnamon Roll Classic (ID: 1b1d7cdd-b551-468e-b399-bcf98cdf8051), Stock saat ini: 70, Diminta: 1
2025-11-30 06:58:13.395 [http-nio-9090-exec-10] INFO  c.a.b.service.impl.OrderServiceImpl - Item ditambahkan → Cinnamon Roll Classic × 1 (Rp 25000.0, subtotal Rp 25000.0)
2025-11-30 06:58:13.979 [http-nio-9090-exec-10] WARN  o.h.e.jdbc.spi.SqlExceptionHelper - SQL Error: 1366, SQLState: HY000
2025-11-30 06:58:13.979 [http-nio-9090-exec-10] ERROR o.h.e.jdbc.spi.SqlExceptionHelper - Incorrect string value: '\xEB\xB1!\xBD\xF4h...' for column 'id_order_detail' at row 1
2025-11-30 06:58:13.998 [http-nio-9090-exec-10] ERROR o.a.c.c.C.[.[.[.0.[dispatcherServlet] - Servlet.service() for servlet [dispatcherServlet] in context with path [/api/v1.0] threw exception [Request processing failed: org.springframework.orm.jpa.JpaSystemException: could not execute statement [Incorrect string value: '\xEB\xB1!\xBD\xF4h...' for column 'id_order_detail' at row 1] [insert into order_details (id_order,id_product,quantity,subtotal,unit_price,id_order_detail) values (?,?,?,?,?,?)]] with root cause
java.sql.SQLException: Incorrect string value: '\xEB\xB1!\xBD\xF4h...' for column 'id_order_detail' at row 1
	at com.mysql.cj.jdbc.exceptions.SQLError.createSQLException(SQLError.java:121)
	at com.mysql.cj.jdbc.exceptions.SQLExceptionsMapping.translateException(SQLExceptionsMapping.java:114)
	at com.mysql.cj.jdbc.ClientPreparedStatement.executeInternal(ClientPreparedStatement.java:988)
	at com.mysql.cj.jdbc.ClientPreparedStatement.executeUpdateInternal(ClientPreparedStatement.java:1166)
	at com.mysql.cj.jdbc.ClientPreparedStatement.executeUpdateInternal(ClientPreparedStatement.java:1101)
	at com.mysql.cj.jdbc.ClientPreparedStatement.executeLargeUpdate(ClientPreparedStatement.java:1448)
	at com.mysql.cj.jdbc.ClientPreparedStatement.executeUpdate(ClientPreparedStatement.java:1084)
	at com.zaxxer.hikari.pool.ProxyPreparedStatement.executeUpdate(ProxyPreparedStatement.java:61)
	at com.zaxxer.hikari.pool.HikariProxyPreparedStatement.executeUpdate(HikariProxyPreparedStatement.java)
	at org.hibernate.engine.jdbc.internal.ResultSetReturnImpl.executeUpdate(ResultSetReturnImpl.java:194)
	at org.hibernate.engine.jdbc.mutation.internal.AbstractMutationExecutor.performNonBatchedMutation(AbstractMutationExecutor.java:134)
	at org.hibernate.engine.jdbc.mutation.internal.MutationExecutorSingleNonBatched.performNonBatchedOperations(MutationExecutorSingleNonBatched.java:55)
	at org.hibernate.engine.jdbc.mutation.internal.AbstractMutationExecutor.execute(AbstractMutationExecutor.java:55)
	at org.hibernate.persister.entity.mutation.InsertCoordinatorStandard.doStaticInserts(InsertCoordinatorStandard.java:194)
	at org.hibernate.persister.entity.mutation.InsertCoordinatorStandard.coordinateInsert(InsertCoordinatorStandard.java:132)
	at org.hibernate.persister.entity.mutation.InsertCoordinatorStandard.insert(InsertCoordinatorStandard.java:104)
	at org.hibernate.action.internal.EntityInsertAction.execute(EntityInsertAction.java:110)
	at org.hibernate.engine.spi.ActionQueue.executeActions(ActionQueue.java:644)
	at org.hibernate.engine.spi.ActionQueue.executeActions(ActionQueue.java:511)
	at org.hibernate.event.internal.AbstractFlushingEventListener.performExecutions(AbstractFlushingEventListener.java:414)
	at org.hibernate.event.internal.DefaultFlushEventListener.onFlush(DefaultFlushEventListener.java:41)
	at org.hibernate.event.service.internal.EventListenerGroupImpl.fireEventOnEachListener(EventListenerGroupImpl.java:127)
	at org.hibernate.internal.SessionImpl.doFlush(SessionImpl.java:1429)
	at org.hibernate.internal.SessionImpl.managedFlush(SessionImpl.java:491)
	at org.hibernate.internal.SessionImpl.flushBeforeTransactionCompletion(SessionImpl.java:2354)
	at org.hibernate.internal.SessionImpl.beforeTransactionCompletion(SessionImpl.java:1978)
	at org.hibernate.engine.jdbc.internal.JdbcCoordinatorImpl.beforeTransactionCompletion(JdbcCoordinatorImpl.java:439)
	at org.hibernate.resource.transaction.backend.jdbc.internal.JdbcResourceLocalTransactionCoordinatorImpl.beforeCompletionCallback(JdbcResourceLocalTransactionCoordinatorImpl.java:169)
	at org.hibernate.resource.transaction.backend.jdbc.internal.JdbcResourceLocalTransactionCoordinatorImpl$TransactionDriverControlImpl.commit(JdbcResourceLocalTransactionCoordinatorImpl.java:267)
	at org.hibernate.engine.transaction.internal.TransactionImpl.commit(TransactionImpl.java:101)
	at org.springframework.orm.jpa.JpaTransactionManager.doCommit(JpaTransactionManager.java:563)
	at org.springframework.transaction.support.AbstractPlatformTransactionManager.processCommit(AbstractPlatformTransactionManager.java:795)
	at org.springframework.transaction.support.AbstractPlatformTransactionManager.commit(AbstractPlatformTransactionManager.java:758)
	at org.springframework.transaction.interceptor.TransactionAspectSupport.commitTransactionAfterReturning(TransactionAspectSupport.java:698)
	at org.springframework.transaction.interceptor.TransactionAspectSupport.invokeWithinTransaction(TransactionAspectSupport.java:416)
	at org.springframework.transaction.interceptor.TransactionInterceptor.invoke(TransactionInterceptor.java:119)
	at org.springframework.aop.framework.ReflectiveMethodInvocation.proceed(ReflectiveMethodInvocation.java:184)
	at org.springframework.aop.framework.CglibAopProxy$DynamicAdvisedInterceptor.intercept(CglibAopProxy.java:728)
	at com.audrio.backendbakrie.service.impl.OrderServiceImpl$$SpringCGLIB$$0.createOrder(<generated>)
	at com.audrio.backendbakrie.controller.OrderController.createOrder(OrderController.java:30)
	at java.base/jdk.internal.reflect.DirectMethodHandleAccessor.invoke(DirectMethodHandleAccessor.java:103)
	at java.base/java.lang.reflect.Method.invoke(Method.java:580)
	at org.springframework.web.method.support.InvocableHandlerMethod.doInvoke(InvocableHandlerMethod.java:258)
	at org.springframework.web.method.support.InvocableHandlerMethod.invokeForRequest(InvocableHandlerMethod.java:191)
	at org.springframework.web.servlet.mvc.method.annotation.ServletInvocableHandlerMethod.invokeAndHandle(ServletInvocableHandlerMethod.java:118)
	at org.springframework.web.servlet.mvc.method.annotation.RequestMappingHandlerAdapter.invokeHandlerMethod(RequestMappingHandlerAdapter.java:991)
	at org.springframework.web.servlet.mvc.method.annotation.RequestMappingHandlerAdapter.handleInternal(RequestMappingHandlerAdapter.java:896)
	at org.springframework.web.servlet.mvc.method.AbstractHandlerMethodAdapter.handle(AbstractHandlerMethodAdapter.java:87)
	at org.springframework.web.servlet.DispatcherServlet.doDispatch(DispatcherServlet.java:1089)
	at org.springframework.web.servlet.DispatcherServlet.doService(DispatcherServlet.java:979)
	at org.springframework.web.servlet.FrameworkServlet.processRequest(FrameworkServlet.java:1014)
	at org.springframework.web.servlet.FrameworkServlet.doPost(FrameworkServlet.java:914)
	at jakarta.servlet.http.HttpServlet.service(HttpServlet.java:590)
	at org.springframework.web.servlet.FrameworkServlet.service(FrameworkServlet.java:885)
	at jakarta.servlet.http.HttpServlet.service(HttpServlet.java:658)
	at org.apache.catalina.core.ApplicationFilterChain.internalDoFilter(ApplicationFilterChain.java:193)
	at org.apache.catalina.core.ApplicationFilterChain.doFilter(ApplicationFilterChain.java:138)
	at org.apache.tomcat.websocket.server.WsFilter.doFilter(WsFilter.java:51)
	at org.apache.catalina.core.ApplicationFilterChain.internalDoFilter(ApplicationFilterChain.java:162)
	at org.apache.catalina.core.ApplicationFilterChain.doFilter(ApplicationFilterChain.java:138)
	at org.springframework.web.filter.OncePerRequestFilter.doFilter(OncePerRequestFilter.java:110)
	at org.apache.catalina.core.ApplicationFilterChain.internalDoFilter(ApplicationFilterChain.java:162)
	at org.apache.catalina.core.ApplicationFilterChain.doFilter(ApplicationFilterChain.java:138)
	at org.springframework.web.filter.CompositeFilter$VirtualFilterChain.doFilter(CompositeFilter.java:108)
	at org.springframework.web.filter.CompositeFilter$VirtualFilterChain.doFilter(CompositeFilter.java:108)
	at org.springframework.security.web.FilterChainProxy.lambda$doFilterInternal$3(FilterChainProxy.java:231)
	at org.springframework.security.web.FilterChainProxy$VirtualFilterChain.doFilter(FilterChainProxy.java:365)
	at org.springframework.security.web.access.intercept.AuthorizationFilter.doFilter(AuthorizationFilter.java:101)
	at org.springframework.security.web.FilterChainProxy$VirtualFilterChain.doFilter(FilterChainProxy.java:374)
	at org.springframework.security.web.access.ExceptionTranslationFilter.doFilter(ExceptionTranslationFilter.java:125)
	at org.springframework.security.web.access.ExceptionTranslationFilter.doFilter(ExceptionTranslationFilter.java:119)
	at org.springframework.security.web.FilterChainProxy$VirtualFilterChain.doFilter(FilterChainProxy.java:374)
	at org.springframework.security.web.session.SessionManagementFilter.doFilter(SessionManagementFilter.java:131)
	at org.springframework.security.web.session.SessionManagementFilter.doFilter(SessionManagementFilter.java:85)
	at org.springframework.security.web.FilterChainProxy$VirtualFilterChain.doFilter(FilterChainProxy.java:374)
	at org.springframework.security.web.authentication.AnonymousAuthenticationFilter.doFilter(AnonymousAuthenticationFilter.java:100)
	at org.springframework.security.web.FilterChainProxy$VirtualFilterChain.doFilter(FilterChainProxy.java:374)
	at org.springframework.security.web.servletapi.SecurityContextHolderAwareRequestFilter.doFilter(SecurityContextHolderAwareRequestFilter.java:179)
	at org.springframework.security.web.FilterChainProxy$VirtualFilterChain.doFilter(FilterChainProxy.java:374)
	at org.springframework.security.web.savedrequest.RequestCacheAwareFilter.doFilter(RequestCacheAwareFilter.java:63)
	at org.springframework.security.web.FilterChainProxy$VirtualFilterChain.doFilter(FilterChainProxy.java:374)
	at com.audrio.backendbakrie.config.JwtAuthenticationFilter.doFilterInternal(JwtAuthenticationFilter.java:131)
	at org.springframework.web.filter.OncePerRequestFilter.doFilter(OncePerRequestFilter.java:116)
	at org.springframework.security.web.FilterChainProxy$VirtualFilterChain.doFilter(FilterChainProxy.java:374)
	at org.springframework.security.web.authentication.logout.LogoutFilter.doFilter(LogoutFilter.java:107)
	at org.springframework.security.web.authentication.logout.LogoutFilter.doFilter(LogoutFilter.java:93)
	at org.springframework.security.web.FilterChainProxy$VirtualFilterChain.doFilter(FilterChainProxy.java:374)
	at org.springframework.web.filter.CorsFilter.doFilterInternal(CorsFilter.java:91)
	at org.springframework.web.filter.OncePerRequestFilter.doFilter(OncePerRequestFilter.java:116)
	at org.springframework.security.web.FilterChainProxy$VirtualFilterChain.doFilter(FilterChainProxy.java:374)
	at org.springframework.security.web.header.HeaderWriterFilter.doHeadersAfter(HeaderWriterFilter.java:90)
	at org.springframework.security.web.header.HeaderWriterFilter.doFilterInternal(HeaderWriterFilter.java:75)
	at org.springframework.web.filter.OncePerRequestFilter.doFilter(OncePerRequestFilter.java:116)
	at org.springframework.security.web.FilterChainProxy$VirtualFilterChain.doFilter(FilterChainProxy.java:374)
	at org.springframework.security.web.context.SecurityContextHolderFilter.doFilter(SecurityContextHolderFilter.java:82)
	at org.springframework.security.web.context.SecurityContextHolderFilter.doFilter(SecurityContextHolderFilter.java:69)
	at org.springframework.security.web.FilterChainProxy$VirtualFilterChain.doFilter(FilterChainProxy.java:374)
	at org.springframework.security.web.context.request.async.WebAsyncManagerIntegrationFilter.doFilterInternal(WebAsyncManagerIntegrationFilter.java:62)
	at org.springframework.web.filter.OncePerRequestFilter.doFilter(OncePerRequestFilter.java:116)
	at org.springframework.security.web.FilterChainProxy$VirtualFilterChain.doFilter(FilterChainProxy.java:374)
	at org.springframework.security.web.session.DisableEncodeUrlFilter.doFilterInternal(DisableEncodeUrlFilter.java:42)
	at org.springframework.web.filter.OncePerRequestFilter.doFilter(OncePerRequestFilter.java:116)
	at org.springframework.security.web.FilterChainProxy$VirtualFilterChain.doFilter(FilterChainProxy.java:374)
	at org.springframework.security.web.FilterChainProxy.doFilterInternal(FilterChainProxy.java:233)
	at org.springframework.security.web.FilterChainProxy.doFilter(FilterChainProxy.java:191)
	at org.springframework.web.filter.CompositeFilter$VirtualFilterChain.doFilter(CompositeFilter.java:113)
	at org.springframework.web.filter.ServletRequestPathFilter.doFilter(ServletRequestPathFilter.java:52)
	at org.springframework.web.filter.CompositeFilter$VirtualFilterChain.doFilter(CompositeFilter.java:113)
	at org.springframework.web.filter.CompositeFilter.doFilter(CompositeFilter.java:74)
	at org.springframework.security.config.annotation.web.configuration.WebSecurityConfiguration$CompositeFilterChainProxy.doFilter(WebSecurityConfiguration.java:319)
	at org.springframework.web.filter.CompositeFilter$VirtualFilterChain.doFilter(CompositeFilter.java:113)
	at org.springframework.web.servlet.handler.HandlerMappingIntrospector.lambda$createCacheFilter$4(HandlerMappingIntrospector.java:267)
	at org.springframework.web.filter.CompositeFilter$VirtualFilterChain.doFilter(CompositeFilter.java:113)
	at org.springframework.web.filter.CompositeFilter.doFilter(CompositeFilter.java:74)
	at org.springframework.security.config.annotation.web.configuration.WebMvcSecurityConfiguration$CompositeFilterChainProxy.doFilter(WebMvcSecurityConfiguration.java:240)
	at org.springframework.web.filter.DelegatingFilterProxy.invokeDelegate(DelegatingFilterProxy.java:362)
	at org.springframework.web.filter.DelegatingFilterProxy.doFilter(DelegatingFilterProxy.java:278)
	at org.apache.catalina.core.ApplicationFilterChain.internalDoFilter(ApplicationFilterChain.java:162)
	at org.apache.catalina.core.ApplicationFilterChain.doFilter(ApplicationFilterChain.java:138)
	at org.springframework.web.filter.RequestContextFilter.doFilterInternal(RequestContextFilter.java:100)
	at org.springframework.web.filter.OncePerRequestFilter.doFilter(OncePerRequestFilter.java:116)
	at org.apache.catalina.core.ApplicationFilterChain.internalDoFilter(ApplicationFilterChain.java:162)
	at org.apache.catalina.core.ApplicationFilterChain.doFilter(ApplicationFilterChain.java:138)
	at org.springframework.web.filter.FormContentFilter.doFilterInternal(FormContentFilter.java:93)
	at org.springframework.web.filter.OncePerRequestFilter.doFilter(OncePerRequestFilter.java:116)
	at org.apache.catalina.core.ApplicationFilterChain.internalDoFilter(ApplicationFilterChain.java:162)
	at org.apache.catalina.core.ApplicationFilterChain.doFilter(ApplicationFilterChain.java:138)
	at org.springframework.web.filter.CharacterEncodingFilter.doFilterInternal(CharacterEncodingFilter.java:201)
	at org.springframework.web.filter.OncePerRequestFilter.doFilter(OncePerRequestFilter.java:116)
	at org.apache.catalina.core.ApplicationFilterChain.internalDoFilter(ApplicationFilterChain.java:162)
	at org.apache.catalina.core.ApplicationFilterChain.doFilter(ApplicationFilterChain.java:138)
	at org.apache.catalina.core.StandardWrapperValve.invoke(StandardWrapperValve.java:165)
	at org.apache.catalina.core.StandardContextValve.invoke(StandardContextValve.java:88)
	at org.apache.catalina.authenticator.AuthenticatorBase.invoke(AuthenticatorBase.java:482)
	at org.apache.catalina.core.StandardHostValve.invoke(StandardHostValve.java:113)
	at org.apache.catalina.valves.ErrorReportValve.invoke(ErrorReportValve.java:83)
	at org.apache.catalina.core.StandardEngineValve.invoke(StandardEngineValve.java:72)
	at org.apache.catalina.connector.CoyoteAdapter.service(CoyoteAdapter.java:342)
	at org.apache.coyote.http11.Http11Processor.service(Http11Processor.java:399)
	at org.apache.coyote.AbstractProcessorLight.process(AbstractProcessorLight.java:63)
	at org.apache.coyote.AbstractProtocol$ConnectionHandler.process(AbstractProtocol.java:903)
	at org.apache.tomcat.util.net.NioEndpoint$SocketProcessor.doRun(NioEndpoint.java:1774)
	at org.apache.tomcat.util.net.SocketProcessorBase.run(SocketProcessorBase.java:52)
	at org.apache.tomcat.util.threads.ThreadPoolExecutor.runWorker(ThreadPoolExecutor.java:973)
	at org.apache.tomcat.util.threads.ThreadPoolExecutor$Worker.run(ThreadPoolExecutor.java:491)
	at org.apache.tomcat.util.threads.TaskThread$WrappingRunnable.run(TaskThread.java:63)
	at java.base/java.lang.Thread.run(Thread.java:1583)
2025-11-30 06:58:14.012 [http-nio-9090-exec-10] DEBUG o.s.security.web.FilterChainProxy - Securing POST /error
2025-11-30 06:58:14.013 [http-nio-9090-exec-10] DEBUG o.s.s.w.a.AnonymousAuthenticationFilter - Set SecurityContextHolder to anonymous SecurityContext
2025-11-30 06:59:21.380 [http-nio-9090-exec-5] DEBUG o.s.security.web.FilterChainProxy - Securing OPTIONS /customer/order/create
2025-11-30 06:59:21.389 [http-nio-9090-exec-1] DEBUG o.s.security.web.FilterChainProxy - Securing POST /customer/order/create
2025-11-30 06:59:21.389 [http-nio-9090-exec-1] DEBUG c.a.b.config.JwtAuthenticationFilter - >>> Request POST /api/v1.0/customer/order/create
2025-11-30 06:59:21.389 [http-nio-9090-exec-1] DEBUG c.a.b.config.JwtAuthenticationFilter - Token received (first 20 chars): eyJhbGciOiJIUzI1NiJ9...
2025-11-30 06:59:21.393 [http-nio-9090-exec-1] INFO  c.a.b.config.JwtAuthenticationFilter - Authorities for audrio8802@gmail.com: [ROLE_CUSTOMER]
2025-11-30 06:59:21.393 [http-nio-9090-exec-1] DEBUG c.a.b.config.JwtAuthenticationFilter - Authenticated user from JWT: audrio8802@gmail.com
2025-11-30 06:59:21.393 [http-nio-9090-exec-1] INFO  c.a.b.config.JwtAuthenticationFilter - Authenticated user: audrio8802@gmail.com
2025-11-30 06:59:21.393 [http-nio-9090-exec-1] INFO  c.a.b.config.JwtAuthenticationFilter - Authorities: [ROLE_CUSTOMER]
2025-11-30 06:59:21.393 [http-nio-9090-exec-1] DEBUG o.s.security.web.FilterChainProxy - Secured POST /customer/order/create
2025-11-30 06:59:21.398 [http-nio-9090-exec-1] INFO  c.a.b.controller.OrderController - RECEIVED CREATE ORDER → customerId: 49b697a8-c144-4145-a894-e32477c12451, items: 2
2025-11-30 06:59:21.398 [http-nio-9090-exec-1] INFO  c.a.b.service.impl.OrderServiceImpl - === MEMULAI PEMBUATAN ORDER BARU ===
2025-11-30 06:59:21.398 [http-nio-9090-exec-1] INFO  c.a.b.service.impl.OrderServiceImpl - Request dari customerId: 49b697a8-c144-4145-a894-e32477c12451
2025-11-30 06:59:21.398 [http-nio-9090-exec-1] INFO  c.a.b.service.impl.OrderServiceImpl - Alamat pengiriman: Jl sudirman
2025-11-30 06:59:21.398 [http-nio-9090-exec-1] INFO  c.a.b.service.impl.OrderServiceImpl - Jumlah item di keranjang: 2
2025-11-30 06:59:21.398 [http-nio-9090-exec-1] INFO  c.a.b.service.impl.OrderServiceImpl - Customer ditemukan: Zwita Sianturi (audrio8802@gmail.com)
2025-11-30 06:59:21.398 [http-nio-9090-exec-1] INFO  c.a.b.service.impl.OrderServiceImpl - Order number yang digenerate: ORD-20251130-0002
2025-11-30 06:59:21.401 [http-nio-9090-exec-1] DEBUG c.a.b.service.impl.OrderServiceImpl - Check stock → Product: Butter Brioche (ID: 09cc3466-71b5-492a-9320-7c1dadbccc30), Stock saat ini: 80, Diminta: 2
2025-11-30 06:59:21.401 [http-nio-9090-exec-1] INFO  c.a.b.service.impl.OrderServiceImpl - Item ditambahkan → Butter Brioche × 2 (Rp 22000.0, subtotal Rp 44000.0)
2025-11-30 06:59:21.401 [http-nio-9090-exec-1] DEBUG c.a.b.service.impl.OrderServiceImpl - Check stock → Product: Cinnamon Roll Classic (ID: 1b1d7cdd-b551-468e-b399-bcf98cdf8051), Stock saat ini: 70, Diminta: 1
2025-11-30 06:59:21.401 [http-nio-9090-exec-1] INFO  c.a.b.service.impl.OrderServiceImpl - Item ditambahkan → Cinnamon Roll Classic × 1 (Rp 25000.0, subtotal Rp 25000.0)
2025-11-30 06:59:21.410 [http-nio-9090-exec-1] WARN  o.h.e.jdbc.spi.SqlExceptionHelper - SQL Error: 1366, SQLState: HY000
2025-11-30 06:59:21.410 [http-nio-9090-exec-1] ERROR o.h.e.jdbc.spi.SqlExceptionHelper - Incorrect string value: '\xC9\x17\x0B\xD3\xEE\xE0...' for column 'id_order_detail' at row 1
2025-11-30 06:59:21.414 [http-nio-9090-exec-1] ERROR o.a.c.c.C.[.[.[.0.[dispatcherServlet] - Servlet.service() for servlet [dispatcherServlet] in context with path [/api/v1.0] threw exception [Request processing failed: org.springframework.orm.jpa.JpaSystemException: could not execute statement [Incorrect string value: '\xC9\x17\x0B\xD3\xEE\xE0...' for column 'id_order_detail' at row 1] [insert into order_details (id_order,id_product,quantity,subtotal,unit_price,id_order_detail) values (?,?,?,?,?,?)]] with root cause
java.sql.SQLException: Incorrect string value: '\xC9\x17\x0B\xD3\xEE\xE0...' for column 'id_order_detail' at row 1
	at com.mysql.cj.jdbc.exceptions.SQLError.createSQLException(SQLError.java:121)
	at com.mysql.cj.jdbc.exceptions.SQLExceptionsMapping.translateException(SQLExceptionsMapping.java:114)
	at com.mysql.cj.jdbc.ClientPreparedStatement.executeInternal(ClientPreparedStatement.java:988)
	at com.mysql.cj.jdbc.ClientPreparedStatement.executeUpdateInternal(ClientPreparedStatement.java:1166)
	at com.mysql.cj.jdbc.ClientPreparedStatement.executeUpdateInternal(ClientPreparedStatement.java:1101)
	at com.mysql.cj.jdbc.ClientPreparedStatement.executeLargeUpdate(ClientPreparedStatement.java:1448)
	at com.mysql.cj.jdbc.ClientPreparedStatement.executeUpdate(ClientPreparedStatement.java:1084)
	at com.zaxxer.hikari.pool.ProxyPreparedStatement.executeUpdate(ProxyPreparedStatement.java:61)
	at com.zaxxer.hikari.pool.HikariProxyPreparedStatement.executeUpdate(HikariProxyPreparedStatement.java)
	at org.hibernate.engine.jdbc.internal.ResultSetReturnImpl.executeUpdate(ResultSetReturnImpl.java:194)
	at org.hibernate.engine.jdbc.mutation.internal.AbstractMutationExecutor.performNonBatchedMutation(AbstractMutationExecutor.java:134)
	at org.hibernate.engine.jdbc.mutation.internal.MutationExecutorSingleNonBatched.performNonBatchedOperations(MutationExecutorSingleNonBatched.java:55)
	at org.hibernate.engine.jdbc.mutation.internal.AbstractMutationExecutor.execute(AbstractMutationExecutor.java:55)
	at org.hibernate.persister.entity.mutation.InsertCoordinatorStandard.doStaticInserts(InsertCoordinatorStandard.java:194)
	at org.hibernate.persister.entity.mutation.InsertCoordinatorStandard.coordinateInsert(InsertCoordinatorStandard.java:132)
	at org.hibernate.persister.entity.mutation.InsertCoordinatorStandard.insert(InsertCoordinatorStandard.java:104)
	at org.hibernate.action.internal.EntityInsertAction.execute(EntityInsertAction.java:110)
	at org.hibernate.engine.spi.ActionQueue.executeActions(ActionQueue.java:644)
	at org.hibernate.engine.spi.ActionQueue.executeActions(ActionQueue.java:511)
	at org.hibernate.event.internal.AbstractFlushingEventListener.performExecutions(AbstractFlushingEventListener.java:414)
	at org.hibernate.event.internal.DefaultFlushEventListener.onFlush(DefaultFlushEventListener.java:41)
	at org.hibernate.event.service.internal.EventListenerGroupImpl.fireEventOnEachListener(EventListenerGroupImpl.java:127)
	at org.hibernate.internal.SessionImpl.doFlush(SessionImpl.java:1429)
	at org.hibernate.internal.SessionImpl.managedFlush(SessionImpl.java:491)
	at org.hibernate.internal.SessionImpl.flushBeforeTransactionCompletion(SessionImpl.java:2354)
	at org.hibernate.internal.SessionImpl.beforeTransactionCompletion(SessionImpl.java:1978)
	at org.hibernate.engine.jdbc.internal.JdbcCoordinatorImpl.beforeTransactionCompletion(JdbcCoordinatorImpl.java:439)
	at org.hibernate.resource.transaction.backend.jdbc.internal.JdbcResourceLocalTransactionCoordinatorImpl.beforeCompletionCallback(JdbcResourceLocalTransactionCoordinatorImpl.java:169)
	at org.hibernate.resource.transaction.backend.jdbc.internal.JdbcResourceLocalTransactionCoordinatorImpl$TransactionDriverControlImpl.commit(JdbcResourceLocalTransactionCoordinatorImpl.java:267)
	at org.hibernate.engine.transaction.internal.TransactionImpl.commit(TransactionImpl.java:101)
	at org.springframework.orm.jpa.JpaTransactionManager.doCommit(JpaTransactionManager.java:563)
	at org.springframework.transaction.support.AbstractPlatformTransactionManager.processCommit(AbstractPlatformTransactionManager.java:795)
	at org.springframework.transaction.support.AbstractPlatformTransactionManager.commit(AbstractPlatformTransactionManager.java:758)
	at org.springframework.transaction.interceptor.TransactionAspectSupport.commitTransactionAfterReturning(TransactionAspectSupport.java:698)
	at org.springframework.transaction.interceptor.TransactionAspectSupport.invokeWithinTransaction(TransactionAspectSupport.java:416)
	at org.springframework.transaction.interceptor.TransactionInterceptor.invoke(TransactionInterceptor.java:119)
	at org.springframework.aop.framework.ReflectiveMethodInvocation.proceed(ReflectiveMethodInvocation.java:184)
	at org.springframework.aop.framework.CglibAopProxy$DynamicAdvisedInterceptor.intercept(CglibAopProxy.java:728)
	at com.audrio.backendbakrie.service.impl.OrderServiceImpl$$SpringCGLIB$$0.createOrder(<generated>)
	at com.audrio.backendbakrie.controller.OrderController.createOrder(OrderController.java:30)
	at java.base/jdk.internal.reflect.DirectMethodHandleAccessor.invoke(DirectMethodHandleAccessor.java:103)
	at java.base/java.lang.reflect.Method.invoke(Method.java:580)
	at org.springframework.web.method.support.InvocableHandlerMethod.doInvoke(InvocableHandlerMethod.java:258)
	at org.springframework.web.method.support.InvocableHandlerMethod.invokeForRequest(InvocableHandlerMethod.java:191)
	at org.springframework.web.servlet.mvc.method.annotation.ServletInvocableHandlerMethod.invokeAndHandle(ServletInvocableHandlerMethod.java:118)
	at org.springframework.web.servlet.mvc.method.annotation.RequestMappingHandlerAdapter.invokeHandlerMethod(RequestMappingHandlerAdapter.java:991)
	at org.springframework.web.servlet.mvc.method.annotation.RequestMappingHandlerAdapter.handleInternal(RequestMappingHandlerAdapter.java:896)
	at org.springframework.web.servlet.mvc.method.AbstractHandlerMethodAdapter.handle(AbstractHandlerMethodAdapter.java:87)
	at org.springframework.web.servlet.DispatcherServlet.doDispatch(DispatcherServlet.java:1089)
	at org.springframework.web.servlet.DispatcherServlet.doService(DispatcherServlet.java:979)
	at org.springframework.web.servlet.FrameworkServlet.processRequest(FrameworkServlet.java:1014)
	at org.springframework.web.servlet.FrameworkServlet.doPost(FrameworkServlet.java:914)
	at jakarta.servlet.http.HttpServlet.service(HttpServlet.java:590)
	at org.springframework.web.servlet.FrameworkServlet.service(FrameworkServlet.java:885)
	at jakarta.servlet.http.HttpServlet.service(HttpServlet.java:658)
	at org.apache.catalina.core.ApplicationFilterChain.internalDoFilter(ApplicationFilterChain.java:193)
	at org.apache.catalina.core.ApplicationFilterChain.doFilter(ApplicationFilterChain.java:138)
	at org.apache.tomcat.websocket.server.WsFilter.doFilter(WsFilter.java:51)
	at org.apache.catalina.core.ApplicationFilterChain.internalDoFilter(ApplicationFilterChain.java:162)
	at org.apache.catalina.core.ApplicationFilterChain.doFilter(ApplicationFilterChain.java:138)
	at org.springframework.web.filter.OncePerRequestFilter.doFilter(OncePerRequestFilter.java:110)
	at org.apache.catalina.core.ApplicationFilterChain.internalDoFilter(ApplicationFilterChain.java:162)
	at org.apache.catalina.core.ApplicationFilterChain.doFilter(ApplicationFilterChain.java:138)
	at org.springframework.web.filter.CompositeFilter$VirtualFilterChain.doFilter(CompositeFilter.java:108)
	at org.springframework.web.filter.CompositeFilter$VirtualFilterChain.doFilter(CompositeFilter.java:108)
	at org.springframework.security.web.FilterChainProxy.lambda$doFilterInternal$3(FilterChainProxy.java:231)
	at org.springframework.security.web.FilterChainProxy$VirtualFilterChain.doFilter(FilterChainProxy.java:365)
	at org.springframework.security.web.access.intercept.AuthorizationFilter.doFilter(AuthorizationFilter.java:101)
	at org.springframework.security.web.FilterChainProxy$VirtualFilterChain.doFilter(FilterChainProxy.java:374)
	at org.springframework.security.web.access.ExceptionTranslationFilter.doFilter(ExceptionTranslationFilter.java:125)
	at org.springframework.security.web.access.ExceptionTranslationFilter.doFilter(ExceptionTranslationFilter.java:119)
	at org.springframework.security.web.FilterChainProxy$VirtualFilterChain.doFilter(FilterChainProxy.java:374)
	at org.springframework.security.web.session.SessionManagementFilter.doFilter(SessionManagementFilter.java:131)
	at org.springframework.security.web.session.SessionManagementFilter.doFilter(SessionManagementFilter.java:85)
	at org.springframework.security.web.FilterChainProxy$VirtualFilterChain.doFilter(FilterChainProxy.java:374)
	at org.springframework.security.web.authentication.AnonymousAuthenticationFilter.doFilter(AnonymousAuthenticationFilter.java:100)
	at org.springframework.security.web.FilterChainProxy$VirtualFilterChain.doFilter(FilterChainProxy.java:374)
	at org.springframework.security.web.servletapi.SecurityContextHolderAwareRequestFilter.doFilter(SecurityContextHolderAwareRequestFilter.java:179)
	at org.springframework.security.web.FilterChainProxy$VirtualFilterChain.doFilter(FilterChainProxy.java:374)
	at org.springframework.security.web.savedrequest.RequestCacheAwareFilter.doFilter(RequestCacheAwareFilter.java:63)
	at org.springframework.security.web.FilterChainProxy$VirtualFilterChain.doFilter(FilterChainProxy.java:374)
	at com.audrio.backendbakrie.config.JwtAuthenticationFilter.doFilterInternal(JwtAuthenticationFilter.java:131)
	at org.springframework.web.filter.OncePerRequestFilter.doFilter(OncePerRequestFilter.java:116)
	at org.springframework.security.web.FilterChainProxy$VirtualFilterChain.doFilter(FilterChainProxy.java:374)
	at org.springframework.security.web.authentication.logout.LogoutFilter.doFilter(LogoutFilter.java:107)
	at org.springframework.security.web.authentication.logout.LogoutFilter.doFilter(LogoutFilter.java:93)
	at org.springframework.security.web.FilterChainProxy$VirtualFilterChain.doFilter(FilterChainProxy.java:374)
	at org.springframework.web.filter.CorsFilter.doFilterInternal(CorsFilter.java:91)
	at org.springframework.web.filter.OncePerRequestFilter.doFilter(OncePerRequestFilter.java:116)
	at org.springframework.security.web.FilterChainProxy$VirtualFilterChain.doFilter(FilterChainProxy.java:374)
	at org.springframework.security.web.header.HeaderWriterFilter.doHeadersAfter(HeaderWriterFilter.java:90)
	at org.springframework.security.web.header.HeaderWriterFilter.doFilterInternal(HeaderWriterFilter.java:75)
	at org.springframework.web.filter.OncePerRequestFilter.doFilter(OncePerRequestFilter.java:116)
	at org.springframework.security.web.FilterChainProxy$VirtualFilterChain.doFilter(FilterChainProxy.java:374)
	at org.springframework.security.web.context.SecurityContextHolderFilter.doFilter(SecurityContextHolderFilter.java:82)
	at org.springframework.security.web.context.SecurityContextHolderFilter.doFilter(SecurityContextHolderFilter.java:69)
	at org.springframework.security.web.FilterChainProxy$VirtualFilterChain.doFilter(FilterChainProxy.java:374)
	at org.springframework.security.web.context.request.async.WebAsyncManagerIntegrationFilter.doFilterInternal(WebAsyncManagerIntegrationFilter.java:62)
	at org.springframework.web.filter.OncePerRequestFilter.doFilter(OncePerRequestFilter.java:116)
	at org.springframework.security.web.FilterChainProxy$VirtualFilterChain.doFilter(FilterChainProxy.java:374)
	at org.springframework.security.web.session.DisableEncodeUrlFilter.doFilterInternal(DisableEncodeUrlFilter.java:42)
	at org.springframework.web.filter.OncePerRequestFilter.doFilter(OncePerRequestFilter.java:116)
	at org.springframework.security.web.FilterChainProxy$VirtualFilterChain.doFilter(FilterChainProxy.java:374)
	at org.springframework.security.web.FilterChainProxy.doFilterInternal(FilterChainProxy.java:233)
	at org.springframework.security.web.FilterChainProxy.doFilter(FilterChainProxy.java:191)
	at org.springframework.web.filter.CompositeFilter$VirtualFilterChain.doFilter(CompositeFilter.java:113)
	at org.springframework.web.filter.ServletRequestPathFilter.doFilter(ServletRequestPathFilter.java:52)
	at org.springframework.web.filter.CompositeFilter$VirtualFilterChain.doFilter(CompositeFilter.java:113)
	at org.springframework.web.filter.CompositeFilter.doFilter(CompositeFilter.java:74)
	at org.springframework.security.config.annotation.web.configuration.WebSecurityConfiguration$CompositeFilterChainProxy.doFilter(WebSecurityConfiguration.java:319)
	at org.springframework.web.filter.CompositeFilter$VirtualFilterChain.doFilter(CompositeFilter.java:113)
	at org.springframework.web.servlet.handler.HandlerMappingIntrospector.lambda$createCacheFilter$4(HandlerMappingIntrospector.java:267)
	at org.springframework.web.filter.CompositeFilter$VirtualFilterChain.doFilter(CompositeFilter.java:113)
	at org.springframework.web.filter.CompositeFilter.doFilter(CompositeFilter.java:74)
	at org.springframework.security.config.annotation.web.configuration.WebMvcSecurityConfiguration$CompositeFilterChainProxy.doFilter(WebMvcSecurityConfiguration.java:240)
	at org.springframework.web.filter.DelegatingFilterProxy.invokeDelegate(DelegatingFilterProxy.java:362)
	at org.springframework.web.filter.DelegatingFilterProxy.doFilter(DelegatingFilterProxy.java:278)
	at org.apache.catalina.core.ApplicationFilterChain.internalDoFilter(ApplicationFilterChain.java:162)
	at org.apache.catalina.core.ApplicationFilterChain.doFilter(ApplicationFilterChain.java:138)
	at org.springframework.web.filter.RequestContextFilter.doFilterInternal(RequestContextFilter.java:100)
	at org.springframework.web.filter.OncePerRequestFilter.doFilter(OncePerRequestFilter.java:116)
	at org.apache.catalina.core.ApplicationFilterChain.internalDoFilter(ApplicationFilterChain.java:162)
	at org.apache.catalina.core.ApplicationFilterChain.doFilter(ApplicationFilterChain.java:138)
	at org.springframework.web.filter.FormContentFilter.doFilterInternal(FormContentFilter.java:93)
	at org.springframework.web.filter.OncePerRequestFilter.doFilter(OncePerRequestFilter.java:116)
	at org.apache.catalina.core.ApplicationFilterChain.internalDoFilter(ApplicationFilterChain.java:162)
	at org.apache.catalina.core.ApplicationFilterChain.doFilter(ApplicationFilterChain.java:138)
	at org.springframework.web.filter.CharacterEncodingFilter.doFilterInternal(CharacterEncodingFilter.java:201)
	at org.springframework.web.filter.OncePerRequestFilter.doFilter(OncePerRequestFilter.java:116)
	at org.apache.catalina.core.ApplicationFilterChain.internalDoFilter(ApplicationFilterChain.java:162)
	at org.apache.catalina.core.ApplicationFilterChain.doFilter(ApplicationFilterChain.java:138)
	at org.apache.catalina.core.StandardWrapperValve.invoke(StandardWrapperValve.java:165)
	at org.apache.catalina.core.StandardContextValve.invoke(StandardContextValve.java:88)
	at org.apache.catalina.authenticator.AuthenticatorBase.invoke(AuthenticatorBase.java:482)
	at org.apache.catalina.core.StandardHostValve.invoke(StandardHostValve.java:113)
	at org.apache.catalina.valves.ErrorReportValve.invoke(ErrorReportValve.java:83)
	at org.apache.catalina.core.StandardEngineValve.invoke(StandardEngineValve.java:72)
	at org.apache.catalina.connector.CoyoteAdapter.service(CoyoteAdapter.java:342)
	at org.apache.coyote.http11.Http11Processor.service(Http11Processor.java:399)
	at org.apache.coyote.AbstractProcessorLight.process(AbstractProcessorLight.java:63)
	at org.apache.coyote.AbstractProtocol$ConnectionHandler.process(AbstractProtocol.java:903)
	at org.apache.tomcat.util.net.NioEndpoint$SocketProcessor.doRun(NioEndpoint.java:1774)
	at org.apache.tomcat.util.net.SocketProcessorBase.run(SocketProcessorBase.java:52)
	at org.apache.tomcat.util.threads.ThreadPoolExecutor.runWorker(ThreadPoolExecutor.java:973)
	at org.apache.tomcat.util.threads.ThreadPoolExecutor$Worker.run(ThreadPoolExecutor.java:491)
	at org.apache.tomcat.util.threads.TaskThread$WrappingRunnable.run(TaskThread.java:63)
	at java.base/java.lang.Thread.run(Thread.java:1583)
2025-11-30 06:59:21.414 [http-nio-9090-exec-1] DEBUG o.s.security.web.FilterChainProxy - Securing POST /error
2025-11-30 06:59:21.414 [http-nio-9090-exec-1] DEBUG o.s.s.w.a.AnonymousAuthenticationFilter - Set SecurityContextHolder to anonymous SecurityContext
2025-11-30 07:04:54.806 [SpringApplicationShutdownHook] INFO  o.s.b.w.e.tomcat.GracefulShutdown - Commencing graceful shutdown. Waiting for active requests to complete
2025-11-30 07:04:54.813 [tomcat-shutdown] INFO  o.s.b.w.e.tomcat.GracefulShutdown - Graceful shutdown complete
2025-11-30 07:04:54.823 [SpringApplicationShutdownHook] INFO  o.s.o.j.LocalContainerEntityManagerFactoryBean - Closing JPA EntityManagerFactory for persistence unit 'default'
2025-11-30 07:04:54.831 [SpringApplicationShutdownHook] INFO  com.zaxxer.hikari.HikariDataSource - HikariPool-1 - Shutdown initiated...
2025-11-30 07:04:54.833 [SpringApplicationShutdownHook] INFO  com.zaxxer.hikari.HikariDataSource - HikariPool-1 - Shutdown completed.
2025-11-30 07:08:10.801 [restartedMain] INFO  c.a.b.BackendBakrieApplication - Starting BackendBakrieApplication using Java 21.0.8 with PID 35184 (D:\Documents\Bakrie-Store-PI\backend-bakrie\target\classes started by LEGION in D:\Documents\Bakrie-Store-PI)
2025-11-30 07:08:10.802 [restartedMain] DEBUG c.a.b.BackendBakrieApplication - Running with Spring Boot v3.5.7, Spring v6.2.12
2025-11-30 07:08:10.802 [restartedMain] INFO  c.a.b.BackendBakrieApplication - No active profile set, falling back to 1 default profile: "default"
2025-11-30 07:08:10.831 [restartedMain] INFO  o.s.b.d.e.DevToolsPropertyDefaultsPostProcessor - Devtools property defaults active! Set 'spring.devtools.add-properties' to 'false' to disable
2025-11-30 07:08:10.831 [restartedMain] INFO  o.s.b.d.e.DevToolsPropertyDefaultsPostProcessor - For additional web related logging consider setting the 'logging.level.web' property to 'DEBUG'
2025-11-30 07:08:11.223 [restartedMain] INFO  o.s.d.r.c.RepositoryConfigurationDelegate - Bootstrapping Spring Data JPA repositories in DEFAULT mode.
2025-11-30 07:08:11.270 [restartedMain] INFO  o.s.d.r.c.RepositoryConfigurationDelegate - Finished Spring Data repository scanning in 41 ms. Found 8 JPA repository interfaces.
2025-11-30 07:08:11.633 [restartedMain] INFO  o.s.b.w.e.tomcat.TomcatWebServer - Tomcat initialized with port 9090 (http)
2025-11-30 07:08:11.642 [restartedMain] INFO  o.a.catalina.core.StandardService - Starting service [Tomcat]
2025-11-30 07:08:11.642 [restartedMain] INFO  o.a.catalina.core.StandardEngine - Starting Servlet engine: [Apache Tomcat/10.1.48]
2025-11-30 07:08:11.677 [restartedMain] INFO  o.a.c.c.C.[.[localhost].[/api/v1.0] - Initializing Spring embedded WebApplicationContext
2025-11-30 07:08:11.677 [restartedMain] INFO  o.s.b.w.s.c.ServletWebServerApplicationContext - Root WebApplicationContext: initialization completed in 846 ms
2025-11-30 07:08:11.768 [restartedMain] INFO  o.h.jpa.internal.util.LogHelper - HHH000204: Processing PersistenceUnitInfo [name: default]
2025-11-30 07:08:11.810 [restartedMain] INFO  org.hibernate.Version - HHH000412: Hibernate ORM core version 6.6.33.Final
2025-11-30 07:08:11.831 [restartedMain] INFO  o.h.c.i.RegionFactoryInitiator - HHH000026: Second-level cache disabled
2025-11-30 07:08:12.006 [restartedMain] INFO  o.s.o.j.p.SpringPersistenceUnitInfo - No LoadTimeWeaver setup: ignoring JPA class transformer
2025-11-30 07:08:12.024 [restartedMain] INFO  com.zaxxer.hikari.HikariDataSource - HikariPool-1 - Starting...
2025-11-30 07:08:12.250 [restartedMain] INFO  com.zaxxer.hikari.pool.HikariPool - HikariPool-1 - Added connection com.mysql.cj.jdbc.ConnectionImpl@1abaf34e
2025-11-30 07:08:12.252 [restartedMain] INFO  com.zaxxer.hikari.HikariDataSource - HikariPool-1 - Start completed.
2025-11-30 07:08:12.304 [restartedMain] WARN  org.hibernate.orm.deprecation - HHH90000025: MySQL8Dialect does not need to be specified explicitly using 'hibernate.dialect' (remove the property setting and it will be selected by default)
2025-11-30 07:08:12.304 [restartedMain] WARN  org.hibernate.orm.deprecation - HHH90000026: MySQL8Dialect has been deprecated; use org.hibernate.dialect.MySQLDialect instead
2025-11-30 07:08:12.313 [restartedMain] INFO  o.hibernate.orm.connections.pooling - HHH10001005: Database info:
	Database JDBC URL [Connecting through datasource 'HikariDataSource (HikariPool-1)']
	Database driver: undefined/unknown
	Database version: 8.0
	Autocommit mode: undefined/unknown
	Isolation level: undefined/unknown
	Minimum pool size: undefined/unknown
	Maximum pool size: undefined/unknown
2025-11-30 07:08:13.018 [restartedMain] INFO  o.h.e.t.j.p.i.JtaPlatformInitiator - HHH000489: No JTA platform available (set 'hibernate.transaction.jta.platform' to enable JTA platform integration)
2025-11-30 07:08:13.148 [restartedMain] INFO  o.s.o.j.LocalContainerEntityManagerFactoryBean - Initialized JPA EntityManagerFactory for persistence unit 'default'
2025-11-30 07:08:13.337 [restartedMain] INFO  o.s.d.j.r.query.QueryEnhancerFactory - Hibernate is in classpath; If applicable, HQL parser will be used.
2025-11-30 07:08:13.715 [restartedMain] DEBUG c.a.b.config.JwtAuthenticationFilter - Filter 'jwtAuthenticationFilter' configured for use
2025-11-30 07:08:13.787 [restartedMain] INFO  o.s.s.c.a.a.c.InitializeAuthenticationProviderBeanManagerConfigurer$InitializeAuthenticationProviderManagerConfigurer - Global AuthenticationManager configured with AuthenticationProvider bean with name authenticationProvider
2025-11-30 07:08:13.787 [restartedMain] WARN  o.s.s.c.a.a.c.InitializeUserDetailsBeanManagerConfigurer$InitializeUserDetailsManagerConfigurer - Global AuthenticationManager configured with an AuthenticationProvider bean. UserDetailsService beans will not be used by Spring Security for automatically configuring username/password login. Consider removing the AuthenticationProvider bean. Alternatively, consider using the UserDetailsService in a manually instantiated DaoAuthenticationProvider. If the current configuration is intentional, to turn off this warning, increase the logging level of 'org.springframework.security.config.annotation.authentication.configuration.InitializeUserDetailsBeanManagerConfigurer' to ERROR
2025-11-30 07:08:13.892 [restartedMain] WARN  o.s.b.a.o.j.JpaBaseConfiguration$JpaWebConfiguration - spring.jpa.open-in-view is enabled by default. Therefore, database queries may be performed during view rendering. Explicitly configure spring.jpa.open-in-view to disable this warning
2025-11-30 07:08:14.061 [restartedMain] DEBUG o.s.s.web.DefaultSecurityFilterChain - Will secure any request with filters: DisableEncodeUrlFilter, WebAsyncManagerIntegrationFilter, SecurityContextHolderFilter, HeaderWriterFilter, CorsFilter, LogoutFilter, JwtAuthenticationFilter, RequestCacheAwareFilter, SecurityContextHolderAwareRequestFilter, AnonymousAuthenticationFilter, SessionManagementFilter, ExceptionTranslationFilter, AuthorizationFilter
2025-11-30 07:08:14.228 [restartedMain] INFO  o.s.b.d.a.OptionalLiveReloadServer - LiveReload server is running on port 35729
2025-11-30 07:08:14.259 [restartedMain] INFO  o.s.b.w.e.tomcat.TomcatWebServer - Tomcat started on port 9090 (http) with context path '/api/v1.0'
2025-11-30 07:08:14.265 [restartedMain] INFO  c.a.b.BackendBakrieApplication - Started BackendBakrieApplication in 3.755 seconds (process running for 4.115)
2025-11-30 07:08:22.805 [http-nio-9090-exec-1] INFO  o.a.c.c.C.[.[localhost].[/api/v1.0] - Initializing Spring DispatcherServlet 'dispatcherServlet'
2025-11-30 07:08:22.806 [http-nio-9090-exec-1] INFO  o.s.web.servlet.DispatcherServlet - Initializing Servlet 'dispatcherServlet'
2025-11-30 07:08:22.807 [http-nio-9090-exec-1] INFO  o.s.web.servlet.DispatcherServlet - Completed initialization in 1 ms
2025-11-30 07:08:22.823 [http-nio-9090-exec-2] DEBUG o.s.security.web.FilterChainProxy - Securing OPTIONS /customer/myprofile
2025-11-30 07:08:22.823 [http-nio-9090-exec-5] DEBUG o.s.security.web.FilterChainProxy - Securing OPTIONS /public/products/fetchProducts
2025-11-30 07:08:22.823 [http-nio-9090-exec-3] DEBUG o.s.security.web.FilterChainProxy - Securing OPTIONS /customer/myprofile
2025-11-30 07:08:22.823 [http-nio-9090-exec-1] DEBUG o.s.security.web.FilterChainProxy - Securing OPTIONS /public/products/fetchProducts
2025-11-30 07:08:22.882 [http-nio-9090-exec-6] DEBUG o.s.security.web.FilterChainProxy - Securing GET /public/products/fetchProducts
2025-11-30 07:08:22.882 [http-nio-9090-exec-7] DEBUG o.s.security.web.FilterChainProxy - Securing GET /customer/myprofile
2025-11-30 07:08:22.883 [http-nio-9090-exec-8] DEBUG o.s.security.web.FilterChainProxy - Securing GET /customer/myprofile
2025-11-30 07:08:22.883 [http-nio-9090-exec-4] DEBUG o.s.security.web.FilterChainProxy - Securing GET /public/products/fetchProducts
2025-11-30 07:08:22.885 [http-nio-9090-exec-4] DEBUG c.a.b.config.JwtAuthenticationFilter - >>> Request GET /api/v1.0/public/products/fetchProducts
2025-11-30 07:08:22.885 [http-nio-9090-exec-7] DEBUG c.a.b.config.JwtAuthenticationFilter - >>> Request GET /api/v1.0/customer/myprofile
2025-11-30 07:08:22.885 [http-nio-9090-exec-8] DEBUG c.a.b.config.JwtAuthenticationFilter - >>> Request GET /api/v1.0/customer/myprofile
2025-11-30 07:08:22.885 [http-nio-9090-exec-6] DEBUG c.a.b.config.JwtAuthenticationFilter - >>> Request GET /api/v1.0/public/products/fetchProducts
2025-11-30 07:08:22.887 [http-nio-9090-exec-4] DEBUG c.a.b.config.JwtAuthenticationFilter - Token received (first 20 chars): eyJhbGciOiJIUzI1NiJ9...
2025-11-30 07:08:22.887 [http-nio-9090-exec-7] DEBUG c.a.b.config.JwtAuthenticationFilter - Token received (first 20 chars): eyJhbGciOiJIUzI1NiJ9...
2025-11-30 07:08:22.887 [http-nio-9090-exec-8] DEBUG c.a.b.config.JwtAuthenticationFilter - Token received (first 20 chars): eyJhbGciOiJIUzI1NiJ9...
2025-11-30 07:08:22.887 [http-nio-9090-exec-6] DEBUG c.a.b.config.JwtAuthenticationFilter - Token received (first 20 chars): eyJhbGciOiJIUzI1NiJ9...
2025-11-30 07:08:23.061 [http-nio-9090-exec-8] INFO  c.a.b.config.JwtAuthenticationFilter - Authorities for audrio8802@gmail.com: [ROLE_CUSTOMER]
2025-11-30 07:08:23.061 [http-nio-9090-exec-4] INFO  c.a.b.config.JwtAuthenticationFilter - Authorities for audrio8802@gmail.com: [ROLE_CUSTOMER]
2025-11-30 07:08:23.061 [http-nio-9090-exec-7] INFO  c.a.b.config.JwtAuthenticationFilter - Authorities for audrio8802@gmail.com: [ROLE_CUSTOMER]
2025-11-30 07:08:23.061 [http-nio-9090-exec-6] INFO  c.a.b.config.JwtAuthenticationFilter - Authorities for audrio8802@gmail.com: [ROLE_CUSTOMER]
2025-11-30 07:08:23.062 [http-nio-9090-exec-4] DEBUG c.a.b.config.JwtAuthenticationFilter - Authenticated user from JWT: audrio8802@gmail.com
2025-11-30 07:08:23.062 [http-nio-9090-exec-6] DEBUG c.a.b.config.JwtAuthenticationFilter - Authenticated user from JWT: audrio8802@gmail.com
2025-11-30 07:08:23.062 [http-nio-9090-exec-7] DEBUG c.a.b.config.JwtAuthenticationFilter - Authenticated user from JWT: audrio8802@gmail.com
2025-11-30 07:08:23.062 [http-nio-9090-exec-7] INFO  c.a.b.config.JwtAuthenticationFilter - Authenticated user: audrio8802@gmail.com
2025-11-30 07:08:23.062 [http-nio-9090-exec-7] INFO  c.a.b.config.JwtAuthenticationFilter - Authorities: [ROLE_CUSTOMER]
2025-11-30 07:08:23.062 [http-nio-9090-exec-6] INFO  c.a.b.config.JwtAuthenticationFilter - Authenticated user: audrio8802@gmail.com
2025-11-30 07:08:23.062 [http-nio-9090-exec-8] DEBUG c.a.b.config.JwtAuthenticationFilter - Authenticated user from JWT: audrio8802@gmail.com
2025-11-30 07:08:23.062 [http-nio-9090-exec-4] INFO  c.a.b.config.JwtAuthenticationFilter - Authenticated user: audrio8802@gmail.com
2025-11-30 07:08:23.062 [http-nio-9090-exec-4] INFO  c.a.b.config.JwtAuthenticationFilter - Authorities: [ROLE_CUSTOMER]
2025-11-30 07:08:23.062 [http-nio-9090-exec-6] INFO  c.a.b.config.JwtAuthenticationFilter - Authorities: [ROLE_CUSTOMER]
2025-11-30 07:08:23.062 [http-nio-9090-exec-8] INFO  c.a.b.config.JwtAuthenticationFilter - Authenticated user: audrio8802@gmail.com
2025-11-30 07:08:23.062 [http-nio-9090-exec-8] INFO  c.a.b.config.JwtAuthenticationFilter - Authorities: [ROLE_CUSTOMER]
2025-11-30 07:08:23.068 [http-nio-9090-exec-7] DEBUG o.s.security.web.FilterChainProxy - Secured GET /customer/myprofile
2025-11-30 07:08:23.068 [http-nio-9090-exec-6] DEBUG o.s.security.web.FilterChainProxy - Secured GET /public/products/fetchProducts
2025-11-30 07:08:23.068 [http-nio-9090-exec-4] DEBUG o.s.security.web.FilterChainProxy - Secured GET /public/products/fetchProducts
2025-11-30 07:08:23.068 [http-nio-9090-exec-8] DEBUG o.s.security.web.FilterChainProxy - Secured GET /customer/myprofile
2025-11-30 07:08:23.083 [http-nio-9090-exec-6] INFO  c.a.b.controller.ProductController - Method : GET | Endpoint : /public/products/fetchProducts | Payload : 200 OK
2025-11-30 07:08:23.083 [http-nio-9090-exec-4] INFO  c.a.b.controller.ProductController - Method : GET | Endpoint : /public/products/fetchProducts | Payload : 200 OK
2025-11-30 07:08:23.091 [http-nio-9090-exec-8] INFO  c.a.b.controller.CustomerController - Method : GET | Endpoint : /customer/myprofile | Payload : Bearer eyJhbGciOiJIUzI1NiJ9.eyJyb2xlIjoiQ1VTVE9NRVIiLCJwdXJwb3NlIjoiYWNjZXNzIiwic3ViIjoiYXVkcmlvODgwMkBnbWFpbC5jb20iLCJpYXQiOjE3NjQ0NTA3NTUsImV4cCI6MTc2NDUzNzE1NX0.NF7S5I2pgZvEF_ScdLmZq6zuhRA4p5dQm2FHP35hdYY
2025-11-30 07:08:23.091 [http-nio-9090-exec-7] INFO  c.a.b.controller.CustomerController - Method : GET | Endpoint : /customer/myprofile | Payload : Bearer eyJhbGciOiJIUzI1NiJ9.eyJyb2xlIjoiQ1VTVE9NRVIiLCJwdXJwb3NlIjoiYWNjZXNzIiwic3ViIjoiYXVkcmlvODgwMkBnbWFpbC5jb20iLCJpYXQiOjE3NjQ0NTA3NTUsImV4cCI6MTc2NDUzNzE1NX0.NF7S5I2pgZvEF_ScdLmZq6zuhRA4p5dQm2FHP35hdYY
2025-11-30 07:08:23.092 [http-nio-9090-exec-7] INFO  c.a.b.s.impl.CustomerServiceImpl - GET CUSTOMER PROFILE START | EMAIL: audrio8802@gmail.com
2025-11-30 07:08:23.092 [http-nio-9090-exec-8] INFO  c.a.b.s.impl.CustomerServiceImpl - GET CUSTOMER PROFILE START | EMAIL: audrio8802@gmail.com
2025-11-30 07:08:23.096 [http-nio-9090-exec-7] INFO  c.a.b.s.impl.CustomerServiceImpl - GET CUSTOMER PROFILE SUCCESS
2025-11-30 07:08:23.096 [http-nio-9090-exec-8] INFO  c.a.b.s.impl.CustomerServiceImpl - GET CUSTOMER PROFILE SUCCESS
2025-11-30 07:08:23.097 [http-nio-9090-exec-7] DEBUG c.a.b.s.impl.CustomerServiceImpl - Converting entity to response for customer ID: 49b697a8-c144-4145-a894-e32477c12451
2025-11-30 07:08:23.097 [http-nio-9090-exec-8] DEBUG c.a.b.s.impl.CustomerServiceImpl - Converting entity to response for customer ID: 49b697a8-c144-4145-a894-e32477c12451
2025-11-30 07:08:23.284 [http-nio-9090-exec-10] DEBUG o.s.security.web.FilterChainProxy - Securing OPTIONS /customer/cart/mycart/49b697a8-c144-4145-a894-e32477c12451
2025-11-30 07:08:23.284 [http-nio-9090-exec-9] DEBUG o.s.security.web.FilterChainProxy - Securing OPTIONS /customer/order/49b697a8-c144-4145-a894-e32477c12451
2025-11-30 07:08:23.357 [http-nio-9090-exec-5] DEBUG o.s.security.web.FilterChainProxy - Securing GET /customer/order/49b697a8-c144-4145-a894-e32477c12451
2025-11-30 07:08:23.358 [http-nio-9090-exec-3] DEBUG o.s.security.web.FilterChainProxy - Securing GET /customer/cart/mycart/49b697a8-c144-4145-a894-e32477c12451
2025-11-30 07:08:23.358 [http-nio-9090-exec-3] DEBUG c.a.b.config.JwtAuthenticationFilter - >>> Request GET /api/v1.0/customer/cart/mycart/49b697a8-c144-4145-a894-e32477c12451
2025-11-30 07:08:23.358 [http-nio-9090-exec-5] DEBUG c.a.b.config.JwtAuthenticationFilter - >>> Request GET /api/v1.0/customer/order/49b697a8-c144-4145-a894-e32477c12451
2025-11-30 07:08:23.358 [http-nio-9090-exec-5] DEBUG c.a.b.config.JwtAuthenticationFilter - Token received (first 20 chars): eyJhbGciOiJIUzI1NiJ9...
2025-11-30 07:08:23.358 [http-nio-9090-exec-3] DEBUG c.a.b.config.JwtAuthenticationFilter - Token received (first 20 chars): eyJhbGciOiJIUzI1NiJ9...
2025-11-30 07:08:23.366 [http-nio-9090-exec-5] INFO  c.a.b.config.JwtAuthenticationFilter - Authorities for audrio8802@gmail.com: [ROLE_CUSTOMER]
2025-11-30 07:08:23.367 [http-nio-9090-exec-5] DEBUG c.a.b.config.JwtAuthenticationFilter - Authenticated user from JWT: audrio8802@gmail.com
2025-11-30 07:08:23.367 [http-nio-9090-exec-5] INFO  c.a.b.config.JwtAuthenticationFilter - Authenticated user: audrio8802@gmail.com
2025-11-30 07:08:23.367 [http-nio-9090-exec-5] INFO  c.a.b.config.JwtAuthenticationFilter - Authorities: [ROLE_CUSTOMER]
2025-11-30 07:08:23.367 [http-nio-9090-exec-3] INFO  c.a.b.config.JwtAuthenticationFilter - Authorities for audrio8802@gmail.com: [ROLE_CUSTOMER]
2025-11-30 07:08:23.367 [http-nio-9090-exec-3] DEBUG c.a.b.config.JwtAuthenticationFilter - Authenticated user from JWT: audrio8802@gmail.com
2025-11-30 07:08:23.367 [http-nio-9090-exec-3] INFO  c.a.b.config.JwtAuthenticationFilter - Authenticated user: audrio8802@gmail.com
2025-11-30 07:08:23.367 [http-nio-9090-exec-3] INFO  c.a.b.config.JwtAuthenticationFilter - Authorities: [ROLE_CUSTOMER]
2025-11-30 07:08:23.368 [http-nio-9090-exec-3] DEBUG o.s.security.web.FilterChainProxy - Secured GET /customer/cart/mycart/49b697a8-c144-4145-a894-e32477c12451
2025-11-30 07:08:23.369 [http-nio-9090-exec-5] WARN  c.a.b.u.E.CustomAccessDeniedHandler - === ACCESS DENIED (403) DETECTED ===
[2025-11-30 07:08:23] 403 Forbidden
Time        : 2025-11-30 07:08:23
User        : audrio8802@gmail.com
Authorities : [ROLE_CUSTOMER]
IP          : 127.0.0.1
Method      : GET /api/v1.0/customer/order/49b697a8-c144-4145-a894-e32477c12451
User-Agent  : Mozilla/5.0 (Windows NT 10.0; Win64; x64; rv:145.0) Gecko/20100101 Firefox/145.0
Reason      : Access Denied
========================================
2025-11-30 07:08:23.369 [http-nio-9090-exec-3] INFO  c.a.b.controller.CartController - GET /customer/mycart/49b697a8-c144-4145-a894-e32477c12451
2025-11-30 07:08:42.568 [http-nio-9090-exec-2] DEBUG o.s.security.web.FilterChainProxy - Securing OPTIONS /customer/order/create
2025-11-30 07:08:42.588 [http-nio-9090-exec-1] DEBUG o.s.security.web.FilterChainProxy - Securing POST /customer/order/create
2025-11-30 07:08:42.588 [http-nio-9090-exec-1] DEBUG c.a.b.config.JwtAuthenticationFilter - >>> Request POST /api/v1.0/customer/order/create
2025-11-30 07:08:42.588 [http-nio-9090-exec-1] DEBUG c.a.b.config.JwtAuthenticationFilter - Token received (first 20 chars): eyJhbGciOiJIUzI1NiJ9...
2025-11-30 07:08:42.601 [http-nio-9090-exec-1] INFO  c.a.b.config.JwtAuthenticationFilter - Authorities for audrio8802@gmail.com: [ROLE_CUSTOMER]
2025-11-30 07:08:42.601 [http-nio-9090-exec-1] DEBUG c.a.b.config.JwtAuthenticationFilter - Authenticated user from JWT: audrio8802@gmail.com
2025-11-30 07:08:42.601 [http-nio-9090-exec-1] INFO  c.a.b.config.JwtAuthenticationFilter - Authenticated user: audrio8802@gmail.com
2025-11-30 07:08:42.601 [http-nio-9090-exec-1] INFO  c.a.b.config.JwtAuthenticationFilter - Authorities: [ROLE_CUSTOMER]
2025-11-30 07:08:42.601 [http-nio-9090-exec-1] WARN  c.a.b.u.E.CustomAccessDeniedHandler - === ACCESS DENIED (403) DETECTED ===
[2025-11-30 07:08:42] 403 Forbidden
Time        : 2025-11-30 07:08:42
User        : audrio8802@gmail.com
Authorities : [ROLE_CUSTOMER]
IP          : 127.0.0.1
Method      : POST /api/v1.0/customer/order/create
User-Agent  : Mozilla/5.0 (Windows NT 10.0; Win64; x64; rv:145.0) Gecko/20100101 Firefox/145.0
Reason      : Access Denied
========================================
2025-11-30 07:11:29.921 [SpringApplicationShutdownHook] INFO  o.s.b.w.e.tomcat.GracefulShutdown - Commencing graceful shutdown. Waiting for active requests to complete
2025-11-30 07:11:29.927 [tomcat-shutdown] INFO  o.s.b.w.e.tomcat.GracefulShutdown - Graceful shutdown complete
2025-11-30 07:11:29.931 [SpringApplicationShutdownHook] INFO  o.s.o.j.LocalContainerEntityManagerFactoryBean - Closing JPA EntityManagerFactory for persistence unit 'default'
2025-11-30 07:11:29.933 [SpringApplicationShutdownHook] INFO  com.zaxxer.hikari.HikariDataSource - HikariPool-1 - Shutdown initiated...
2025-11-30 07:11:29.938 [SpringApplicationShutdownHook] INFO  com.zaxxer.hikari.HikariDataSource - HikariPool-1 - Shutdown completed.
2025-11-30 07:11:34.658 [restartedMain] INFO  c.a.b.BackendBakrieApplication - Starting BackendBakrieApplication using Java 21.0.8 with PID 4148 (D:\Documents\Bakrie-Store-PI\backend-bakrie\target\classes started by LEGION in D:\Documents\Bakrie-Store-PI)
2025-11-30 07:11:34.658 [restartedMain] DEBUG c.a.b.BackendBakrieApplication - Running with Spring Boot v3.5.7, Spring v6.2.12
2025-11-30 07:11:34.658 [restartedMain] INFO  c.a.b.BackendBakrieApplication - No active profile set, falling back to 1 default profile: "default"
2025-11-30 07:11:34.686 [restartedMain] INFO  o.s.b.d.e.DevToolsPropertyDefaultsPostProcessor - Devtools property defaults active! Set 'spring.devtools.add-properties' to 'false' to disable
2025-11-30 07:11:34.686 [restartedMain] INFO  o.s.b.d.e.DevToolsPropertyDefaultsPostProcessor - For additional web related logging consider setting the 'logging.level.web' property to 'DEBUG'
2025-11-30 07:11:35.075 [restartedMain] INFO  o.s.d.r.c.RepositoryConfigurationDelegate - Bootstrapping Spring Data JPA repositories in DEFAULT mode.
2025-11-30 07:11:35.119 [restartedMain] INFO  o.s.d.r.c.RepositoryConfigurationDelegate - Finished Spring Data repository scanning in 39 ms. Found 8 JPA repository interfaces.
2025-11-30 07:11:35.464 [restartedMain] INFO  o.s.b.w.e.tomcat.TomcatWebServer - Tomcat initialized with port 9090 (http)
2025-11-30 07:11:35.477 [restartedMain] INFO  o.a.catalina.core.StandardService - Starting service [Tomcat]
2025-11-30 07:11:35.477 [restartedMain] INFO  o.a.catalina.core.StandardEngine - Starting Servlet engine: [Apache Tomcat/10.1.48]
2025-11-30 07:11:35.507 [restartedMain] INFO  o.a.c.c.C.[.[localhost].[/api/v1.0] - Initializing Spring embedded WebApplicationContext
2025-11-30 07:11:35.507 [restartedMain] INFO  o.s.b.w.s.c.ServletWebServerApplicationContext - Root WebApplicationContext: initialization completed in 821 ms
2025-11-30 07:11:35.597 [restartedMain] INFO  o.h.jpa.internal.util.LogHelper - HHH000204: Processing PersistenceUnitInfo [name: default]
2025-11-30 07:11:35.633 [restartedMain] INFO  org.hibernate.Version - HHH000412: Hibernate ORM core version 6.6.33.Final
2025-11-30 07:11:35.655 [restartedMain] INFO  o.h.c.i.RegionFactoryInitiator - HHH000026: Second-level cache disabled
2025-11-30 07:11:35.817 [restartedMain] INFO  o.s.o.j.p.SpringPersistenceUnitInfo - No LoadTimeWeaver setup: ignoring JPA class transformer
2025-11-30 07:11:35.835 [restartedMain] INFO  com.zaxxer.hikari.HikariDataSource - HikariPool-1 - Starting...
2025-11-30 07:11:36.055 [restartedMain] INFO  com.zaxxer.hikari.pool.HikariPool - HikariPool-1 - Added connection com.mysql.cj.jdbc.ConnectionImpl@cbd6cf6
2025-11-30 07:11:36.056 [restartedMain] INFO  com.zaxxer.hikari.HikariDataSource - HikariPool-1 - Start completed.
2025-11-30 07:11:36.094 [restartedMain] WARN  org.hibernate.orm.deprecation - HHH90000025: MySQL8Dialect does not need to be specified explicitly using 'hibernate.dialect' (remove the property setting and it will be selected by default)
2025-11-30 07:11:36.094 [restartedMain] WARN  org.hibernate.orm.deprecation - HHH90000026: MySQL8Dialect has been deprecated; use org.hibernate.dialect.MySQLDialect instead
2025-11-30 07:11:36.103 [restartedMain] INFO  o.hibernate.orm.connections.pooling - HHH10001005: Database info:
	Database JDBC URL [Connecting through datasource 'HikariDataSource (HikariPool-1)']
	Database driver: undefined/unknown
	Database version: 8.0
	Autocommit mode: undefined/unknown
	Isolation level: undefined/unknown
	Minimum pool size: undefined/unknown
	Maximum pool size: undefined/unknown
2025-11-30 07:11:36.816 [restartedMain] INFO  o.h.e.t.j.p.i.JtaPlatformInitiator - HHH000489: No JTA platform available (set 'hibernate.transaction.jta.platform' to enable JTA platform integration)
2025-11-30 07:11:36.903 [restartedMain] INFO  o.s.o.j.LocalContainerEntityManagerFactoryBean - Initialized JPA EntityManagerFactory for persistence unit 'default'
2025-11-30 07:11:37.073 [restartedMain] INFO  o.s.d.j.r.query.QueryEnhancerFactory - Hibernate is in classpath; If applicable, HQL parser will be used.
2025-11-30 07:11:37.436 [restartedMain] DEBUG c.a.b.config.JwtAuthenticationFilter - Filter 'jwtAuthenticationFilter' configured for use
2025-11-30 07:11:37.512 [restartedMain] INFO  o.s.s.c.a.a.c.InitializeAuthenticationProviderBeanManagerConfigurer$InitializeAuthenticationProviderManagerConfigurer - Global AuthenticationManager configured with AuthenticationProvider bean with name authenticationProvider
2025-11-30 07:11:37.513 [restartedMain] WARN  o.s.s.c.a.a.c.InitializeUserDetailsBeanManagerConfigurer$InitializeUserDetailsManagerConfigurer - Global AuthenticationManager configured with an AuthenticationProvider bean. UserDetailsService beans will not be used by Spring Security for automatically configuring username/password login. Consider removing the AuthenticationProvider bean. Alternatively, consider using the UserDetailsService in a manually instantiated DaoAuthenticationProvider. If the current configuration is intentional, to turn off this warning, increase the logging level of 'org.springframework.security.config.annotation.authentication.configuration.InitializeUserDetailsBeanManagerConfigurer' to ERROR
2025-11-30 07:11:37.609 [restartedMain] WARN  o.s.b.a.o.j.JpaBaseConfiguration$JpaWebConfiguration - spring.jpa.open-in-view is enabled by default. Therefore, database queries may be performed during view rendering. Explicitly configure spring.jpa.open-in-view to disable this warning
2025-11-30 07:11:37.764 [restartedMain] DEBUG o.s.s.web.DefaultSecurityFilterChain - Will secure any request with filters: DisableEncodeUrlFilter, WebAsyncManagerIntegrationFilter, SecurityContextHolderFilter, HeaderWriterFilter, CorsFilter, LogoutFilter, JwtAuthenticationFilter, RequestCacheAwareFilter, SecurityContextHolderAwareRequestFilter, AnonymousAuthenticationFilter, SessionManagementFilter, ExceptionTranslationFilter, AuthorizationFilter
2025-11-30 07:11:37.902 [restartedMain] INFO  o.s.b.d.a.OptionalLiveReloadServer - LiveReload server is running on port 35729
2025-11-30 07:11:37.931 [restartedMain] INFO  o.s.b.w.e.tomcat.TomcatWebServer - Tomcat started on port 9090 (http) with context path '/api/v1.0'
2025-11-30 07:11:37.937 [restartedMain] INFO  c.a.b.BackendBakrieApplication - Started BackendBakrieApplication in 3.579 seconds (process running for 3.959)
2025-11-30 07:11:45.878 [http-nio-9090-exec-1] INFO  o.a.c.c.C.[.[localhost].[/api/v1.0] - Initializing Spring DispatcherServlet 'dispatcherServlet'
2025-11-30 07:11:45.878 [http-nio-9090-exec-1] INFO  o.s.web.servlet.DispatcherServlet - Initializing Servlet 'dispatcherServlet'
2025-11-30 07:11:45.879 [http-nio-9090-exec-1] INFO  o.s.web.servlet.DispatcherServlet - Completed initialization in 1 ms
2025-11-30 07:11:45.892 [http-nio-9090-exec-1] DEBUG o.s.security.web.FilterChainProxy - Securing OPTIONS /customer/order/create
2025-11-30 07:11:45.915 [http-nio-9090-exec-3] DEBUG o.s.security.web.FilterChainProxy - Securing POST /customer/order/create
2025-11-30 07:11:45.917 [http-nio-9090-exec-3] DEBUG c.a.b.config.JwtAuthenticationFilter - >>> Request POST /api/v1.0/customer/order/create
2025-11-30 07:11:45.917 [http-nio-9090-exec-3] DEBUG c.a.b.config.JwtAuthenticationFilter - Token received (first 20 chars): eyJhbGciOiJIUzI1NiJ9...
2025-11-30 07:11:46.113 [http-nio-9090-exec-3] INFO  c.a.b.config.JwtAuthenticationFilter - Authorities for audrio8802@gmail.com: [ROLE_CUSTOMER]
2025-11-30 07:11:46.115 [http-nio-9090-exec-3] DEBUG c.a.b.config.JwtAuthenticationFilter - Authenticated user from JWT: audrio8802@gmail.com
2025-11-30 07:11:46.115 [http-nio-9090-exec-3] INFO  c.a.b.config.JwtAuthenticationFilter - Authenticated user: audrio8802@gmail.com
2025-11-30 07:11:46.115 [http-nio-9090-exec-3] INFO  c.a.b.config.JwtAuthenticationFilter - Authorities: [ROLE_CUSTOMER]
2025-11-30 07:11:46.117 [http-nio-9090-exec-3] WARN  c.a.b.u.E.CustomAccessDeniedHandler - === ACCESS DENIED (403) DETECTED ===
[2025-11-30 07:11:46] 403 Forbidden
Time        : 2025-11-30 07:11:46
User        : audrio8802@gmail.com
Authorities : [ROLE_CUSTOMER]
IP          : 127.0.0.1
Method      : POST /api/v1.0/customer/order/create
User-Agent  : Mozilla/5.0 (Windows NT 10.0; Win64; x64; rv:145.0) Gecko/20100101 Firefox/145.0
Reason      : Access Denied
========================================
2025-11-30 07:11:51.809 [http-nio-9090-exec-2] DEBUG o.s.security.web.FilterChainProxy - Securing OPTIONS /public/products/fetchProducts
2025-11-30 07:11:51.810 [http-nio-9090-exec-4] DEBUG o.s.security.web.FilterChainProxy - Securing OPTIONS /customer/myprofile
2025-11-30 07:11:51.810 [http-nio-9090-exec-6] DEBUG o.s.security.web.FilterChainProxy - Securing OPTIONS /customer/myprofile
2025-11-30 07:11:51.810 [http-nio-9090-exec-5] DEBUG o.s.security.web.FilterChainProxy - Securing OPTIONS /public/products/fetchProducts
2025-11-30 07:11:51.820 [http-nio-9090-exec-9] DEBUG o.s.security.web.FilterChainProxy - Securing GET /customer/myprofile
2025-11-30 07:11:51.820 [http-nio-9090-exec-10] DEBUG o.s.security.web.FilterChainProxy - Securing GET /public/products/fetchProducts
2025-11-30 07:11:51.820 [http-nio-9090-exec-9] DEBUG c.a.b.config.JwtAuthenticationFilter - >>> Request GET /api/v1.0/customer/myprofile
2025-11-30 07:11:51.820 [http-nio-9090-exec-8] DEBUG o.s.security.web.FilterChainProxy - Securing GET /customer/myprofile
2025-11-30 07:11:51.820 [http-nio-9090-exec-9] DEBUG c.a.b.config.JwtAuthenticationFilter - Token received (first 20 chars): eyJhbGciOiJIUzI1NiJ9...
2025-11-30 07:11:51.820 [http-nio-9090-exec-7] DEBUG o.s.security.web.FilterChainProxy - Securing GET /public/products/fetchProducts
2025-11-30 07:11:51.820 [http-nio-9090-exec-10] DEBUG c.a.b.config.JwtAuthenticationFilter - >>> Request GET /api/v1.0/public/products/fetchProducts
2025-11-30 07:11:51.820 [http-nio-9090-exec-10] DEBUG c.a.b.config.JwtAuthenticationFilter - Token received (first 20 chars): eyJhbGciOiJIUzI1NiJ9...
2025-11-30 07:11:51.821 [http-nio-9090-exec-8] DEBUG c.a.b.config.JwtAuthenticationFilter - >>> Request GET /api/v1.0/customer/myprofile
2025-11-30 07:11:51.821 [http-nio-9090-exec-8] DEBUG c.a.b.config.JwtAuthenticationFilter - Token received (first 20 chars): eyJhbGciOiJIUzI1NiJ9...
2025-11-30 07:11:51.821 [http-nio-9090-exec-7] DEBUG c.a.b.config.JwtAuthenticationFilter - >>> Request GET /api/v1.0/public/products/fetchProducts
2025-11-30 07:11:51.821 [http-nio-9090-exec-7] DEBUG c.a.b.config.JwtAuthenticationFilter - Token received (first 20 chars): eyJhbGciOiJIUzI1NiJ9...
2025-11-30 07:11:51.827 [http-nio-9090-exec-10] INFO  c.a.b.config.JwtAuthenticationFilter - Authorities for audrio8802@gmail.com: [ROLE_CUSTOMER]
2025-11-30 07:11:51.828 [http-nio-9090-exec-10] DEBUG c.a.b.config.JwtAuthenticationFilter - Authenticated user from JWT: audrio8802@gmail.com
2025-11-30 07:11:51.828 [http-nio-9090-exec-10] INFO  c.a.b.config.JwtAuthenticationFilter - Authenticated user: audrio8802@gmail.com
2025-11-30 07:11:51.828 [http-nio-9090-exec-10] INFO  c.a.b.config.JwtAuthenticationFilter - Authorities: [ROLE_CUSTOMER]
2025-11-30 07:11:51.828 [http-nio-9090-exec-9] INFO  c.a.b.config.JwtAuthenticationFilter - Authorities for audrio8802@gmail.com: [ROLE_CUSTOMER]
2025-11-30 07:11:51.828 [http-nio-9090-exec-7] INFO  c.a.b.config.JwtAuthenticationFilter - Authorities for audrio8802@gmail.com: [ROLE_CUSTOMER]
2025-11-30 07:11:51.828 [http-nio-9090-exec-8] INFO  c.a.b.config.JwtAuthenticationFilter - Authorities for audrio8802@gmail.com: [ROLE_CUSTOMER]
2025-11-30 07:11:51.828 [http-nio-9090-exec-9] DEBUG c.a.b.config.JwtAuthenticationFilter - Authenticated user from JWT: audrio8802@gmail.com
2025-11-30 07:11:51.829 [http-nio-9090-exec-9] INFO  c.a.b.config.JwtAuthenticationFilter - Authenticated user: audrio8802@gmail.com
2025-11-30 07:11:51.829 [http-nio-9090-exec-9] INFO  c.a.b.config.JwtAuthenticationFilter - Authorities: [ROLE_CUSTOMER]
2025-11-30 07:11:51.829 [http-nio-9090-exec-7] DEBUG c.a.b.config.JwtAuthenticationFilter - Authenticated user from JWT: audrio8802@gmail.com
2025-11-30 07:11:51.829 [http-nio-9090-exec-7] INFO  c.a.b.config.JwtAuthenticationFilter - Authenticated user: audrio8802@gmail.com
2025-11-30 07:11:51.829 [http-nio-9090-exec-7] INFO  c.a.b.config.JwtAuthenticationFilter - Authorities: [ROLE_CUSTOMER]
2025-11-30 07:11:51.829 [http-nio-9090-exec-10] DEBUG o.s.security.web.FilterChainProxy - Secured GET /public/products/fetchProducts
2025-11-30 07:11:51.829 [http-nio-9090-exec-8] DEBUG c.a.b.config.JwtAuthenticationFilter - Authenticated user from JWT: audrio8802@gmail.com
2025-11-30 07:11:51.829 [http-nio-9090-exec-8] INFO  c.a.b.config.JwtAuthenticationFilter - Authenticated user: audrio8802@gmail.com
2025-11-30 07:11:51.829 [http-nio-9090-exec-7] DEBUG o.s.security.web.FilterChainProxy - Secured GET /public/products/fetchProducts
2025-11-30 07:11:51.829 [http-nio-9090-exec-8] INFO  c.a.b.config.JwtAuthenticationFilter - Authorities: [ROLE_CUSTOMER]
2025-11-30 07:11:51.829 [http-nio-9090-exec-9] DEBUG o.s.security.web.FilterChainProxy - Secured GET /customer/myprofile
2025-11-30 07:11:51.829 [http-nio-9090-exec-8] DEBUG o.s.security.web.FilterChainProxy - Secured GET /customer/myprofile
2025-11-30 07:11:51.849 [http-nio-9090-exec-10] INFO  c.a.b.controller.ProductController - Method : GET | Endpoint : /public/products/fetchProducts | Payload : 200 OK
2025-11-30 07:11:51.849 [http-nio-9090-exec-7] INFO  c.a.b.controller.ProductController - Method : GET | Endpoint : /public/products/fetchProducts | Payload : 200 OK
2025-11-30 07:11:51.857 [http-nio-9090-exec-8] INFO  c.a.b.controller.CustomerController - Method : GET | Endpoint : /customer/myprofile | Payload : Bearer eyJhbGciOiJIUzI1NiJ9.eyJyb2xlIjoiQ1VTVE9NRVIiLCJwdXJwb3NlIjoiYWNjZXNzIiwic3ViIjoiYXVkcmlvODgwMkBnbWFpbC5jb20iLCJpYXQiOjE3NjQ0NTA3NTUsImV4cCI6MTc2NDUzNzE1NX0.NF7S5I2pgZvEF_ScdLmZq6zuhRA4p5dQm2FHP35hdYY
2025-11-30 07:11:51.857 [http-nio-9090-exec-9] INFO  c.a.b.controller.CustomerController - Method : GET | Endpoint : /customer/myprofile | Payload : Bearer eyJhbGciOiJIUzI1NiJ9.eyJyb2xlIjoiQ1VTVE9NRVIiLCJwdXJwb3NlIjoiYWNjZXNzIiwic3ViIjoiYXVkcmlvODgwMkBnbWFpbC5jb20iLCJpYXQiOjE3NjQ0NTA3NTUsImV4cCI6MTc2NDUzNzE1NX0.NF7S5I2pgZvEF_ScdLmZq6zuhRA4p5dQm2FHP35hdYY
2025-11-30 07:11:51.858 [http-nio-9090-exec-8] INFO  c.a.b.s.impl.CustomerServiceImpl - GET CUSTOMER PROFILE START | EMAIL: audrio8802@gmail.com
2025-11-30 07:11:51.858 [http-nio-9090-exec-9] INFO  c.a.b.s.impl.CustomerServiceImpl - GET CUSTOMER PROFILE START | EMAIL: audrio8802@gmail.com
2025-11-30 07:11:51.863 [http-nio-9090-exec-9] INFO  c.a.b.s.impl.CustomerServiceImpl - GET CUSTOMER PROFILE SUCCESS
2025-11-30 07:11:51.863 [http-nio-9090-exec-8] INFO  c.a.b.s.impl.CustomerServiceImpl - GET CUSTOMER PROFILE SUCCESS
2025-11-30 07:11:51.863 [http-nio-9090-exec-9] DEBUG c.a.b.s.impl.CustomerServiceImpl - Converting entity to response for customer ID: 49b697a8-c144-4145-a894-e32477c12451
2025-11-30 07:11:51.863 [http-nio-9090-exec-8] DEBUG c.a.b.s.impl.CustomerServiceImpl - Converting entity to response for customer ID: 49b697a8-c144-4145-a894-e32477c12451
2025-11-30 07:11:52.191 [http-nio-9090-exec-1] DEBUG o.s.security.web.FilterChainProxy - Securing OPTIONS /customer/order/49b697a8-c144-4145-a894-e32477c12451
2025-11-30 07:11:52.191 [http-nio-9090-exec-3] DEBUG o.s.security.web.FilterChainProxy - Securing OPTIONS /customer/cart/mycart/49b697a8-c144-4145-a894-e32477c12451
2025-11-30 07:11:52.229 [http-nio-9090-exec-6] DEBUG o.s.security.web.FilterChainProxy - Securing GET /customer/cart/mycart/49b697a8-c144-4145-a894-e32477c12451
2025-11-30 07:11:52.229 [http-nio-9090-exec-2] DEBUG o.s.security.web.FilterChainProxy - Securing GET /customer/order/49b697a8-c144-4145-a894-e32477c12451
2025-11-30 07:11:52.229 [http-nio-9090-exec-2] DEBUG c.a.b.config.JwtAuthenticationFilter - >>> Request GET /api/v1.0/customer/order/49b697a8-c144-4145-a894-e32477c12451
2025-11-30 07:11:52.229 [http-nio-9090-exec-6] DEBUG c.a.b.config.JwtAuthenticationFilter - >>> Request GET /api/v1.0/customer/cart/mycart/49b697a8-c144-4145-a894-e32477c12451
2025-11-30 07:11:52.229 [http-nio-9090-exec-2] DEBUG c.a.b.config.JwtAuthenticationFilter - Token received (first 20 chars): eyJhbGciOiJIUzI1NiJ9...
2025-11-30 07:11:52.229 [http-nio-9090-exec-6] DEBUG c.a.b.config.JwtAuthenticationFilter - Token received (first 20 chars): eyJhbGciOiJIUzI1NiJ9...
2025-11-30 07:11:52.237 [http-nio-9090-exec-2] INFO  c.a.b.config.JwtAuthenticationFilter - Authorities for audrio8802@gmail.com: [ROLE_CUSTOMER]
2025-11-30 07:11:52.237 [http-nio-9090-exec-6] INFO  c.a.b.config.JwtAuthenticationFilter - Authorities for audrio8802@gmail.com: [ROLE_CUSTOMER]
2025-11-30 07:11:52.238 [http-nio-9090-exec-2] DEBUG c.a.b.config.JwtAuthenticationFilter - Authenticated user from JWT: audrio8802@gmail.com
2025-11-30 07:11:52.238 [http-nio-9090-exec-2] INFO  c.a.b.config.JwtAuthenticationFilter - Authenticated user: audrio8802@gmail.com
2025-11-30 07:11:52.238 [http-nio-9090-exec-6] DEBUG c.a.b.config.JwtAuthenticationFilter - Authenticated user from JWT: audrio8802@gmail.com
2025-11-30 07:11:52.238 [http-nio-9090-exec-2] INFO  c.a.b.config.JwtAuthenticationFilter - Authorities: [ROLE_CUSTOMER]
2025-11-30 07:11:52.238 [http-nio-9090-exec-6] INFO  c.a.b.config.JwtAuthenticationFilter - Authenticated user: audrio8802@gmail.com
2025-11-30 07:11:52.238 [http-nio-9090-exec-6] INFO  c.a.b.config.JwtAuthenticationFilter - Authorities: [ROLE_CUSTOMER]
2025-11-30 07:11:52.238 [http-nio-9090-exec-6] DEBUG o.s.security.web.FilterChainProxy - Secured GET /customer/cart/mycart/49b697a8-c144-4145-a894-e32477c12451
2025-11-30 07:11:52.238 [http-nio-9090-exec-2] WARN  c.a.b.u.E.CustomAccessDeniedHandler - === ACCESS DENIED (403) DETECTED ===
[2025-11-30 07:11:52] 403 Forbidden
Time        : 2025-11-30 07:11:52
User        : audrio8802@gmail.com
Authorities : [ROLE_CUSTOMER]
IP          : 127.0.0.1
Method      : GET /api/v1.0/customer/order/49b697a8-c144-4145-a894-e32477c12451
User-Agent  : Mozilla/5.0 (Windows NT 10.0; Win64; x64; rv:145.0) Gecko/20100101 Firefox/145.0
Reason      : Access Denied
========================================
2025-11-30 07:11:52.239 [http-nio-9090-exec-6] INFO  c.a.b.controller.CartController - GET /customer/mycart/49b697a8-c144-4145-a894-e32477c12451
2025-11-30 07:12:08.914 [http-nio-9090-exec-4] DEBUG o.s.security.web.FilterChainProxy - Securing OPTIONS /customer/order/create
2025-11-30 07:12:08.926 [http-nio-9090-exec-5] DEBUG o.s.security.web.FilterChainProxy - Securing POST /customer/order/create
2025-11-30 07:12:08.927 [http-nio-9090-exec-5] DEBUG c.a.b.config.JwtAuthenticationFilter - >>> Request POST /api/v1.0/customer/order/create
2025-11-30 07:12:08.927 [http-nio-9090-exec-5] DEBUG c.a.b.config.JwtAuthenticationFilter - Token received (first 20 chars): eyJhbGciOiJIUzI1NiJ9...
2025-11-30 07:12:08.935 [http-nio-9090-exec-5] INFO  c.a.b.config.JwtAuthenticationFilter - Authorities for audrio8802@gmail.com: [ROLE_CUSTOMER]
2025-11-30 07:12:08.935 [http-nio-9090-exec-5] DEBUG c.a.b.config.JwtAuthenticationFilter - Authenticated user from JWT: audrio8802@gmail.com
2025-11-30 07:12:08.935 [http-nio-9090-exec-5] INFO  c.a.b.config.JwtAuthenticationFilter - Authenticated user: audrio8802@gmail.com
2025-11-30 07:12:08.935 [http-nio-9090-exec-5] INFO  c.a.b.config.JwtAuthenticationFilter - Authorities: [ROLE_CUSTOMER]
2025-11-30 07:12:08.935 [http-nio-9090-exec-5] WARN  c.a.b.u.E.CustomAccessDeniedHandler - === ACCESS DENIED (403) DETECTED ===
[2025-11-30 07:12:08] 403 Forbidden
Time        : 2025-11-30 07:12:08
User        : audrio8802@gmail.com
Authorities : [ROLE_CUSTOMER]
IP          : 127.0.0.1
Method      : POST /api/v1.0/customer/order/create
User-Agent  : Mozilla/5.0 (Windows NT 10.0; Win64; x64; rv:145.0) Gecko/20100101 Firefox/145.0
Reason      : Access Denied
========================================
2025-11-30 07:13:03.744 [SpringApplicationShutdownHook] INFO  o.s.b.w.e.tomcat.GracefulShutdown - Commencing graceful shutdown. Waiting for active requests to complete
2025-11-30 07:13:03.752 [tomcat-shutdown] INFO  o.s.b.w.e.tomcat.GracefulShutdown - Graceful shutdown complete
2025-11-30 07:13:03.757 [SpringApplicationShutdownHook] INFO  o.s.o.j.LocalContainerEntityManagerFactoryBean - Closing JPA EntityManagerFactory for persistence unit 'default'
2025-11-30 07:13:03.759 [SpringApplicationShutdownHook] INFO  com.zaxxer.hikari.HikariDataSource - HikariPool-1 - Shutdown initiated...
2025-11-30 07:13:03.761 [SpringApplicationShutdownHook] INFO  com.zaxxer.hikari.HikariDataSource - HikariPool-1 - Shutdown completed.
2025-11-30 07:13:08.781 [restartedMain] INFO  c.a.b.BackendBakrieApplication - Starting BackendBakrieApplication using Java 21.0.8 with PID 29732 (D:\Documents\Bakrie-Store-PI\backend-bakrie\target\classes started by LEGION in D:\Documents\Bakrie-Store-PI)
2025-11-30 07:13:08.785 [restartedMain] DEBUG c.a.b.BackendBakrieApplication - Running with Spring Boot v3.5.7, Spring v6.2.12
2025-11-30 07:13:08.785 [restartedMain] INFO  c.a.b.BackendBakrieApplication - No active profile set, falling back to 1 default profile: "default"
2025-11-30 07:13:08.827 [restartedMain] INFO  o.s.b.d.e.DevToolsPropertyDefaultsPostProcessor - Devtools property defaults active! Set 'spring.devtools.add-properties' to 'false' to disable
2025-11-30 07:13:08.827 [restartedMain] INFO  o.s.b.d.e.DevToolsPropertyDefaultsPostProcessor - For additional web related logging consider setting the 'logging.level.web' property to 'DEBUG'
2025-11-30 07:13:09.492 [restartedMain] INFO  o.s.d.r.c.RepositoryConfigurationDelegate - Bootstrapping Spring Data JPA repositories in DEFAULT mode.
2025-11-30 07:13:09.578 [restartedMain] INFO  o.s.d.r.c.RepositoryConfigurationDelegate - Finished Spring Data repository scanning in 77 ms. Found 8 JPA repository interfaces.
2025-11-30 07:13:10.094 [restartedMain] INFO  o.s.b.w.e.tomcat.TomcatWebServer - Tomcat initialized with port 9090 (http)
2025-11-30 07:13:10.108 [restartedMain] INFO  o.a.catalina.core.StandardService - Starting service [Tomcat]
2025-11-30 07:13:10.108 [restartedMain] INFO  o.a.catalina.core.StandardEngine - Starting Servlet engine: [Apache Tomcat/10.1.48]
2025-11-30 07:13:10.162 [restartedMain] INFO  o.a.c.c.C.[.[localhost].[/api/v1.0] - Initializing Spring embedded WebApplicationContext
2025-11-30 07:13:10.162 [restartedMain] INFO  o.s.b.w.s.c.ServletWebServerApplicationContext - Root WebApplicationContext: initialization completed in 1335 ms
2025-11-30 07:13:10.306 [restartedMain] INFO  o.h.jpa.internal.util.LogHelper - HHH000204: Processing PersistenceUnitInfo [name: default]
2025-11-30 07:13:10.350 [restartedMain] INFO  org.hibernate.Version - HHH000412: Hibernate ORM core version 6.6.33.Final
2025-11-30 07:13:10.379 [restartedMain] INFO  o.h.c.i.RegionFactoryInitiator - HHH000026: Second-level cache disabled
2025-11-30 07:13:10.595 [restartedMain] INFO  o.s.o.j.p.SpringPersistenceUnitInfo - No LoadTimeWeaver setup: ignoring JPA class transformer
2025-11-30 07:13:10.616 [restartedMain] INFO  com.zaxxer.hikari.HikariDataSource - HikariPool-1 - Starting...
2025-11-30 07:13:10.927 [restartedMain] INFO  com.zaxxer.hikari.pool.HikariPool - HikariPool-1 - Added connection com.mysql.cj.jdbc.ConnectionImpl@63b768b0
2025-11-30 07:13:10.927 [restartedMain] INFO  com.zaxxer.hikari.HikariDataSource - HikariPool-1 - Start completed.
2025-11-30 07:13:10.986 [restartedMain] WARN  org.hibernate.orm.deprecation - HHH90000025: MySQL8Dialect does not need to be specified explicitly using 'hibernate.dialect' (remove the property setting and it will be selected by default)
2025-11-30 07:13:10.986 [restartedMain] WARN  org.hibernate.orm.deprecation - HHH90000026: MySQL8Dialect has been deprecated; use org.hibernate.dialect.MySQLDialect instead
2025-11-30 07:13:11.002 [restartedMain] INFO  o.hibernate.orm.connections.pooling - HHH10001005: Database info:
	Database JDBC URL [Connecting through datasource 'HikariDataSource (HikariPool-1)']
	Database driver: undefined/unknown
	Database version: 8.0
	Autocommit mode: undefined/unknown
	Isolation level: undefined/unknown
	Minimum pool size: undefined/unknown
	Maximum pool size: undefined/unknown
2025-11-30 07:13:12.083 [restartedMain] INFO  o.h.e.t.j.p.i.JtaPlatformInitiator - HHH000489: No JTA platform available (set 'hibernate.transaction.jta.platform' to enable JTA platform integration)
2025-11-30 07:13:12.211 [restartedMain] INFO  o.s.o.j.LocalContainerEntityManagerFactoryBean - Initialized JPA EntityManagerFactory for persistence unit 'default'
2025-11-30 07:13:12.491 [restartedMain] INFO  o.s.d.j.r.query.QueryEnhancerFactory - Hibernate is in classpath; If applicable, HQL parser will be used.
2025-11-30 07:13:13.010 [restartedMain] DEBUG c.a.b.config.JwtAuthenticationFilter - Filter 'jwtAuthenticationFilter' configured for use
2025-11-30 07:13:13.109 [restartedMain] INFO  o.s.s.c.a.a.c.InitializeAuthenticationProviderBeanManagerConfigurer$InitializeAuthenticationProviderManagerConfigurer - Global AuthenticationManager configured with AuthenticationProvider bean with name authenticationProvider
2025-11-30 07:13:13.109 [restartedMain] WARN  o.s.s.c.a.a.c.InitializeUserDetailsBeanManagerConfigurer$InitializeUserDetailsManagerConfigurer - Global AuthenticationManager configured with an AuthenticationProvider bean. UserDetailsService beans will not be used by Spring Security for automatically configuring username/password login. Consider removing the AuthenticationProvider bean. Alternatively, consider using the UserDetailsService in a manually instantiated DaoAuthenticationProvider. If the current configuration is intentional, to turn off this warning, increase the logging level of 'org.springframework.security.config.annotation.authentication.configuration.InitializeUserDetailsBeanManagerConfigurer' to ERROR
2025-11-30 07:13:13.287 [restartedMain] WARN  o.s.b.a.o.j.JpaBaseConfiguration$JpaWebConfiguration - spring.jpa.open-in-view is enabled by default. Therefore, database queries may be performed during view rendering. Explicitly configure spring.jpa.open-in-view to disable this warning
2025-11-30 07:13:13.535 [restartedMain] DEBUG o.s.s.web.DefaultSecurityFilterChain - Will secure any request with filters: DisableEncodeUrlFilter, WebAsyncManagerIntegrationFilter, SecurityContextHolderFilter, HeaderWriterFilter, CorsFilter, LogoutFilter, JwtAuthenticationFilter, RequestCacheAwareFilter, SecurityContextHolderAwareRequestFilter, AnonymousAuthenticationFilter, SessionManagementFilter, ExceptionTranslationFilter, AuthorizationFilter
2025-11-30 07:13:13.764 [restartedMain] INFO  o.s.b.d.a.OptionalLiveReloadServer - LiveReload server is running on port 35729
2025-11-30 07:13:13.811 [restartedMain] INFO  o.s.b.w.e.tomcat.TomcatWebServer - Tomcat started on port 9090 (http) with context path '/api/v1.0'
2025-11-30 07:13:13.818 [restartedMain] INFO  c.a.b.BackendBakrieApplication - Started BackendBakrieApplication in 5.555 seconds (process running for 6.084)
2025-11-30 07:13:39.647 [http-nio-9090-exec-4] INFO  o.a.c.c.C.[.[localhost].[/api/v1.0] - Initializing Spring DispatcherServlet 'dispatcherServlet'
2025-11-30 07:13:39.647 [http-nio-9090-exec-4] INFO  o.s.web.servlet.DispatcherServlet - Initializing Servlet 'dispatcherServlet'
2025-11-30 07:13:39.647 [http-nio-9090-exec-4] INFO  o.s.web.servlet.DispatcherServlet - Completed initialization in 0 ms
2025-11-30 07:13:39.664 [http-nio-9090-exec-4] DEBUG o.s.security.web.FilterChainProxy - Securing OPTIONS /customer/myprofile
2025-11-30 07:13:39.664 [http-nio-9090-exec-2] DEBUG o.s.security.web.FilterChainProxy - Securing OPTIONS /customer/myprofile
2025-11-30 07:13:39.664 [http-nio-9090-exec-1] DEBUG o.s.security.web.FilterChainProxy - Securing OPTIONS /public/products/fetchProducts
2025-11-30 07:13:39.664 [http-nio-9090-exec-3] DEBUG o.s.security.web.FilterChainProxy - Securing OPTIONS /public/products/fetchProducts
2025-11-30 07:13:39.711 [http-nio-9090-exec-7] DEBUG o.s.security.web.FilterChainProxy - Securing GET /customer/myprofile
2025-11-30 07:13:39.711 [http-nio-9090-exec-5] DEBUG o.s.security.web.FilterChainProxy - Securing GET /public/products/fetchProducts
2025-11-30 07:13:39.711 [http-nio-9090-exec-6] DEBUG o.s.security.web.FilterChainProxy - Securing GET /customer/myprofile
2025-11-30 07:13:39.715 [http-nio-9090-exec-8] DEBUG o.s.security.web.FilterChainProxy - Securing GET /public/products/fetchProducts
2025-11-30 07:13:39.716 [http-nio-9090-exec-6] DEBUG c.a.b.config.JwtAuthenticationFilter - >>> Request GET /api/v1.0/customer/myprofile
2025-11-30 07:13:39.716 [http-nio-9090-exec-5] DEBUG c.a.b.config.JwtAuthenticationFilter - >>> Request GET /api/v1.0/public/products/fetchProducts
2025-11-30 07:13:39.716 [http-nio-9090-exec-7] DEBUG c.a.b.config.JwtAuthenticationFilter - >>> Request GET /api/v1.0/customer/myprofile
2025-11-30 07:13:39.716 [http-nio-9090-exec-8] DEBUG c.a.b.config.JwtAuthenticationFilter - >>> Request GET /api/v1.0/public/products/fetchProducts
2025-11-30 07:13:39.717 [http-nio-9090-exec-7] DEBUG c.a.b.config.JwtAuthenticationFilter - Token received (first 20 chars): eyJhbGciOiJIUzI1NiJ9...
2025-11-30 07:13:39.717 [http-nio-9090-exec-5] DEBUG c.a.b.config.JwtAuthenticationFilter - Token received (first 20 chars): eyJhbGciOiJIUzI1NiJ9...
2025-11-30 07:13:39.717 [http-nio-9090-exec-6] DEBUG c.a.b.config.JwtAuthenticationFilter - Token received (first 20 chars): eyJhbGciOiJIUzI1NiJ9...
2025-11-30 07:13:39.717 [http-nio-9090-exec-8] DEBUG c.a.b.config.JwtAuthenticationFilter - Token received (first 20 chars): eyJhbGciOiJIUzI1NiJ9...
2025-11-30 07:13:39.933 [http-nio-9090-exec-5] INFO  c.a.b.config.JwtAuthenticationFilter - Authorities for audrio8802@gmail.com: [ROLE_CUSTOMER]
2025-11-30 07:13:39.933 [http-nio-9090-exec-6] INFO  c.a.b.config.JwtAuthenticationFilter - Authorities for audrio8802@gmail.com: [ROLE_CUSTOMER]
2025-11-30 07:13:39.933 [http-nio-9090-exec-8] INFO  c.a.b.config.JwtAuthenticationFilter - Authorities for audrio8802@gmail.com: [ROLE_CUSTOMER]
2025-11-30 07:13:39.933 [http-nio-9090-exec-7] INFO  c.a.b.config.JwtAuthenticationFilter - Authorities for audrio8802@gmail.com: [ROLE_CUSTOMER]
2025-11-30 07:13:39.935 [http-nio-9090-exec-5] DEBUG c.a.b.config.JwtAuthenticationFilter - Authenticated user from JWT: audrio8802@gmail.com
2025-11-30 07:13:39.935 [http-nio-9090-exec-8] DEBUG c.a.b.config.JwtAuthenticationFilter - Authenticated user from JWT: audrio8802@gmail.com
2025-11-30 07:13:39.935 [http-nio-9090-exec-6] DEBUG c.a.b.config.JwtAuthenticationFilter - Authenticated user from JWT: audrio8802@gmail.com
2025-11-30 07:13:39.935 [http-nio-9090-exec-5] INFO  c.a.b.config.JwtAuthenticationFilter - Authenticated user: audrio8802@gmail.com
2025-11-30 07:13:39.935 [http-nio-9090-exec-8] INFO  c.a.b.config.JwtAuthenticationFilter - Authenticated user: audrio8802@gmail.com
2025-11-30 07:13:39.935 [http-nio-9090-exec-6] INFO  c.a.b.config.JwtAuthenticationFilter - Authenticated user: audrio8802@gmail.com
2025-11-30 07:13:39.935 [http-nio-9090-exec-5] INFO  c.a.b.config.JwtAuthenticationFilter - Authorities: [ROLE_CUSTOMER]
2025-11-30 07:13:39.935 [http-nio-9090-exec-8] INFO  c.a.b.config.JwtAuthenticationFilter - Authorities: [ROLE_CUSTOMER]
2025-11-30 07:13:39.935 [http-nio-9090-exec-6] INFO  c.a.b.config.JwtAuthenticationFilter - Authorities: [ROLE_CUSTOMER]
2025-11-30 07:13:39.935 [http-nio-9090-exec-7] DEBUG c.a.b.config.JwtAuthenticationFilter - Authenticated user from JWT: audrio8802@gmail.com
2025-11-30 07:13:39.935 [http-nio-9090-exec-7] INFO  c.a.b.config.JwtAuthenticationFilter - Authenticated user: audrio8802@gmail.com
2025-11-30 07:13:39.935 [http-nio-9090-exec-7] INFO  c.a.b.config.JwtAuthenticationFilter - Authorities: [ROLE_CUSTOMER]
2025-11-30 07:13:39.940 [http-nio-9090-exec-8] DEBUG o.s.security.web.FilterChainProxy - Secured GET /public/products/fetchProducts
2025-11-30 07:13:39.940 [http-nio-9090-exec-7] DEBUG o.s.security.web.FilterChainProxy - Secured GET /customer/myprofile
2025-11-30 07:13:39.940 [http-nio-9090-exec-5] DEBUG o.s.security.web.FilterChainProxy - Secured GET /public/products/fetchProducts
2025-11-30 07:13:39.940 [http-nio-9090-exec-6] DEBUG o.s.security.web.FilterChainProxy - Secured GET /customer/myprofile
2025-11-30 07:13:39.956 [http-nio-9090-exec-8] INFO  c.a.b.controller.ProductController - Method : GET | Endpoint : /public/products/fetchProducts | Payload : 200 OK
2025-11-30 07:13:39.956 [http-nio-9090-exec-5] INFO  c.a.b.controller.ProductController - Method : GET | Endpoint : /public/products/fetchProducts | Payload : 200 OK
2025-11-30 07:13:39.965 [http-nio-9090-exec-7] INFO  c.a.b.controller.CustomerController - Method : GET | Endpoint : /customer/myprofile | Payload : Bearer eyJhbGciOiJIUzI1NiJ9.eyJyb2xlIjoiQ1VTVE9NRVIiLCJwdXJwb3NlIjoiYWNjZXNzIiwic3ViIjoiYXVkcmlvODgwMkBnbWFpbC5jb20iLCJpYXQiOjE3NjQ0NTA3NTUsImV4cCI6MTc2NDUzNzE1NX0.NF7S5I2pgZvEF_ScdLmZq6zuhRA4p5dQm2FHP35hdYY
2025-11-30 07:13:39.965 [http-nio-9090-exec-6] INFO  c.a.b.controller.CustomerController - Method : GET | Endpoint : /customer/myprofile | Payload : Bearer eyJhbGciOiJIUzI1NiJ9.eyJyb2xlIjoiQ1VTVE9NRVIiLCJwdXJwb3NlIjoiYWNjZXNzIiwic3ViIjoiYXVkcmlvODgwMkBnbWFpbC5jb20iLCJpYXQiOjE3NjQ0NTA3NTUsImV4cCI6MTc2NDUzNzE1NX0.NF7S5I2pgZvEF_ScdLmZq6zuhRA4p5dQm2FHP35hdYY
2025-11-30 07:13:39.965 [http-nio-9090-exec-6] INFO  c.a.b.s.impl.CustomerServiceImpl - GET CUSTOMER PROFILE START | EMAIL: audrio8802@gmail.com
2025-11-30 07:13:39.965 [http-nio-9090-exec-7] INFO  c.a.b.s.impl.CustomerServiceImpl - GET CUSTOMER PROFILE START | EMAIL: audrio8802@gmail.com
2025-11-30 07:13:39.970 [http-nio-9090-exec-7] INFO  c.a.b.s.impl.CustomerServiceImpl - GET CUSTOMER PROFILE SUCCESS
2025-11-30 07:13:39.970 [http-nio-9090-exec-7] DEBUG c.a.b.s.impl.CustomerServiceImpl - Converting entity to response for customer ID: 49b697a8-c144-4145-a894-e32477c12451
2025-11-30 07:13:39.971 [http-nio-9090-exec-6] INFO  c.a.b.s.impl.CustomerServiceImpl - GET CUSTOMER PROFILE SUCCESS
2025-11-30 07:13:39.971 [http-nio-9090-exec-6] DEBUG c.a.b.s.impl.CustomerServiceImpl - Converting entity to response for customer ID: 49b697a8-c144-4145-a894-e32477c12451
2025-11-30 07:13:40.213 [http-nio-9090-exec-10] DEBUG o.s.security.web.FilterChainProxy - Securing OPTIONS /customer/order/49b697a8-c144-4145-a894-e32477c12451
2025-11-30 07:13:40.213 [http-nio-9090-exec-9] DEBUG o.s.security.web.FilterChainProxy - Securing OPTIONS /customer/cart/mycart/49b697a8-c144-4145-a894-e32477c12451
2025-11-30 07:13:40.476 [http-nio-9090-exec-2] DEBUG o.s.security.web.FilterChainProxy - Securing GET /customer/cart/mycart/49b697a8-c144-4145-a894-e32477c12451
2025-11-30 07:13:40.476 [http-nio-9090-exec-2] DEBUG c.a.b.config.JwtAuthenticationFilter - >>> Request GET /api/v1.0/customer/cart/mycart/49b697a8-c144-4145-a894-e32477c12451
2025-11-30 07:13:40.476 [http-nio-9090-exec-2] DEBUG c.a.b.config.JwtAuthenticationFilter - Token received (first 20 chars): eyJhbGciOiJIUzI1NiJ9...
2025-11-30 07:13:40.476 [http-nio-9090-exec-4] DEBUG o.s.security.web.FilterChainProxy - Securing GET /customer/order/49b697a8-c144-4145-a894-e32477c12451
2025-11-30 07:13:40.477 [http-nio-9090-exec-4] DEBUG c.a.b.config.JwtAuthenticationFilter - >>> Request GET /api/v1.0/customer/order/49b697a8-c144-4145-a894-e32477c12451
2025-11-30 07:13:40.477 [http-nio-9090-exec-4] DEBUG c.a.b.config.JwtAuthenticationFilter - Token received (first 20 chars): eyJhbGciOiJIUzI1NiJ9...
2025-11-30 07:13:40.481 [http-nio-9090-exec-2] INFO  c.a.b.config.JwtAuthenticationFilter - Authorities for audrio8802@gmail.com: [ROLE_CUSTOMER]
2025-11-30 07:13:40.481 [http-nio-9090-exec-4] INFO  c.a.b.config.JwtAuthenticationFilter - Authorities for audrio8802@gmail.com: [ROLE_CUSTOMER]
2025-11-30 07:13:40.482 [http-nio-9090-exec-2] DEBUG c.a.b.config.JwtAuthenticationFilter - Authenticated user from JWT: audrio8802@gmail.com
2025-11-30 07:13:40.482 [http-nio-9090-exec-2] INFO  c.a.b.config.JwtAuthenticationFilter - Authenticated user: audrio8802@gmail.com
2025-11-30 07:13:40.482 [http-nio-9090-exec-2] INFO  c.a.b.config.JwtAuthenticationFilter - Authorities: [ROLE_CUSTOMER]
2025-11-30 07:13:40.482 [http-nio-9090-exec-4] DEBUG c.a.b.config.JwtAuthenticationFilter - Authenticated user from JWT: audrio8802@gmail.com
2025-11-30 07:13:40.482 [http-nio-9090-exec-4] INFO  c.a.b.config.JwtAuthenticationFilter - Authenticated user: audrio8802@gmail.com
2025-11-30 07:13:40.482 [http-nio-9090-exec-4] INFO  c.a.b.config.JwtAuthenticationFilter - Authorities: [ROLE_CUSTOMER]
2025-11-30 07:13:40.483 [http-nio-9090-exec-4] WARN  c.a.b.u.E.CustomAccessDeniedHandler - === ACCESS DENIED (403) DETECTED ===
[2025-11-30 07:13:40] 403 Forbidden
Time        : 2025-11-30 07:13:40
User        : audrio8802@gmail.com
Authorities : [ROLE_CUSTOMER]
IP          : 127.0.0.1
Method      : GET /api/v1.0/customer/order/49b697a8-c144-4145-a894-e32477c12451
User-Agent  : Mozilla/5.0 (Windows NT 10.0; Win64; x64; rv:145.0) Gecko/20100101 Firefox/145.0
Reason      : Access Denied
========================================
2025-11-30 07:13:40.483 [http-nio-9090-exec-2] WARN  c.a.b.u.E.CustomAccessDeniedHandler - === ACCESS DENIED (403) DETECTED ===
[2025-11-30 07:13:40] 403 Forbidden
Time        : 2025-11-30 07:13:40
User        : audrio8802@gmail.com
Authorities : [ROLE_CUSTOMER]
IP          : 127.0.0.1
Method      : GET /api/v1.0/customer/cart/mycart/49b697a8-c144-4145-a894-e32477c12451
User-Agent  : Mozilla/5.0 (Windows NT 10.0; Win64; x64; rv:145.0) Gecko/20100101 Firefox/145.0
Reason      : Access Denied
========================================
2025-11-30 07:14:00.977 [http-nio-9090-exec-3] DEBUG o.s.security.web.FilterChainProxy - Securing OPTIONS /customer/cart/add/itemCart
2025-11-30 07:14:00.988 [http-nio-9090-exec-1] DEBUG o.s.security.web.FilterChainProxy - Securing POST /customer/cart/add/itemCart
2025-11-30 07:14:00.989 [http-nio-9090-exec-1] DEBUG c.a.b.config.JwtAuthenticationFilter - >>> Request POST /api/v1.0/customer/cart/add/itemCart
2025-11-30 07:14:00.989 [http-nio-9090-exec-1] DEBUG c.a.b.config.JwtAuthenticationFilter - Token received (first 20 chars): eyJhbGciOiJIUzI1NiJ9...
2025-11-30 07:14:00.994 [http-nio-9090-exec-1] INFO  c.a.b.config.JwtAuthenticationFilter - Authorities for audrio8802@gmail.com: [ROLE_CUSTOMER]
2025-11-30 07:14:00.995 [http-nio-9090-exec-1] DEBUG c.a.b.config.JwtAuthenticationFilter - Authenticated user from JWT: audrio8802@gmail.com
2025-11-30 07:14:00.995 [http-nio-9090-exec-1] INFO  c.a.b.config.JwtAuthenticationFilter - Authenticated user: audrio8802@gmail.com
2025-11-30 07:14:00.995 [http-nio-9090-exec-1] INFO  c.a.b.config.JwtAuthenticationFilter - Authorities: [ROLE_CUSTOMER]
2025-11-30 07:14:00.995 [http-nio-9090-exec-1] WARN  c.a.b.u.E.CustomAccessDeniedHandler - === ACCESS DENIED (403) DETECTED ===
[2025-11-30 07:14:00] 403 Forbidden
Time        : 2025-11-30 07:14:00
User        : audrio8802@gmail.com
Authorities : [ROLE_CUSTOMER]
IP          : 127.0.0.1
Method      : POST /api/v1.0/customer/cart/add/itemCart
User-Agent  : Mozilla/5.0 (Windows NT 10.0; Win64; x64; rv:145.0) Gecko/20100101 Firefox/145.0
Reason      : Access Denied
========================================
2025-11-30 07:15:01.782 [http-nio-9090-exec-9] DEBUG o.s.security.web.FilterChainProxy - Securing OPTIONS /customer/myprofile
2025-11-30 07:15:01.782 [http-nio-9090-exec-10] DEBUG o.s.security.web.FilterChainProxy - Securing OPTIONS /public/products/fetchProducts
2025-11-30 07:15:01.782 [http-nio-9090-exec-2] DEBUG o.s.security.web.FilterChainProxy - Securing OPTIONS /public/products/fetchProducts
2025-11-30 07:15:01.782 [http-nio-9090-exec-4] DEBUG o.s.security.web.FilterChainProxy - Securing OPTIONS /customer/myprofile
2025-11-30 07:15:01.788 [http-nio-9090-exec-1] DEBUG o.s.security.web.FilterChainProxy - Securing GET /public/products/fetchProducts
2025-11-30 07:15:01.788 [http-nio-9090-exec-3] DEBUG o.s.security.web.FilterChainProxy - Securing GET /public/products/fetchProducts
2025-11-30 07:15:01.789 [http-nio-9090-exec-6] DEBUG o.s.security.web.FilterChainProxy - Securing GET /customer/myprofile
2025-11-30 07:15:01.789 [http-nio-9090-exec-8] DEBUG o.s.security.web.FilterChainProxy - Securing GET /customer/myprofile
2025-11-30 07:15:01.789 [http-nio-9090-exec-3] DEBUG c.a.b.config.JwtAuthenticationFilter - >>> Request GET /api/v1.0/public/products/fetchProducts
2025-11-30 07:15:01.789 [http-nio-9090-exec-3] DEBUG c.a.b.config.JwtAuthenticationFilter - Token received (first 20 chars): eyJhbGciOiJIUzI1NiJ9...
2025-11-30 07:15:01.789 [http-nio-9090-exec-1] DEBUG c.a.b.config.JwtAuthenticationFilter - >>> Request GET /api/v1.0/public/products/fetchProducts
2025-11-30 07:15:01.789 [http-nio-9090-exec-8] DEBUG c.a.b.config.JwtAuthenticationFilter - >>> Request GET /api/v1.0/customer/myprofile
2025-11-30 07:15:01.789 [http-nio-9090-exec-6] DEBUG c.a.b.config.JwtAuthenticationFilter - >>> Request GET /api/v1.0/customer/myprofile
2025-11-30 07:15:01.789 [http-nio-9090-exec-1] DEBUG c.a.b.config.JwtAuthenticationFilter - Token received (first 20 chars): eyJhbGciOiJIUzI1NiJ9...
2025-11-30 07:15:01.789 [http-nio-9090-exec-8] DEBUG c.a.b.config.JwtAuthenticationFilter - Token received (first 20 chars): eyJhbGciOiJIUzI1NiJ9...
2025-11-30 07:15:01.789 [http-nio-9090-exec-6] DEBUG c.a.b.config.JwtAuthenticationFilter - Token received (first 20 chars): eyJhbGciOiJIUzI1NiJ9...
2025-11-30 07:15:01.796 [http-nio-9090-exec-8] INFO  c.a.b.config.JwtAuthenticationFilter - Authorities for audrio8802@gmail.com: [ROLE_CUSTOMER]
2025-11-30 07:15:01.796 [http-nio-9090-exec-1] INFO  c.a.b.config.JwtAuthenticationFilter - Authorities for audrio8802@gmail.com: [ROLE_CUSTOMER]
2025-11-30 07:15:01.796 [http-nio-9090-exec-6] INFO  c.a.b.config.JwtAuthenticationFilter - Authorities for audrio8802@gmail.com: [ROLE_CUSTOMER]
2025-11-30 07:15:01.796 [http-nio-9090-exec-3] INFO  c.a.b.config.JwtAuthenticationFilter - Authorities for audrio8802@gmail.com: [ROLE_CUSTOMER]
2025-11-30 07:15:01.796 [http-nio-9090-exec-8] DEBUG c.a.b.config.JwtAuthenticationFilter - Authenticated user from JWT: audrio8802@gmail.com
2025-11-30 07:15:01.796 [http-nio-9090-exec-6] DEBUG c.a.b.config.JwtAuthenticationFilter - Authenticated user from JWT: audrio8802@gmail.com
2025-11-30 07:15:01.796 [http-nio-9090-exec-8] INFO  c.a.b.config.JwtAuthenticationFilter - Authenticated user: audrio8802@gmail.com
2025-11-30 07:15:01.796 [http-nio-9090-exec-6] INFO  c.a.b.config.JwtAuthenticationFilter - Authenticated user: audrio8802@gmail.com
2025-11-30 07:15:01.796 [http-nio-9090-exec-8] INFO  c.a.b.config.JwtAuthenticationFilter - Authorities: [ROLE_CUSTOMER]
2025-11-30 07:15:01.796 [http-nio-9090-exec-3] DEBUG c.a.b.config.JwtAuthenticationFilter - Authenticated user from JWT: audrio8802@gmail.com
2025-11-30 07:15:01.796 [http-nio-9090-exec-1] DEBUG c.a.b.config.JwtAuthenticationFilter - Authenticated user from JWT: audrio8802@gmail.com
2025-11-30 07:15:01.796 [http-nio-9090-exec-3] INFO  c.a.b.config.JwtAuthenticationFilter - Authenticated user: audrio8802@gmail.com
2025-11-30 07:15:01.796 [http-nio-9090-exec-6] INFO  c.a.b.config.JwtAuthenticationFilter - Authorities: [ROLE_CUSTOMER]
2025-11-30 07:15:01.796 [http-nio-9090-exec-3] INFO  c.a.b.config.JwtAuthenticationFilter - Authorities: [ROLE_CUSTOMER]
2025-11-30 07:15:01.796 [http-nio-9090-exec-1] INFO  c.a.b.config.JwtAuthenticationFilter - Authenticated user: audrio8802@gmail.com
2025-11-30 07:15:01.796 [http-nio-9090-exec-1] INFO  c.a.b.config.JwtAuthenticationFilter - Authorities: [ROLE_CUSTOMER]
2025-11-30 07:15:01.796 [http-nio-9090-exec-8] DEBUG o.s.security.web.FilterChainProxy - Secured GET /customer/myprofile
2025-11-30 07:15:01.796 [http-nio-9090-exec-6] DEBUG o.s.security.web.FilterChainProxy - Secured GET /customer/myprofile
2025-11-30 07:15:01.796 [http-nio-9090-exec-3] DEBUG o.s.security.web.FilterChainProxy - Secured GET /public/products/fetchProducts
2025-11-30 07:15:01.796 [http-nio-9090-exec-1] DEBUG o.s.security.web.FilterChainProxy - Secured GET /public/products/fetchProducts
2025-11-30 07:15:01.797 [http-nio-9090-exec-1] INFO  c.a.b.controller.ProductController - Method : GET | Endpoint : /public/products/fetchProducts | Payload : 200 OK
2025-11-30 07:15:01.797 [http-nio-9090-exec-3] INFO  c.a.b.controller.ProductController - Method : GET | Endpoint : /public/products/fetchProducts | Payload : 200 OK
2025-11-30 07:15:01.797 [http-nio-9090-exec-8] INFO  c.a.b.controller.CustomerController - Method : GET | Endpoint : /customer/myprofile | Payload : Bearer eyJhbGciOiJIUzI1NiJ9.eyJyb2xlIjoiQ1VTVE9NRVIiLCJwdXJwb3NlIjoiYWNjZXNzIiwic3ViIjoiYXVkcmlvODgwMkBnbWFpbC5jb20iLCJpYXQiOjE3NjQ0NTA3NTUsImV4cCI6MTc2NDUzNzE1NX0.NF7S5I2pgZvEF_ScdLmZq6zuhRA4p5dQm2FHP35hdYY
2025-11-30 07:15:01.797 [http-nio-9090-exec-6] INFO  c.a.b.controller.CustomerController - Method : GET | Endpoint : /customer/myprofile | Payload : Bearer eyJhbGciOiJIUzI1NiJ9.eyJyb2xlIjoiQ1VTVE9NRVIiLCJwdXJwb3NlIjoiYWNjZXNzIiwic3ViIjoiYXVkcmlvODgwMkBnbWFpbC5jb20iLCJpYXQiOjE3NjQ0NTA3NTUsImV4cCI6MTc2NDUzNzE1NX0.NF7S5I2pgZvEF_ScdLmZq6zuhRA4p5dQm2FHP35hdYY
2025-11-30 07:15:01.798 [http-nio-9090-exec-6] INFO  c.a.b.s.impl.CustomerServiceImpl - GET CUSTOMER PROFILE START | EMAIL: audrio8802@gmail.com
2025-11-30 07:15:01.798 [http-nio-9090-exec-8] INFO  c.a.b.s.impl.CustomerServiceImpl - GET CUSTOMER PROFILE START | EMAIL: audrio8802@gmail.com
2025-11-30 07:15:01.803 [http-nio-9090-exec-6] INFO  c.a.b.s.impl.CustomerServiceImpl - GET CUSTOMER PROFILE SUCCESS
2025-11-30 07:15:01.803 [http-nio-9090-exec-8] INFO  c.a.b.s.impl.CustomerServiceImpl - GET CUSTOMER PROFILE SUCCESS
2025-11-30 07:15:01.803 [http-nio-9090-exec-6] DEBUG c.a.b.s.impl.CustomerServiceImpl - Converting entity to response for customer ID: 49b697a8-c144-4145-a894-e32477c12451
2025-11-30 07:15:01.803 [http-nio-9090-exec-8] DEBUG c.a.b.s.impl.CustomerServiceImpl - Converting entity to response for customer ID: 49b697a8-c144-4145-a894-e32477c12451
2025-11-30 07:15:01.861 [http-nio-9090-exec-7] DEBUG o.s.security.web.FilterChainProxy - Securing OPTIONS /customer/order/49b697a8-c144-4145-a894-e32477c12451
2025-11-30 07:15:01.861 [http-nio-9090-exec-5] DEBUG o.s.security.web.FilterChainProxy - Securing OPTIONS /customer/cart/mycart/49b697a8-c144-4145-a894-e32477c12451
2025-11-30 07:15:01.865 [http-nio-9090-exec-9] DEBUG o.s.security.web.FilterChainProxy - Securing GET /customer/order/49b697a8-c144-4145-a894-e32477c12451
2025-11-30 07:15:01.866 [http-nio-9090-exec-9] DEBUG c.a.b.config.JwtAuthenticationFilter - >>> Request GET /api/v1.0/customer/order/49b697a8-c144-4145-a894-e32477c12451
2025-11-30 07:15:01.866 [http-nio-9090-exec-9] DEBUG c.a.b.config.JwtAuthenticationFilter - Token received (first 20 chars): eyJhbGciOiJIUzI1NiJ9...
2025-11-30 07:15:01.872 [http-nio-9090-exec-2] DEBUG o.s.security.web.FilterChainProxy - Securing GET /customer/cart/mycart/49b697a8-c144-4145-a894-e32477c12451
2025-11-30 07:15:01.872 [http-nio-9090-exec-2] DEBUG c.a.b.config.JwtAuthenticationFilter - >>> Request GET /api/v1.0/customer/cart/mycart/49b697a8-c144-4145-a894-e32477c12451
2025-11-30 07:15:01.872 [http-nio-9090-exec-2] DEBUG c.a.b.config.JwtAuthenticationFilter - Token received (first 20 chars): eyJhbGciOiJIUzI1NiJ9...
2025-11-30 07:15:01.876 [http-nio-9090-exec-9] INFO  c.a.b.config.JwtAuthenticationFilter - Authorities for audrio8802@gmail.com: [ROLE_CUSTOMER]
2025-11-30 07:15:01.876 [http-nio-9090-exec-9] DEBUG c.a.b.config.JwtAuthenticationFilter - Authenticated user from JWT: audrio8802@gmail.com
2025-11-30 07:15:01.876 [http-nio-9090-exec-9] INFO  c.a.b.config.JwtAuthenticationFilter - Authenticated user: audrio8802@gmail.com
2025-11-30 07:15:01.876 [http-nio-9090-exec-9] INFO  c.a.b.config.JwtAuthenticationFilter - Authorities: [ROLE_CUSTOMER]
2025-11-30 07:15:01.877 [http-nio-9090-exec-9] WARN  c.a.b.u.E.CustomAccessDeniedHandler - === ACCESS DENIED (403) DETECTED ===
[2025-11-30 07:15:01] 403 Forbidden
Time        : 2025-11-30 07:15:01
User        : audrio8802@gmail.com
Authorities : [ROLE_CUSTOMER]
IP          : 127.0.0.1
Method      : GET /api/v1.0/customer/order/49b697a8-c144-4145-a894-e32477c12451
User-Agent  : Mozilla/5.0 (Windows NT 10.0; Win64; x64; rv:145.0) Gecko/20100101 Firefox/145.0
Reason      : Access Denied
========================================
2025-11-30 07:15:01.878 [http-nio-9090-exec-2] INFO  c.a.b.config.JwtAuthenticationFilter - Authorities for audrio8802@gmail.com: [ROLE_CUSTOMER]
2025-11-30 07:15:01.879 [http-nio-9090-exec-2] DEBUG c.a.b.config.JwtAuthenticationFilter - Authenticated user from JWT: audrio8802@gmail.com
2025-11-30 07:15:01.879 [http-nio-9090-exec-2] INFO  c.a.b.config.JwtAuthenticationFilter - Authenticated user: audrio8802@gmail.com
2025-11-30 07:15:01.879 [http-nio-9090-exec-2] INFO  c.a.b.config.JwtAuthenticationFilter - Authorities: [ROLE_CUSTOMER]
2025-11-30 07:15:01.879 [http-nio-9090-exec-2] WARN  c.a.b.u.E.CustomAccessDeniedHandler - === ACCESS DENIED (403) DETECTED ===
[2025-11-30 07:15:01] 403 Forbidden
Time        : 2025-11-30 07:15:01
User        : audrio8802@gmail.com
Authorities : [ROLE_CUSTOMER]
IP          : 127.0.0.1
Method      : GET /api/v1.0/customer/cart/mycart/49b697a8-c144-4145-a894-e32477c12451
User-Agent  : Mozilla/5.0 (Windows NT 10.0; Win64; x64; rv:145.0) Gecko/20100101 Firefox/145.0
Reason      : Access Denied
========================================
2025-11-30 07:15:03.415 [http-nio-9090-exec-10] DEBUG o.s.security.web.FilterChainProxy - Securing OPTIONS /customer/cart/add/itemCart
2025-11-30 07:15:03.421 [http-nio-9090-exec-4] DEBUG o.s.security.web.FilterChainProxy - Securing POST /customer/cart/add/itemCart
2025-11-30 07:15:03.421 [http-nio-9090-exec-4] DEBUG c.a.b.config.JwtAuthenticationFilter - >>> Request POST /api/v1.0/customer/cart/add/itemCart
2025-11-30 07:15:03.421 [http-nio-9090-exec-4] DEBUG c.a.b.config.JwtAuthenticationFilter - Token received (first 20 chars): eyJhbGciOiJIUzI1NiJ9...
2025-11-30 07:15:03.428 [http-nio-9090-exec-4] INFO  c.a.b.config.JwtAuthenticationFilter - Authorities for audrio8802@gmail.com: [ROLE_CUSTOMER]
2025-11-30 07:15:03.428 [http-nio-9090-exec-4] DEBUG c.a.b.config.JwtAuthenticationFilter - Authenticated user from JWT: audrio8802@gmail.com
2025-11-30 07:15:03.428 [http-nio-9090-exec-4] INFO  c.a.b.config.JwtAuthenticationFilter - Authenticated user: audrio8802@gmail.com
2025-11-30 07:15:03.428 [http-nio-9090-exec-4] INFO  c.a.b.config.JwtAuthenticationFilter - Authorities: [ROLE_CUSTOMER]
2025-11-30 07:15:03.428 [http-nio-9090-exec-4] WARN  c.a.b.u.E.CustomAccessDeniedHandler - === ACCESS DENIED (403) DETECTED ===
[2025-11-30 07:15:03] 403 Forbidden
Time        : 2025-11-30 07:15:03
User        : audrio8802@gmail.com
Authorities : [ROLE_CUSTOMER]
IP          : 127.0.0.1
Method      : POST /api/v1.0/customer/cart/add/itemCart
User-Agent  : Mozilla/5.0 (Windows NT 10.0; Win64; x64; rv:145.0) Gecko/20100101 Firefox/145.0
Reason      : Access Denied
========================================
2025-11-30 07:15:54.157 [SpringApplicationShutdownHook] INFO  o.s.b.w.e.tomcat.GracefulShutdown - Commencing graceful shutdown. Waiting for active requests to complete
2025-11-30 07:15:54.161 [tomcat-shutdown] INFO  o.s.b.w.e.tomcat.GracefulShutdown - Graceful shutdown complete
2025-11-30 07:15:54.166 [SpringApplicationShutdownHook] INFO  o.s.o.j.LocalContainerEntityManagerFactoryBean - Closing JPA EntityManagerFactory for persistence unit 'default'
2025-11-30 07:15:54.166 [SpringApplicationShutdownHook] INFO  com.zaxxer.hikari.HikariDataSource - HikariPool-1 - Shutdown initiated...
2025-11-30 07:15:54.170 [SpringApplicationShutdownHook] INFO  com.zaxxer.hikari.HikariDataSource - HikariPool-1 - Shutdown completed.
2025-11-30 07:16:15.441 [restartedMain] INFO  c.a.b.BackendBakrieApplication - Starting BackendBakrieApplication using Java 21.0.8 with PID 29344 (D:\Documents\Bakrie-Store-PI\backend-bakrie\target\classes started by LEGION in D:\Documents\Bakrie-Store-PI)
2025-11-30 07:16:15.445 [restartedMain] DEBUG c.a.b.BackendBakrieApplication - Running with Spring Boot v3.5.7, Spring v6.2.12
2025-11-30 07:16:15.445 [restartedMain] INFO  c.a.b.BackendBakrieApplication - No active profile set, falling back to 1 default profile: "default"
2025-11-30 07:16:15.471 [restartedMain] INFO  o.s.b.d.e.DevToolsPropertyDefaultsPostProcessor - Devtools property defaults active! Set 'spring.devtools.add-properties' to 'false' to disable
2025-11-30 07:16:15.471 [restartedMain] INFO  o.s.b.d.e.DevToolsPropertyDefaultsPostProcessor - For additional web related logging consider setting the 'logging.level.web' property to 'DEBUG'
2025-11-30 07:16:15.895 [restartedMain] INFO  o.s.d.r.c.RepositoryConfigurationDelegate - Bootstrapping Spring Data JPA repositories in DEFAULT mode.
2025-11-30 07:16:15.947 [restartedMain] INFO  o.s.d.r.c.RepositoryConfigurationDelegate - Finished Spring Data repository scanning in 44 ms. Found 8 JPA repository interfaces.
2025-11-30 07:16:16.284 [restartedMain] INFO  o.s.b.w.e.tomcat.TomcatWebServer - Tomcat initialized with port 9090 (http)
2025-11-30 07:16:16.299 [restartedMain] INFO  o.a.catalina.core.StandardService - Starting service [Tomcat]
2025-11-30 07:16:16.299 [restartedMain] INFO  o.a.catalina.core.StandardEngine - Starting Servlet engine: [Apache Tomcat/10.1.48]
2025-11-30 07:16:16.321 [restartedMain] INFO  o.a.c.c.C.[.[localhost].[/api/v1.0] - Initializing Spring embedded WebApplicationContext
2025-11-30 07:16:16.321 [restartedMain] INFO  o.s.b.w.s.c.ServletWebServerApplicationContext - Root WebApplicationContext: initialization completed in 847 ms
2025-11-30 07:16:16.412 [restartedMain] INFO  o.h.jpa.internal.util.LogHelper - HHH000204: Processing PersistenceUnitInfo [name: default]
2025-11-30 07:16:16.429 [restartedMain] INFO  org.hibernate.Version - HHH000412: Hibernate ORM core version 6.6.33.Final
2025-11-30 07:16:16.444 [restartedMain] INFO  o.h.c.i.RegionFactoryInitiator - HHH000026: Second-level cache disabled
2025-11-30 07:16:16.589 [restartedMain] INFO  o.s.o.j.p.SpringPersistenceUnitInfo - No LoadTimeWeaver setup: ignoring JPA class transformer
2025-11-30 07:16:16.605 [restartedMain] INFO  com.zaxxer.hikari.HikariDataSource - HikariPool-1 - Starting...
2025-11-30 07:16:16.781 [restartedMain] INFO  com.zaxxer.hikari.pool.HikariPool - HikariPool-1 - Added connection com.mysql.cj.jdbc.ConnectionImpl@6041f1e5
2025-11-30 07:16:16.781 [restartedMain] INFO  com.zaxxer.hikari.HikariDataSource - HikariPool-1 - Start completed.
2025-11-30 07:16:16.822 [restartedMain] WARN  org.hibernate.orm.deprecation - HHH90000025: MySQL8Dialect does not need to be specified explicitly using 'hibernate.dialect' (remove the property setting and it will be selected by default)
2025-11-30 07:16:16.822 [restartedMain] WARN  org.hibernate.orm.deprecation - HHH90000026: MySQL8Dialect has been deprecated; use org.hibernate.dialect.MySQLDialect instead
2025-11-30 07:16:16.829 [restartedMain] INFO  o.hibernate.orm.connections.pooling - HHH10001005: Database info:
	Database JDBC URL [Connecting through datasource 'HikariDataSource (HikariPool-1)']
	Database driver: undefined/unknown
	Database version: 8.0
	Autocommit mode: undefined/unknown
	Isolation level: undefined/unknown
	Minimum pool size: undefined/unknown
	Maximum pool size: undefined/unknown
2025-11-30 07:16:17.472 [restartedMain] INFO  o.h.e.t.j.p.i.JtaPlatformInitiator - HHH000489: No JTA platform available (set 'hibernate.transaction.jta.platform' to enable JTA platform integration)
2025-11-30 07:16:17.572 [restartedMain] INFO  o.s.o.j.LocalContainerEntityManagerFactoryBean - Initialized JPA EntityManagerFactory for persistence unit 'default'
2025-11-30 07:16:17.736 [restartedMain] INFO  o.s.d.j.r.query.QueryEnhancerFactory - Hibernate is in classpath; If applicable, HQL parser will be used.
2025-11-30 07:16:18.081 [restartedMain] DEBUG c.a.b.config.JwtAuthenticationFilter - Filter 'jwtAuthenticationFilter' configured for use
2025-11-30 07:16:18.157 [restartedMain] INFO  o.s.s.c.a.a.c.InitializeAuthenticationProviderBeanManagerConfigurer$InitializeAuthenticationProviderManagerConfigurer - Global AuthenticationManager configured with AuthenticationProvider bean with name authenticationProvider
2025-11-30 07:16:18.157 [restartedMain] WARN  o.s.s.c.a.a.c.InitializeUserDetailsBeanManagerConfigurer$InitializeUserDetailsManagerConfigurer - Global AuthenticationManager configured with an AuthenticationProvider bean. UserDetailsService beans will not be used by Spring Security for automatically configuring username/password login. Consider removing the AuthenticationProvider bean. Alternatively, consider using the UserDetailsService in a manually instantiated DaoAuthenticationProvider. If the current configuration is intentional, to turn off this warning, increase the logging level of 'org.springframework.security.config.annotation.authentication.configuration.InitializeUserDetailsBeanManagerConfigurer' to ERROR
2025-11-30 07:16:18.255 [restartedMain] WARN  o.s.b.a.o.j.JpaBaseConfiguration$JpaWebConfiguration - spring.jpa.open-in-view is enabled by default. Therefore, database queries may be performed during view rendering. Explicitly configure spring.jpa.open-in-view to disable this warning
2025-11-30 07:16:18.409 [restartedMain] DEBUG o.s.s.web.DefaultSecurityFilterChain - Will secure any request with filters: DisableEncodeUrlFilter, WebAsyncManagerIntegrationFilter, SecurityContextHolderFilter, HeaderWriterFilter, CorsFilter, LogoutFilter, JwtAuthenticationFilter, RequestCacheAwareFilter, SecurityContextHolderAwareRequestFilter, AnonymousAuthenticationFilter, SessionManagementFilter, ExceptionTranslationFilter, AuthorizationFilter
2025-11-30 07:16:18.547 [restartedMain] INFO  o.s.b.d.a.OptionalLiveReloadServer - LiveReload server is running on port 35729
2025-11-30 07:16:18.575 [restartedMain] INFO  o.s.b.w.e.tomcat.TomcatWebServer - Tomcat started on port 9090 (http) with context path '/api/v1.0'
2025-11-30 07:16:18.575 [restartedMain] INFO  c.a.b.BackendBakrieApplication - Started BackendBakrieApplication in 3.438 seconds (process running for 3.836)
2025-11-30 07:16:25.309 [http-nio-9090-exec-3] INFO  o.a.c.c.C.[.[localhost].[/api/v1.0] - Initializing Spring DispatcherServlet 'dispatcherServlet'
2025-11-30 07:16:25.309 [http-nio-9090-exec-3] INFO  o.s.web.servlet.DispatcherServlet - Initializing Servlet 'dispatcherServlet'
2025-11-30 07:16:25.310 [http-nio-9090-exec-3] INFO  o.s.web.servlet.DispatcherServlet - Completed initialization in 1 ms
2025-11-30 07:16:25.338 [http-nio-9090-exec-4] DEBUG o.s.security.web.FilterChainProxy - Securing OPTIONS /customer/myprofile
2025-11-30 07:16:25.338 [http-nio-9090-exec-3] DEBUG o.s.security.web.FilterChainProxy - Securing OPTIONS /customer/myprofile
2025-11-30 07:16:25.338 [http-nio-9090-exec-2] DEBUG o.s.security.web.FilterChainProxy - Securing OPTIONS /public/products/fetchProducts
2025-11-30 07:16:25.338 [http-nio-9090-exec-1] DEBUG o.s.security.web.FilterChainProxy - Securing OPTIONS /public/products/fetchProducts
2025-11-30 07:16:25.388 [http-nio-9090-exec-6] DEBUG o.s.security.web.FilterChainProxy - Securing GET /public/products/fetchProducts
2025-11-30 07:16:25.388 [http-nio-9090-exec-7] DEBUG o.s.security.web.FilterChainProxy - Securing GET /public/products/fetchProducts
2025-11-30 07:16:25.388 [http-nio-9090-exec-5] DEBUG o.s.security.web.FilterChainProxy - Securing GET /customer/myprofile
2025-11-30 07:16:25.388 [http-nio-9090-exec-8] DEBUG o.s.security.web.FilterChainProxy - Securing GET /customer/myprofile
2025-11-30 07:16:25.398 [http-nio-9090-exec-8] DEBUG c.a.b.config.JwtAuthenticationFilter - >>> Request GET /api/v1.0/customer/myprofile
2025-11-30 07:16:25.398 [http-nio-9090-exec-7] DEBUG c.a.b.config.JwtAuthenticationFilter - >>> Request GET /api/v1.0/public/products/fetchProducts
2025-11-30 07:16:25.398 [http-nio-9090-exec-5] DEBUG c.a.b.config.JwtAuthenticationFilter - >>> Request GET /api/v1.0/customer/myprofile
2025-11-30 07:16:25.398 [http-nio-9090-exec-6] DEBUG c.a.b.config.JwtAuthenticationFilter - >>> Request GET /api/v1.0/public/products/fetchProducts
2025-11-30 07:16:25.400 [http-nio-9090-exec-5] DEBUG c.a.b.config.JwtAuthenticationFilter - Token received (first 20 chars): eyJhbGciOiJIUzI1NiJ9...
2025-11-30 07:16:25.400 [http-nio-9090-exec-8] DEBUG c.a.b.config.JwtAuthenticationFilter - Token received (first 20 chars): eyJhbGciOiJIUzI1NiJ9...
2025-11-30 07:16:25.400 [http-nio-9090-exec-6] DEBUG c.a.b.config.JwtAuthenticationFilter - Token received (first 20 chars): eyJhbGciOiJIUzI1NiJ9...
2025-11-30 07:16:25.400 [http-nio-9090-exec-7] DEBUG c.a.b.config.JwtAuthenticationFilter - Token received (first 20 chars): eyJhbGciOiJIUzI1NiJ9...
2025-11-30 07:16:25.646 [http-nio-9090-exec-5] INFO  c.a.b.config.JwtAuthenticationFilter - Authorities for audrio8802@gmail.com: [ROLE_CUSTOMER]
2025-11-30 07:16:25.646 [http-nio-9090-exec-7] INFO  c.a.b.config.JwtAuthenticationFilter - Authorities for audrio8802@gmail.com: [ROLE_CUSTOMER]
2025-11-30 07:16:25.646 [http-nio-9090-exec-6] INFO  c.a.b.config.JwtAuthenticationFilter - Authorities for audrio8802@gmail.com: [ROLE_CUSTOMER]
2025-11-30 07:16:25.646 [http-nio-9090-exec-8] INFO  c.a.b.config.JwtAuthenticationFilter - Authorities for audrio8802@gmail.com: [ROLE_CUSTOMER]
2025-11-30 07:16:25.647 [http-nio-9090-exec-5] DEBUG c.a.b.config.JwtAuthenticationFilter - Authenticated user from JWT: audrio8802@gmail.com
2025-11-30 07:16:25.647 [http-nio-9090-exec-8] DEBUG c.a.b.config.JwtAuthenticationFilter - Authenticated user from JWT: audrio8802@gmail.com
2025-11-30 07:16:25.647 [http-nio-9090-exec-5] INFO  c.a.b.config.JwtAuthenticationFilter - Authenticated user: audrio8802@gmail.com
2025-11-30 07:16:25.647 [http-nio-9090-exec-6] DEBUG c.a.b.config.JwtAuthenticationFilter - Authenticated user from JWT: audrio8802@gmail.com
2025-11-30 07:16:25.647 [http-nio-9090-exec-8] INFO  c.a.b.config.JwtAuthenticationFilter - Authenticated user: audrio8802@gmail.com
2025-11-30 07:16:25.647 [http-nio-9090-exec-5] INFO  c.a.b.config.JwtAuthenticationFilter - Authorities: [ROLE_CUSTOMER]
2025-11-30 07:16:25.647 [http-nio-9090-exec-8] INFO  c.a.b.config.JwtAuthenticationFilter - Authorities: [ROLE_CUSTOMER]
2025-11-30 07:16:25.647 [http-nio-9090-exec-6] INFO  c.a.b.config.JwtAuthenticationFilter - Authenticated user: audrio8802@gmail.com
2025-11-30 07:16:25.647 [http-nio-9090-exec-7] DEBUG c.a.b.config.JwtAuthenticationFilter - Authenticated user from JWT: audrio8802@gmail.com
2025-11-30 07:16:25.648 [http-nio-9090-exec-6] INFO  c.a.b.config.JwtAuthenticationFilter - Authorities: [ROLE_CUSTOMER]
2025-11-30 07:16:25.648 [http-nio-9090-exec-7] INFO  c.a.b.config.JwtAuthenticationFilter - Authenticated user: audrio8802@gmail.com
2025-11-30 07:16:25.648 [http-nio-9090-exec-7] INFO  c.a.b.config.JwtAuthenticationFilter - Authorities: [ROLE_CUSTOMER]
2025-11-30 07:16:25.653 [http-nio-9090-exec-6] DEBUG o.s.security.web.FilterChainProxy - Secured GET /public/products/fetchProducts
2025-11-30 07:16:25.653 [http-nio-9090-exec-5] DEBUG o.s.security.web.FilterChainProxy - Secured GET /customer/myprofile
2025-11-30 07:16:25.653 [http-nio-9090-exec-8] DEBUG o.s.security.web.FilterChainProxy - Secured GET /customer/myprofile
2025-11-30 07:16:25.653 [http-nio-9090-exec-7] DEBUG o.s.security.web.FilterChainProxy - Secured GET /public/products/fetchProducts
2025-11-30 07:16:25.670 [http-nio-9090-exec-6] INFO  c.a.b.controller.ProductController - Method : GET | Endpoint : /public/products/fetchProducts | Payload : 200 OK
2025-11-30 07:16:25.670 [http-nio-9090-exec-7] INFO  c.a.b.controller.ProductController - Method : GET | Endpoint : /public/products/fetchProducts | Payload : 200 OK
2025-11-30 07:16:25.681 [http-nio-9090-exec-5] INFO  c.a.b.controller.CustomerController - Method : GET | Endpoint : /customer/myprofile | Payload : Bearer eyJhbGciOiJIUzI1NiJ9.eyJyb2xlIjoiQ1VTVE9NRVIiLCJwdXJwb3NlIjoiYWNjZXNzIiwic3ViIjoiYXVkcmlvODgwMkBnbWFpbC5jb20iLCJpYXQiOjE3NjQ0NTA3NTUsImV4cCI6MTc2NDUzNzE1NX0.NF7S5I2pgZvEF_ScdLmZq6zuhRA4p5dQm2FHP35hdYY
2025-11-30 07:16:25.681 [http-nio-9090-exec-8] INFO  c.a.b.controller.CustomerController - Method : GET | Endpoint : /customer/myprofile | Payload : Bearer eyJhbGciOiJIUzI1NiJ9.eyJyb2xlIjoiQ1VTVE9NRVIiLCJwdXJwb3NlIjoiYWNjZXNzIiwic3ViIjoiYXVkcmlvODgwMkBnbWFpbC5jb20iLCJpYXQiOjE3NjQ0NTA3NTUsImV4cCI6MTc2NDUzNzE1NX0.NF7S5I2pgZvEF_ScdLmZq6zuhRA4p5dQm2FHP35hdYY
2025-11-30 07:16:25.681 [http-nio-9090-exec-5] INFO  c.a.b.s.impl.CustomerServiceImpl - GET CUSTOMER PROFILE START | EMAIL: audrio8802@gmail.com
2025-11-30 07:16:25.681 [http-nio-9090-exec-8] INFO  c.a.b.s.impl.CustomerServiceImpl - GET CUSTOMER PROFILE START | EMAIL: audrio8802@gmail.com
2025-11-30 07:16:25.688 [http-nio-9090-exec-8] INFO  c.a.b.s.impl.CustomerServiceImpl - GET CUSTOMER PROFILE SUCCESS
2025-11-30 07:16:25.688 [http-nio-9090-exec-5] INFO  c.a.b.s.impl.CustomerServiceImpl - GET CUSTOMER PROFILE SUCCESS
2025-11-30 07:16:25.688 [http-nio-9090-exec-5] DEBUG c.a.b.s.impl.CustomerServiceImpl - Converting entity to response for customer ID: 49b697a8-c144-4145-a894-e32477c12451
2025-11-30 07:16:25.688 [http-nio-9090-exec-8] DEBUG c.a.b.s.impl.CustomerServiceImpl - Converting entity to response for customer ID: 49b697a8-c144-4145-a894-e32477c12451
2025-11-30 07:16:25.892 [http-nio-9090-exec-9] DEBUG o.s.security.web.FilterChainProxy - Securing OPTIONS /customer/order/49b697a8-c144-4145-a894-e32477c12451
2025-11-30 07:16:25.892 [http-nio-9090-exec-10] DEBUG o.s.security.web.FilterChainProxy - Securing OPTIONS /customer/cart/mycart/49b697a8-c144-4145-a894-e32477c12451
2025-11-30 07:16:25.915 [http-nio-9090-exec-1] DEBUG o.s.security.web.FilterChainProxy - Securing GET /customer/cart/mycart/49b697a8-c144-4145-a894-e32477c12451
2025-11-30 07:16:25.915 [http-nio-9090-exec-4] DEBUG o.s.security.web.FilterChainProxy - Securing GET /customer/order/49b697a8-c144-4145-a894-e32477c12451
2025-11-30 07:16:25.916 [http-nio-9090-exec-1] DEBUG c.a.b.config.JwtAuthenticationFilter - >>> Request GET /api/v1.0/customer/cart/mycart/49b697a8-c144-4145-a894-e32477c12451
2025-11-30 07:16:25.916 [http-nio-9090-exec-4] DEBUG c.a.b.config.JwtAuthenticationFilter - >>> Request GET /api/v1.0/customer/order/49b697a8-c144-4145-a894-e32477c12451
2025-11-30 07:16:25.916 [http-nio-9090-exec-1] DEBUG c.a.b.config.JwtAuthenticationFilter - Token received (first 20 chars): eyJhbGciOiJIUzI1NiJ9...
2025-11-30 07:16:25.916 [http-nio-9090-exec-4] DEBUG c.a.b.config.JwtAuthenticationFilter - Token received (first 20 chars): eyJhbGciOiJIUzI1NiJ9...
2025-11-30 07:16:25.922 [http-nio-9090-exec-4] INFO  c.a.b.config.JwtAuthenticationFilter - Authorities for audrio8802@gmail.com: [ROLE_CUSTOMER]
2025-11-30 07:16:25.922 [http-nio-9090-exec-4] DEBUG c.a.b.config.JwtAuthenticationFilter - Authenticated user from JWT: audrio8802@gmail.com
2025-11-30 07:16:25.922 [http-nio-9090-exec-4] INFO  c.a.b.config.JwtAuthenticationFilter - Authenticated user: audrio8802@gmail.com
2025-11-30 07:16:25.922 [http-nio-9090-exec-4] INFO  c.a.b.config.JwtAuthenticationFilter - Authorities: [ROLE_CUSTOMER]
2025-11-30 07:16:25.922 [http-nio-9090-exec-1] INFO  c.a.b.config.JwtAuthenticationFilter - Authorities for audrio8802@gmail.com: [ROLE_CUSTOMER]
2025-11-30 07:16:25.922 [http-nio-9090-exec-4] DEBUG o.s.security.web.FilterChainProxy - Secured GET /customer/order/49b697a8-c144-4145-a894-e32477c12451
2025-11-30 07:16:25.923 [http-nio-9090-exec-1] DEBUG c.a.b.config.JwtAuthenticationFilter - Authenticated user from JWT: audrio8802@gmail.com
2025-11-30 07:16:25.923 [http-nio-9090-exec-1] INFO  c.a.b.config.JwtAuthenticationFilter - Authenticated user: audrio8802@gmail.com
2025-11-30 07:16:25.923 [http-nio-9090-exec-1] INFO  c.a.b.config.JwtAuthenticationFilter - Authorities: [ROLE_CUSTOMER]
2025-11-30 07:16:25.923 [http-nio-9090-exec-1] DEBUG o.s.security.web.FilterChainProxy - Secured GET /customer/cart/mycart/49b697a8-c144-4145-a894-e32477c12451
2025-11-30 07:16:25.923 [http-nio-9090-exec-4] INFO  c.a.b.controller.OrderController - REQUEST ORDERS BY CUSTOMER → 49b697a8-c144-4145-a894-e32477c12451
2025-11-30 07:16:25.924 [http-nio-9090-exec-1] INFO  c.a.b.controller.CartController - GET /customer/mycart/49b697a8-c144-4145-a894-e32477c12451
2025-11-30 07:16:25.924 [http-nio-9090-exec-4] DEBUG c.a.b.service.impl.OrderServiceImpl - Request daftar order customer → ID: 49b697a8-c144-4145-a894-e32477c12451
2025-11-30 07:16:37.726 [http-nio-9090-exec-3] DEBUG o.s.security.web.FilterChainProxy - Securing OPTIONS /customer/cart/add/itemCart
2025-11-30 07:16:37.730 [http-nio-9090-exec-2] DEBUG o.s.security.web.FilterChainProxy - Securing POST /customer/cart/add/itemCart
2025-11-30 07:16:37.730 [http-nio-9090-exec-2] DEBUG c.a.b.config.JwtAuthenticationFilter - >>> Request POST /api/v1.0/customer/cart/add/itemCart
2025-11-30 07:16:37.730 [http-nio-9090-exec-2] DEBUG c.a.b.config.JwtAuthenticationFilter - Token received (first 20 chars): eyJhbGciOiJIUzI1NiJ9...
2025-11-30 07:16:37.736 [http-nio-9090-exec-2] INFO  c.a.b.config.JwtAuthenticationFilter - Authorities for audrio8802@gmail.com: [ROLE_CUSTOMER]
2025-11-30 07:16:37.737 [http-nio-9090-exec-2] DEBUG c.a.b.config.JwtAuthenticationFilter - Authenticated user from JWT: audrio8802@gmail.com
2025-11-30 07:16:37.737 [http-nio-9090-exec-2] INFO  c.a.b.config.JwtAuthenticationFilter - Authenticated user: audrio8802@gmail.com
2025-11-30 07:16:37.737 [http-nio-9090-exec-2] INFO  c.a.b.config.JwtAuthenticationFilter - Authorities: [ROLE_CUSTOMER]
2025-11-30 07:16:37.737 [http-nio-9090-exec-2] DEBUG o.s.security.web.FilterChainProxy - Secured POST /customer/cart/add/itemCart
2025-11-30 07:16:37.760 [http-nio-9090-exec-2] INFO  c.a.b.controller.CartController - POST /customer/cart/add/itemCart - Request: AddItemCartRequest(customerId=49b697a8-c144-4145-a894-e32477c12451, productId=09cc3466-71b5-492a-9320-7c1dadbccc30, quantity=1)
2025-11-30 07:16:37.762 [http-nio-9090-exec-2] INFO  c.a.b.s.impl.ItemCartServiceImpl - Add item to cart initiated. Customer ID: 49b697a8-c144-4145-a894-e32477c12451, Product ID: 09cc3466-71b5-492a-9320-7c1dadbccc30, Quantity: 1
2025-11-30 07:16:37.782 [http-nio-9090-exec-2] INFO  c.a.b.s.impl.ItemCartServiceImpl - Updated existing item. Product ID: 09cc3466-71b5-492a-9320-7c1dadbccc30, New Quantity: 3, New SubPrice: 66000.0
2025-11-30 07:16:37.789 [http-nio-9090-exec-2] INFO  c.a.b.s.impl.ItemCartServiceImpl - Returning CartResponse: {"cartId":"0f9cdd6a-5a72-4701-9a2e-cf7649cff7a3","customerId":"49b697a8-c144-4145-a894-e32477c12451","totalPrice":91000.0,"item_carts":[{"itemCartId":"0bfcbda3-df68-4d19-8786-05a1cf260dcd","productId":"09cc3466-71b5-492a-9320-7c1dadbccc30","productName":"Butter Brioche","productImgUrl":"https://res.cloudinary.com/drpairos5/image/upload/v1763524179/bakrie/fef744ad-dc40-488a-97eb-f2c92b5b6d34.jpg","quantity":3,"subPrice":66000.0},{"itemCartId":"f4cb4ec8-de90-4a57-8b7d-c871e32227e9","productId":"1b1d7cdd-b551-468e-b399-bcf98cdf8051","productName":"Cinnamon Roll Classic","productImgUrl":"https://res.cloudinary.com/drpairos5/image/upload/v1763523952/bakrie/c0d9cf0d-c27c-40d2-b9f3-9f17b170d5bd.jpg","quantity":1,"subPrice":25000.0}]}
2025-11-30 07:16:48.593 [http-nio-9090-exec-5] DEBUG o.s.security.web.FilterChainProxy - Securing OPTIONS /customer/order/create
2025-11-30 07:16:48.603 [http-nio-9090-exec-8] DEBUG o.s.security.web.FilterChainProxy - Securing POST /customer/order/create
2025-11-30 07:16:48.604 [http-nio-9090-exec-8] DEBUG c.a.b.config.JwtAuthenticationFilter - >>> Request POST /api/v1.0/customer/order/create
2025-11-30 07:16:48.604 [http-nio-9090-exec-8] DEBUG c.a.b.config.JwtAuthenticationFilter - Token received (first 20 chars): eyJhbGciOiJIUzI1NiJ9...
2025-11-30 07:16:48.612 [http-nio-9090-exec-8] INFO  c.a.b.config.JwtAuthenticationFilter - Authorities for audrio8802@gmail.com: [ROLE_CUSTOMER]
2025-11-30 07:16:48.613 [http-nio-9090-exec-8] DEBUG c.a.b.config.JwtAuthenticationFilter - Authenticated user from JWT: audrio8802@gmail.com
2025-11-30 07:16:48.613 [http-nio-9090-exec-8] INFO  c.a.b.config.JwtAuthenticationFilter - Authenticated user: audrio8802@gmail.com
2025-11-30 07:16:48.613 [http-nio-9090-exec-8] INFO  c.a.b.config.JwtAuthenticationFilter - Authorities: [ROLE_CUSTOMER]
2025-11-30 07:16:48.613 [http-nio-9090-exec-8] DEBUG o.s.security.web.FilterChainProxy - Secured POST /customer/order/create
2025-11-30 07:16:48.631 [http-nio-9090-exec-8] INFO  c.a.b.controller.OrderController - RECEIVED CREATE ORDER → customerId: 49b697a8-c144-4145-a894-e32477c12451, items: 2
2025-11-30 07:16:48.632 [http-nio-9090-exec-8] INFO  c.a.b.service.impl.OrderServiceImpl - === MEMULAI PEMBUATAN ORDER BARU ===
2025-11-30 07:16:48.632 [http-nio-9090-exec-8] INFO  c.a.b.service.impl.OrderServiceImpl - Request dari customerId: 49b697a8-c144-4145-a894-e32477c12451
2025-11-30 07:16:48.632 [http-nio-9090-exec-8] INFO  c.a.b.service.impl.OrderServiceImpl - Alamat pengiriman: JL.Belimbing Hulu, No3
2025-11-30 07:16:48.632 [http-nio-9090-exec-8] INFO  c.a.b.service.impl.OrderServiceImpl - Jumlah item di keranjang: 2
2025-11-30 07:16:48.634 [http-nio-9090-exec-8] INFO  c.a.b.service.impl.OrderServiceImpl - Customer ditemukan: Zwita Sianturi (audrio8802@gmail.com)
2025-11-30 07:16:48.635 [http-nio-9090-exec-8] INFO  c.a.b.service.impl.OrderServiceImpl - Order number yang digenerate: ORD-20251130-0001
2025-11-30 07:16:48.638 [http-nio-9090-exec-8] DEBUG c.a.b.service.impl.OrderServiceImpl - Check stock → Product: Butter Brioche (ID: 09cc3466-71b5-492a-9320-7c1dadbccc30), Stock saat ini: 80, Diminta: 3
2025-11-30 07:16:48.638 [http-nio-9090-exec-8] INFO  c.a.b.service.impl.OrderServiceImpl - Item ditambahkan → Butter Brioche × 3 (Rp 22000.0, subtotal Rp 66000.0)
2025-11-30 07:16:48.640 [http-nio-9090-exec-8] DEBUG c.a.b.service.impl.OrderServiceImpl - Check stock → Product: Cinnamon Roll Classic (ID: 1b1d7cdd-b551-468e-b399-bcf98cdf8051), Stock saat ini: 70, Diminta: 1
2025-11-30 07:16:48.640 [http-nio-9090-exec-8] INFO  c.a.b.service.impl.OrderServiceImpl - Item ditambahkan → Cinnamon Roll Classic × 1 (Rp 25000.0, subtotal Rp 25000.0)
2025-11-30 07:16:48.741 [http-nio-9090-exec-8] ERROR o.a.c.c.C.[.[.[.0.[dispatcherServlet] - Servlet.service() for servlet [dispatcherServlet] in context with path [/api/v1.0] threw exception [Request processing failed: java.lang.NullPointerException: Cannot invoke "okhttp3.Headers.newBuilder()" because "headers" is null] with root cause
java.lang.NullPointerException: Cannot invoke "okhttp3.Headers.newBuilder()" because "headers" is null
	at okhttp3.Request$Builder.headers(Request.java:208)
	at com.midtrans.httpclient.APIHttpClient.lambda$buildHttpClient$0(APIHttpClient.java:106)
	at okhttp3.internal.http.RealInterceptorChain.proceed(RealInterceptorChain.java:142)
	at okhttp3.internal.http.RealInterceptorChain.proceed(RealInterceptorChain.java:117)
	at okhttp3.logging.HttpLoggingInterceptor.intercept(HttpLoggingInterceptor.java:152)
	at okhttp3.internal.http.RealInterceptorChain.proceed(RealInterceptorChain.java:142)
	at okhttp3.internal.http.RealInterceptorChain.proceed(RealInterceptorChain.java:117)
	at okhttp3.RealCall.getResponseWithInterceptorChain(RealCall.java:229)
	at okhttp3.RealCall.execute(RealCall.java:81)
	at com.midtrans.httpclient.APIHttpClient.request(APIHttpClient.java:55)
	at com.midtrans.httpclient.SnapApi.createTransaction(SnapApi.java:18)
	at com.midtrans.httpclient.SnapApi.createTransactionToken(SnapApi.java:22)
	at com.audrio.backendbakrie.service.impl.PaymentServiceImpl.createTransactionToken(PaymentServiceImpl.java:36)
	at com.audrio.backendbakrie.service.impl.OrderServiceImpl.createOrder(OrderServiceImpl.java:100)
	at java.base/jdk.internal.reflect.DirectMethodHandleAccessor.invoke(DirectMethodHandleAccessor.java:103)
	at java.base/java.lang.reflect.Method.invoke(Method.java:580)
	at org.springframework.aop.support.AopUtils.invokeJoinpointUsingReflection(AopUtils.java:360)
	at org.springframework.aop.framework.ReflectiveMethodInvocation.invokeJoinpoint(ReflectiveMethodInvocation.java:196)
	at org.springframework.aop.framework.ReflectiveMethodInvocation.proceed(ReflectiveMethodInvocation.java:163)
	at org.springframework.transaction.interceptor.TransactionAspectSupport.invokeWithinTransaction(TransactionAspectSupport.java:380)
	at org.springframework.transaction.interceptor.TransactionInterceptor.invoke(TransactionInterceptor.java:119)
	at org.springframework.aop.framework.ReflectiveMethodInvocation.proceed(ReflectiveMethodInvocation.java:184)
	at org.springframework.aop.framework.CglibAopProxy$DynamicAdvisedInterceptor.intercept(CglibAopProxy.java:728)
	at com.audrio.backendbakrie.service.impl.OrderServiceImpl$$SpringCGLIB$$0.createOrder(<generated>)
	at com.audrio.backendbakrie.controller.OrderController.createOrder(OrderController.java:30)
	at java.base/jdk.internal.reflect.DirectMethodHandleAccessor.invoke(DirectMethodHandleAccessor.java:103)
	at java.base/java.lang.reflect.Method.invoke(Method.java:580)
	at org.springframework.web.method.support.InvocableHandlerMethod.doInvoke(InvocableHandlerMethod.java:258)
	at org.springframework.web.method.support.InvocableHandlerMethod.invokeForRequest(InvocableHandlerMethod.java:191)
	at org.springframework.web.servlet.mvc.method.annotation.ServletInvocableHandlerMethod.invokeAndHandle(ServletInvocableHandlerMethod.java:118)
	at org.springframework.web.servlet.mvc.method.annotation.RequestMappingHandlerAdapter.invokeHandlerMethod(RequestMappingHandlerAdapter.java:991)
	at org.springframework.web.servlet.mvc.method.annotation.RequestMappingHandlerAdapter.handleInternal(RequestMappingHandlerAdapter.java:896)
	at org.springframework.web.servlet.mvc.method.AbstractHandlerMethodAdapter.handle(AbstractHandlerMethodAdapter.java:87)
	at org.springframework.web.servlet.DispatcherServlet.doDispatch(DispatcherServlet.java:1089)
	at org.springframework.web.servlet.DispatcherServlet.doService(DispatcherServlet.java:979)
	at org.springframework.web.servlet.FrameworkServlet.processRequest(FrameworkServlet.java:1014)
	at org.springframework.web.servlet.FrameworkServlet.doPost(FrameworkServlet.java:914)
	at jakarta.servlet.http.HttpServlet.service(HttpServlet.java:590)
	at org.springframework.web.servlet.FrameworkServlet.service(FrameworkServlet.java:885)
	at jakarta.servlet.http.HttpServlet.service(HttpServlet.java:658)
	at org.apache.catalina.core.ApplicationFilterChain.internalDoFilter(ApplicationFilterChain.java:193)
	at org.apache.catalina.core.ApplicationFilterChain.doFilter(ApplicationFilterChain.java:138)
	at org.apache.tomcat.websocket.server.WsFilter.doFilter(WsFilter.java:51)
	at org.apache.catalina.core.ApplicationFilterChain.internalDoFilter(ApplicationFilterChain.java:162)
	at org.apache.catalina.core.ApplicationFilterChain.doFilter(ApplicationFilterChain.java:138)
	at org.springframework.web.filter.OncePerRequestFilter.doFilter(OncePerRequestFilter.java:110)
	at org.apache.catalina.core.ApplicationFilterChain.internalDoFilter(ApplicationFilterChain.java:162)
	at org.apache.catalina.core.ApplicationFilterChain.doFilter(ApplicationFilterChain.java:138)
	at org.springframework.web.filter.CompositeFilter$VirtualFilterChain.doFilter(CompositeFilter.java:108)
	at org.springframework.web.filter.CompositeFilter$VirtualFilterChain.doFilter(CompositeFilter.java:108)
	at org.springframework.security.web.FilterChainProxy.lambda$doFilterInternal$3(FilterChainProxy.java:231)
	at org.springframework.security.web.FilterChainProxy$VirtualFilterChain.doFilter(FilterChainProxy.java:365)
	at org.springframework.security.web.access.intercept.AuthorizationFilter.doFilter(AuthorizationFilter.java:101)
	at org.springframework.security.web.FilterChainProxy$VirtualFilterChain.doFilter(FilterChainProxy.java:374)
	at org.springframework.security.web.access.ExceptionTranslationFilter.doFilter(ExceptionTranslationFilter.java:125)
	at org.springframework.security.web.access.ExceptionTranslationFilter.doFilter(ExceptionTranslationFilter.java:119)
	at org.springframework.security.web.FilterChainProxy$VirtualFilterChain.doFilter(FilterChainProxy.java:374)
	at org.springframework.security.web.session.SessionManagementFilter.doFilter(SessionManagementFilter.java:131)
	at org.springframework.security.web.session.SessionManagementFilter.doFilter(SessionManagementFilter.java:85)
	at org.springframework.security.web.FilterChainProxy$VirtualFilterChain.doFilter(FilterChainProxy.java:374)
	at org.springframework.security.web.authentication.AnonymousAuthenticationFilter.doFilter(AnonymousAuthenticationFilter.java:100)
	at org.springframework.security.web.FilterChainProxy$VirtualFilterChain.doFilter(FilterChainProxy.java:374)
	at org.springframework.security.web.servletapi.SecurityContextHolderAwareRequestFilter.doFilter(SecurityContextHolderAwareRequestFilter.java:179)
	at org.springframework.security.web.FilterChainProxy$VirtualFilterChain.doFilter(FilterChainProxy.java:374)
	at org.springframework.security.web.savedrequest.RequestCacheAwareFilter.doFilter(RequestCacheAwareFilter.java:63)
	at org.springframework.security.web.FilterChainProxy$VirtualFilterChain.doFilter(FilterChainProxy.java:374)
	at com.audrio.backendbakrie.config.JwtAuthenticationFilter.doFilterInternal(JwtAuthenticationFilter.java:131)
	at org.springframework.web.filter.OncePerRequestFilter.doFilter(OncePerRequestFilter.java:116)
	at org.springframework.security.web.FilterChainProxy$VirtualFilterChain.doFilter(FilterChainProxy.java:374)
	at org.springframework.security.web.authentication.logout.LogoutFilter.doFilter(LogoutFilter.java:107)
	at org.springframework.security.web.authentication.logout.LogoutFilter.doFilter(LogoutFilter.java:93)
	at org.springframework.security.web.FilterChainProxy$VirtualFilterChain.doFilter(FilterChainProxy.java:374)
	at org.springframework.web.filter.CorsFilter.doFilterInternal(CorsFilter.java:91)
	at org.springframework.web.filter.OncePerRequestFilter.doFilter(OncePerRequestFilter.java:116)
	at org.springframework.security.web.FilterChainProxy$VirtualFilterChain.doFilter(FilterChainProxy.java:374)
	at org.springframework.security.web.header.HeaderWriterFilter.doHeadersAfter(HeaderWriterFilter.java:90)
	at org.springframework.security.web.header.HeaderWriterFilter.doFilterInternal(HeaderWriterFilter.java:75)
	at org.springframework.web.filter.OncePerRequestFilter.doFilter(OncePerRequestFilter.java:116)
	at org.springframework.security.web.FilterChainProxy$VirtualFilterChain.doFilter(FilterChainProxy.java:374)
	at org.springframework.security.web.context.SecurityContextHolderFilter.doFilter(SecurityContextHolderFilter.java:82)
	at org.springframework.security.web.context.SecurityContextHolderFilter.doFilter(SecurityContextHolderFilter.java:69)
	at org.springframework.security.web.FilterChainProxy$VirtualFilterChain.doFilter(FilterChainProxy.java:374)
	at org.springframework.security.web.context.request.async.WebAsyncManagerIntegrationFilter.doFilterInternal(WebAsyncManagerIntegrationFilter.java:62)
	at org.springframework.web.filter.OncePerRequestFilter.doFilter(OncePerRequestFilter.java:116)
	at org.springframework.security.web.FilterChainProxy$VirtualFilterChain.doFilter(FilterChainProxy.java:374)
	at org.springframework.security.web.session.DisableEncodeUrlFilter.doFilterInternal(DisableEncodeUrlFilter.java:42)
	at org.springframework.web.filter.OncePerRequestFilter.doFilter(OncePerRequestFilter.java:116)
	at org.springframework.security.web.FilterChainProxy$VirtualFilterChain.doFilter(FilterChainProxy.java:374)
	at org.springframework.security.web.FilterChainProxy.doFilterInternal(FilterChainProxy.java:233)
	at org.springframework.security.web.FilterChainProxy.doFilter(FilterChainProxy.java:191)
	at org.springframework.web.filter.CompositeFilter$VirtualFilterChain.doFilter(CompositeFilter.java:113)
	at org.springframework.web.filter.ServletRequestPathFilter.doFilter(ServletRequestPathFilter.java:52)
	at org.springframework.web.filter.CompositeFilter$VirtualFilterChain.doFilter(CompositeFilter.java:113)
	at org.springframework.web.filter.CompositeFilter.doFilter(CompositeFilter.java:74)
	at org.springframework.security.config.annotation.web.configuration.WebSecurityConfiguration$CompositeFilterChainProxy.doFilter(WebSecurityConfiguration.java:319)
	at org.springframework.web.filter.CompositeFilter$VirtualFilterChain.doFilter(CompositeFilter.java:113)
	at org.springframework.web.servlet.handler.HandlerMappingIntrospector.lambda$createCacheFilter$4(HandlerMappingIntrospector.java:267)
	at org.springframework.web.filter.CompositeFilter$VirtualFilterChain.doFilter(CompositeFilter.java:113)
	at org.springframework.web.filter.CompositeFilter.doFilter(CompositeFilter.java:74)
	at org.springframework.security.config.annotation.web.configuration.WebMvcSecurityConfiguration$CompositeFilterChainProxy.doFilter(WebMvcSecurityConfiguration.java:240)
	at org.springframework.web.filter.DelegatingFilterProxy.invokeDelegate(DelegatingFilterProxy.java:362)
	at org.springframework.web.filter.DelegatingFilterProxy.doFilter(DelegatingFilterProxy.java:278)
	at org.apache.catalina.core.ApplicationFilterChain.internalDoFilter(ApplicationFilterChain.java:162)
	at org.apache.catalina.core.ApplicationFilterChain.doFilter(ApplicationFilterChain.java:138)
	at org.springframework.web.filter.RequestContextFilter.doFilterInternal(RequestContextFilter.java:100)
	at org.springframework.web.filter.OncePerRequestFilter.doFilter(OncePerRequestFilter.java:116)
	at org.apache.catalina.core.ApplicationFilterChain.internalDoFilter(ApplicationFilterChain.java:162)
	at org.apache.catalina.core.ApplicationFilterChain.doFilter(ApplicationFilterChain.java:138)
	at org.springframework.web.filter.FormContentFilter.doFilterInternal(FormContentFilter.java:93)
	at org.springframework.web.filter.OncePerRequestFilter.doFilter(OncePerRequestFilter.java:116)
	at org.apache.catalina.core.ApplicationFilterChain.internalDoFilter(ApplicationFilterChain.java:162)
	at org.apache.catalina.core.ApplicationFilterChain.doFilter(ApplicationFilterChain.java:138)
	at org.springframework.web.filter.CharacterEncodingFilter.doFilterInternal(CharacterEncodingFilter.java:201)
	at org.springframework.web.filter.OncePerRequestFilter.doFilter(OncePerRequestFilter.java:116)
	at org.apache.catalina.core.ApplicationFilterChain.internalDoFilter(ApplicationFilterChain.java:162)
	at org.apache.catalina.core.ApplicationFilterChain.doFilter(ApplicationFilterChain.java:138)
	at org.apache.catalina.core.StandardWrapperValve.invoke(StandardWrapperValve.java:165)
	at org.apache.catalina.core.StandardContextValve.invoke(StandardContextValve.java:88)
	at org.apache.catalina.authenticator.AuthenticatorBase.invoke(AuthenticatorBase.java:482)
	at org.apache.catalina.core.StandardHostValve.invoke(StandardHostValve.java:113)
	at org.apache.catalina.valves.ErrorReportValve.invoke(ErrorReportValve.java:83)
	at org.apache.catalina.core.StandardEngineValve.invoke(StandardEngineValve.java:72)
	at org.apache.catalina.connector.CoyoteAdapter.service(CoyoteAdapter.java:342)
	at org.apache.coyote.http11.Http11Processor.service(Http11Processor.java:399)
	at org.apache.coyote.AbstractProcessorLight.process(AbstractProcessorLight.java:63)
	at org.apache.coyote.AbstractProtocol$ConnectionHandler.process(AbstractProtocol.java:903)
	at org.apache.tomcat.util.net.NioEndpoint$SocketProcessor.doRun(NioEndpoint.java:1774)
	at org.apache.tomcat.util.net.SocketProcessorBase.run(SocketProcessorBase.java:52)
	at org.apache.tomcat.util.threads.ThreadPoolExecutor.runWorker(ThreadPoolExecutor.java:973)
	at org.apache.tomcat.util.threads.ThreadPoolExecutor$Worker.run(ThreadPoolExecutor.java:491)
	at org.apache.tomcat.util.threads.TaskThread$WrappingRunnable.run(TaskThread.java:63)
	at java.base/java.lang.Thread.run(Thread.java:1583)
2025-11-30 07:16:48.755 [http-nio-9090-exec-8] DEBUG o.s.security.web.FilterChainProxy - Securing POST /error
2025-11-30 07:16:48.756 [http-nio-9090-exec-8] DEBUG o.s.s.w.a.AnonymousAuthenticationFilter - Set SecurityContextHolder to anonymous SecurityContext
2025-11-30 07:30:18.281 [SpringApplicationShutdownHook] INFO  o.s.b.w.e.tomcat.GracefulShutdown - Commencing graceful shutdown. Waiting for active requests to complete
2025-11-30 07:30:18.289 [tomcat-shutdown] INFO  o.s.b.w.e.tomcat.GracefulShutdown - Graceful shutdown complete
2025-11-30 07:30:18.295 [SpringApplicationShutdownHook] INFO  o.s.o.j.LocalContainerEntityManagerFactoryBean - Closing JPA EntityManagerFactory for persistence unit 'default'
2025-11-30 07:30:18.299 [SpringApplicationShutdownHook] INFO  com.zaxxer.hikari.HikariDataSource - HikariPool-1 - Shutdown initiated...
2025-11-30 07:30:18.305 [SpringApplicationShutdownHook] INFO  com.zaxxer.hikari.HikariDataSource - HikariPool-1 - Shutdown completed.
2025-11-30 07:50:05.100 [restartedMain] INFO  c.a.b.BackendBakrieApplication - Starting BackendBakrieApplication using Java 21.0.8 with PID 22724 (D:\Documents\Bakrie-Store-PI\backend-bakrie\target\classes started by LEGION in D:\Documents\Bakrie-Store-PI)
2025-11-30 07:50:05.100 [restartedMain] DEBUG c.a.b.BackendBakrieApplication - Running with Spring Boot v3.5.7, Spring v6.2.12
2025-11-30 07:50:05.101 [restartedMain] INFO  c.a.b.BackendBakrieApplication - No active profile set, falling back to 1 default profile: "default"
2025-11-30 07:50:05.135 [restartedMain] INFO  o.s.b.d.e.DevToolsPropertyDefaultsPostProcessor - Devtools property defaults active! Set 'spring.devtools.add-properties' to 'false' to disable
2025-11-30 07:50:05.135 [restartedMain] INFO  o.s.b.d.e.DevToolsPropertyDefaultsPostProcessor - For additional web related logging consider setting the 'logging.level.web' property to 'DEBUG'
2025-11-30 07:50:05.623 [restartedMain] INFO  o.s.d.r.c.RepositoryConfigurationDelegate - Bootstrapping Spring Data JPA repositories in DEFAULT mode.
2025-11-30 07:50:05.660 [restartedMain] WARN  o.s.b.w.s.c.AnnotationConfigServletWebServerApplicationContext - Exception encountered during context initialization - cancelling refresh attempt: java.lang.IllegalArgumentException: Could not resolve domain type of interface com.audrio.backendbakrie.repository.TransactionRepository
2025-11-30 07:50:05.664 [restartedMain] INFO  o.s.b.a.l.ConditionEvaluationReportLogger - 

Error starting ApplicationContext. To display the condition evaluation report re-run your application with 'debug' enabled.
2025-11-30 07:50:05.677 [restartedMain] ERROR o.s.boot.SpringApplication - Application run failed
java.lang.IllegalArgumentException: Could not resolve domain type of interface com.audrio.backendbakrie.repository.TransactionRepository
	at org.springframework.data.repository.core.support.DefaultRepositoryMetadata.resolveTypeParameter(DefaultRepositoryMetadata.java:79)
	at org.springframework.data.repository.core.support.DefaultRepositoryMetadata.<init>(DefaultRepositoryMetadata.java:58)
	at org.springframework.data.repository.core.support.AbstractRepositoryMetadata.getMetadata(AbstractRepositoryMetadata.java:79)
	at org.springframework.data.repository.config.RepositoryConfigurationExtensionSupport.getRepositoryConfigurations(RepositoryConfigurationExtensionSupport.java:93)
	at org.springframework.data.repository.config.RepositoryConfigurationDelegate.registerRepositoriesIn(RepositoryConfigurationDelegate.java:170)
	at org.springframework.boot.autoconfigure.data.AbstractRepositoryConfigurationSourceSupport.registerBeanDefinitions(AbstractRepositoryConfigurationSourceSupport.java:62)
	at org.springframework.context.annotation.ConfigurationClassBeanDefinitionReader.lambda$loadBeanDefinitionsFromRegistrars$1(ConfigurationClassBeanDefinitionReader.java:409)
	at java.base/java.util.LinkedHashMap.forEach(LinkedHashMap.java:986)
	at org.springframework.context.annotation.ConfigurationClassBeanDefinitionReader.loadBeanDefinitionsFromRegistrars(ConfigurationClassBeanDefinitionReader.java:408)
	at org.springframework.context.annotation.ConfigurationClassBeanDefinitionReader.loadBeanDefinitionsForConfigurationClass(ConfigurationClassBeanDefinitionReader.java:148)
	at org.springframework.context.annotation.ConfigurationClassBeanDefinitionReader.loadBeanDefinitions(ConfigurationClassBeanDefinitionReader.java:120)
	at org.springframework.context.annotation.ConfigurationClassPostProcessor.processConfigBeanDefinitions(ConfigurationClassPostProcessor.java:430)
	at org.springframework.context.annotation.ConfigurationClassPostProcessor.postProcessBeanDefinitionRegistry(ConfigurationClassPostProcessor.java:290)
	at org.springframework.context.support.PostProcessorRegistrationDelegate.invokeBeanDefinitionRegistryPostProcessors(PostProcessorRegistrationDelegate.java:349)
	at org.springframework.context.support.PostProcessorRegistrationDelegate.invokeBeanFactoryPostProcessors(PostProcessorRegistrationDelegate.java:118)
	at org.springframework.context.support.AbstractApplicationContext.invokeBeanFactoryPostProcessors(AbstractApplicationContext.java:791)
	at org.springframework.context.support.AbstractApplicationContext.refresh(AbstractApplicationContext.java:609)
	at org.springframework.boot.web.servlet.context.ServletWebServerApplicationContext.refresh(ServletWebServerApplicationContext.java:146)
	at org.springframework.boot.SpringApplication.refresh(SpringApplication.java:752)
	at org.springframework.boot.SpringApplication.refreshContext(SpringApplication.java:439)
	at org.springframework.boot.SpringApplication.run(SpringApplication.java:318)
	at org.springframework.boot.SpringApplication.run(SpringApplication.java:1361)
	at org.springframework.boot.SpringApplication.run(SpringApplication.java:1350)
	at com.audrio.backendbakrie.BackendBakrieApplication.main(BackendBakrieApplication.java:11)
	at java.base/jdk.internal.reflect.DirectMethodHandleAccessor.invoke(DirectMethodHandleAccessor.java:103)
	at java.base/java.lang.reflect.Method.invoke(Method.java:580)
	at org.springframework.boot.devtools.restart.RestartLauncher.run(RestartLauncher.java:50)
2025-11-30 07:52:18.541 [restartedMain] INFO  c.a.b.BackendBakrieApplication - Starting BackendBakrieApplication using Java 21.0.8 with PID 8932 (D:\Documents\Bakrie-Store-PI\backend-bakrie\target\classes started by LEGION in D:\Documents\Bakrie-Store-PI)
2025-11-30 07:52:18.541 [restartedMain] DEBUG c.a.b.BackendBakrieApplication - Running with Spring Boot v3.5.7, Spring v6.2.12
2025-11-30 07:52:18.541 [restartedMain] INFO  c.a.b.BackendBakrieApplication - No active profile set, falling back to 1 default profile: "default"
2025-11-30 07:52:18.567 [restartedMain] INFO  o.s.b.d.e.DevToolsPropertyDefaultsPostProcessor - Devtools property defaults active! Set 'spring.devtools.add-properties' to 'false' to disable
2025-11-30 07:52:18.567 [restartedMain] INFO  o.s.b.d.e.DevToolsPropertyDefaultsPostProcessor - For additional web related logging consider setting the 'logging.level.web' property to 'DEBUG'
2025-11-30 07:52:18.950 [restartedMain] INFO  o.s.d.r.c.RepositoryConfigurationDelegate - Bootstrapping Spring Data JPA repositories in DEFAULT mode.
2025-11-30 07:52:18.985 [restartedMain] WARN  o.s.b.w.s.c.AnnotationConfigServletWebServerApplicationContext - Exception encountered during context initialization - cancelling refresh attempt: java.lang.IllegalArgumentException: Could not resolve domain type of interface com.audrio.backendbakrie.repository.TransactionRepository
2025-11-30 07:52:18.989 [restartedMain] INFO  o.s.b.a.l.ConditionEvaluationReportLogger - 

Error starting ApplicationContext. To display the condition evaluation report re-run your application with 'debug' enabled.
2025-11-30 07:52:18.997 [restartedMain] ERROR o.s.boot.SpringApplication - Application run failed
java.lang.IllegalArgumentException: Could not resolve domain type of interface com.audrio.backendbakrie.repository.TransactionRepository
	at org.springframework.data.repository.core.support.DefaultRepositoryMetadata.resolveTypeParameter(DefaultRepositoryMetadata.java:79)
	at org.springframework.data.repository.core.support.DefaultRepositoryMetadata.<init>(DefaultRepositoryMetadata.java:58)
	at org.springframework.data.repository.core.support.AbstractRepositoryMetadata.getMetadata(AbstractRepositoryMetadata.java:79)
	at org.springframework.data.repository.config.RepositoryConfigurationExtensionSupport.getRepositoryConfigurations(RepositoryConfigurationExtensionSupport.java:93)
	at org.springframework.data.repository.config.RepositoryConfigurationDelegate.registerRepositoriesIn(RepositoryConfigurationDelegate.java:170)
	at org.springframework.boot.autoconfigure.data.AbstractRepositoryConfigurationSourceSupport.registerBeanDefinitions(AbstractRepositoryConfigurationSourceSupport.java:62)
	at org.springframework.context.annotation.ConfigurationClassBeanDefinitionReader.lambda$loadBeanDefinitionsFromRegistrars$1(ConfigurationClassBeanDefinitionReader.java:409)
	at java.base/java.util.LinkedHashMap.forEach(LinkedHashMap.java:986)
	at org.springframework.context.annotation.ConfigurationClassBeanDefinitionReader.loadBeanDefinitionsFromRegistrars(ConfigurationClassBeanDefinitionReader.java:408)
	at org.springframework.context.annotation.ConfigurationClassBeanDefinitionReader.loadBeanDefinitionsForConfigurationClass(ConfigurationClassBeanDefinitionReader.java:148)
	at org.springframework.context.annotation.ConfigurationClassBeanDefinitionReader.loadBeanDefinitions(ConfigurationClassBeanDefinitionReader.java:120)
	at org.springframework.context.annotation.ConfigurationClassPostProcessor.processConfigBeanDefinitions(ConfigurationClassPostProcessor.java:430)
	at org.springframework.context.annotation.ConfigurationClassPostProcessor.postProcessBeanDefinitionRegistry(ConfigurationClassPostProcessor.java:290)
	at org.springframework.context.support.PostProcessorRegistrationDelegate.invokeBeanDefinitionRegistryPostProcessors(PostProcessorRegistrationDelegate.java:349)
	at org.springframework.context.support.PostProcessorRegistrationDelegate.invokeBeanFactoryPostProcessors(PostProcessorRegistrationDelegate.java:118)
	at org.springframework.context.support.AbstractApplicationContext.invokeBeanFactoryPostProcessors(AbstractApplicationContext.java:791)
	at org.springframework.context.support.AbstractApplicationContext.refresh(AbstractApplicationContext.java:609)
	at org.springframework.boot.web.servlet.context.ServletWebServerApplicationContext.refresh(ServletWebServerApplicationContext.java:146)
	at org.springframework.boot.SpringApplication.refresh(SpringApplication.java:752)
	at org.springframework.boot.SpringApplication.refreshContext(SpringApplication.java:439)
	at org.springframework.boot.SpringApplication.run(SpringApplication.java:318)
	at org.springframework.boot.SpringApplication.run(SpringApplication.java:1361)
	at org.springframework.boot.SpringApplication.run(SpringApplication.java:1350)
	at com.audrio.backendbakrie.BackendBakrieApplication.main(BackendBakrieApplication.java:11)
	at java.base/jdk.internal.reflect.DirectMethodHandleAccessor.invoke(DirectMethodHandleAccessor.java:103)
	at java.base/java.lang.reflect.Method.invoke(Method.java:580)
	at org.springframework.boot.devtools.restart.RestartLauncher.run(RestartLauncher.java:50)
2025-11-30 07:52:26.258 [restartedMain] INFO  c.a.b.BackendBakrieApplication - Starting BackendBakrieApplication using Java 21.0.8 with PID 27472 (D:\Documents\Bakrie-Store-PI\backend-bakrie\target\classes started by LEGION in D:\Documents\Bakrie-Store-PI)
2025-11-30 07:52:26.258 [restartedMain] DEBUG c.a.b.BackendBakrieApplication - Running with Spring Boot v3.5.7, Spring v6.2.12
2025-11-30 07:52:26.258 [restartedMain] INFO  c.a.b.BackendBakrieApplication - No active profile set, falling back to 1 default profile: "default"
2025-11-30 07:52:26.288 [restartedMain] INFO  o.s.b.d.e.DevToolsPropertyDefaultsPostProcessor - Devtools property defaults active! Set 'spring.devtools.add-properties' to 'false' to disable
2025-11-30 07:52:26.288 [restartedMain] INFO  o.s.b.d.e.DevToolsPropertyDefaultsPostProcessor - For additional web related logging consider setting the 'logging.level.web' property to 'DEBUG'
2025-11-30 07:52:26.663 [restartedMain] INFO  o.s.d.r.c.RepositoryConfigurationDelegate - Bootstrapping Spring Data JPA repositories in DEFAULT mode.
2025-11-30 07:52:26.698 [restartedMain] WARN  o.s.b.w.s.c.AnnotationConfigServletWebServerApplicationContext - Exception encountered during context initialization - cancelling refresh attempt: java.lang.IllegalArgumentException: Could not resolve domain type of interface com.audrio.backendbakrie.repository.TransactionRepository
2025-11-30 07:52:26.702 [restartedMain] INFO  o.s.b.a.l.ConditionEvaluationReportLogger - 

Error starting ApplicationContext. To display the condition evaluation report re-run your application with 'debug' enabled.
2025-11-30 07:52:26.712 [restartedMain] ERROR o.s.boot.SpringApplication - Application run failed
java.lang.IllegalArgumentException: Could not resolve domain type of interface com.audrio.backendbakrie.repository.TransactionRepository
	at org.springframework.data.repository.core.support.DefaultRepositoryMetadata.resolveTypeParameter(DefaultRepositoryMetadata.java:79)
	at org.springframework.data.repository.core.support.DefaultRepositoryMetadata.<init>(DefaultRepositoryMetadata.java:58)
	at org.springframework.data.repository.core.support.AbstractRepositoryMetadata.getMetadata(AbstractRepositoryMetadata.java:79)
	at org.springframework.data.repository.config.RepositoryConfigurationExtensionSupport.getRepositoryConfigurations(RepositoryConfigurationExtensionSupport.java:93)
	at org.springframework.data.repository.config.RepositoryConfigurationDelegate.registerRepositoriesIn(RepositoryConfigurationDelegate.java:170)
	at org.springframework.boot.autoconfigure.data.AbstractRepositoryConfigurationSourceSupport.registerBeanDefinitions(AbstractRepositoryConfigurationSourceSupport.java:62)
	at org.springframework.context.annotation.ConfigurationClassBeanDefinitionReader.lambda$loadBeanDefinitionsFromRegistrars$1(ConfigurationClassBeanDefinitionReader.java:409)
	at java.base/java.util.LinkedHashMap.forEach(LinkedHashMap.java:986)
	at org.springframework.context.annotation.ConfigurationClassBeanDefinitionReader.loadBeanDefinitionsFromRegistrars(ConfigurationClassBeanDefinitionReader.java:408)
	at org.springframework.context.annotation.ConfigurationClassBeanDefinitionReader.loadBeanDefinitionsForConfigurationClass(ConfigurationClassBeanDefinitionReader.java:148)
	at org.springframework.context.annotation.ConfigurationClassBeanDefinitionReader.loadBeanDefinitions(ConfigurationClassBeanDefinitionReader.java:120)
	at org.springframework.context.annotation.ConfigurationClassPostProcessor.processConfigBeanDefinitions(ConfigurationClassPostProcessor.java:430)
	at org.springframework.context.annotation.ConfigurationClassPostProcessor.postProcessBeanDefinitionRegistry(ConfigurationClassPostProcessor.java:290)
	at org.springframework.context.support.PostProcessorRegistrationDelegate.invokeBeanDefinitionRegistryPostProcessors(PostProcessorRegistrationDelegate.java:349)
	at org.springframework.context.support.PostProcessorRegistrationDelegate.invokeBeanFactoryPostProcessors(PostProcessorRegistrationDelegate.java:118)
	at org.springframework.context.support.AbstractApplicationContext.invokeBeanFactoryPostProcessors(AbstractApplicationContext.java:791)
	at org.springframework.context.support.AbstractApplicationContext.refresh(AbstractApplicationContext.java:609)
	at org.springframework.boot.web.servlet.context.ServletWebServerApplicationContext.refresh(ServletWebServerApplicationContext.java:146)
	at org.springframework.boot.SpringApplication.refresh(SpringApplication.java:752)
	at org.springframework.boot.SpringApplication.refreshContext(SpringApplication.java:439)
	at org.springframework.boot.SpringApplication.run(SpringApplication.java:318)
	at org.springframework.boot.SpringApplication.run(SpringApplication.java:1361)
	at org.springframework.boot.SpringApplication.run(SpringApplication.java:1350)
	at com.audrio.backendbakrie.BackendBakrieApplication.main(BackendBakrieApplication.java:11)
	at java.base/jdk.internal.reflect.DirectMethodHandleAccessor.invoke(DirectMethodHandleAccessor.java:103)
	at java.base/java.lang.reflect.Method.invoke(Method.java:580)
	at org.springframework.boot.devtools.restart.RestartLauncher.run(RestartLauncher.java:50)
2025-11-30 07:54:07.509 [restartedMain] INFO  c.a.b.BackendBakrieApplication - Starting BackendBakrieApplication using Java 21.0.8 with PID 25296 (D:\Documents\Bakrie-Store-PI\backend-bakrie\target\classes started by LEGION in D:\Documents\Bakrie-Store-PI)
2025-11-30 07:54:07.510 [restartedMain] DEBUG c.a.b.BackendBakrieApplication - Running with Spring Boot v3.5.7, Spring v6.2.12
2025-11-30 07:54:07.510 [restartedMain] INFO  c.a.b.BackendBakrieApplication - No active profile set, falling back to 1 default profile: "default"
2025-11-30 07:54:07.535 [restartedMain] INFO  o.s.b.d.e.DevToolsPropertyDefaultsPostProcessor - Devtools property defaults active! Set 'spring.devtools.add-properties' to 'false' to disable
2025-11-30 07:54:07.535 [restartedMain] INFO  o.s.b.d.e.DevToolsPropertyDefaultsPostProcessor - For additional web related logging consider setting the 'logging.level.web' property to 'DEBUG'
2025-11-30 07:54:07.910 [restartedMain] INFO  o.s.d.r.c.RepositoryConfigurationDelegate - Bootstrapping Spring Data JPA repositories in DEFAULT mode.
2025-11-30 07:54:07.959 [restartedMain] INFO  o.s.d.r.c.RepositoryConfigurationDelegate - Finished Spring Data repository scanning in 44 ms. Found 9 JPA repository interfaces.
2025-11-30 07:54:08.310 [restartedMain] INFO  o.s.b.w.e.tomcat.TomcatWebServer - Tomcat initialized with port 9090 (http)
2025-11-30 07:54:08.319 [restartedMain] INFO  o.a.catalina.core.StandardService - Starting service [Tomcat]
2025-11-30 07:54:08.320 [restartedMain] INFO  o.a.catalina.core.StandardEngine - Starting Servlet engine: [Apache Tomcat/10.1.48]
2025-11-30 07:54:08.357 [restartedMain] INFO  o.a.c.c.C.[.[localhost].[/api/v1.0] - Initializing Spring embedded WebApplicationContext
2025-11-30 07:54:08.357 [restartedMain] INFO  o.s.b.w.s.c.ServletWebServerApplicationContext - Root WebApplicationContext: initialization completed in 821 ms
2025-11-30 07:54:08.447 [restartedMain] INFO  o.h.jpa.internal.util.LogHelper - HHH000204: Processing PersistenceUnitInfo [name: default]
2025-11-30 07:54:08.489 [restartedMain] INFO  org.hibernate.Version - HHH000412: Hibernate ORM core version 6.6.33.Final
2025-11-30 07:54:08.511 [restartedMain] INFO  o.h.c.i.RegionFactoryInitiator - HHH000026: Second-level cache disabled
2025-11-30 07:54:08.688 [restartedMain] INFO  o.s.o.j.p.SpringPersistenceUnitInfo - No LoadTimeWeaver setup: ignoring JPA class transformer
2025-11-30 07:54:08.705 [restartedMain] INFO  com.zaxxer.hikari.HikariDataSource - HikariPool-1 - Starting...
2025-11-30 07:54:08.965 [restartedMain] INFO  com.zaxxer.hikari.pool.HikariPool - HikariPool-1 - Added connection com.mysql.cj.jdbc.ConnectionImpl@479dc5a9
2025-11-30 07:54:08.966 [restartedMain] INFO  com.zaxxer.hikari.HikariDataSource - HikariPool-1 - Start completed.
2025-11-30 07:54:09.016 [restartedMain] WARN  org.hibernate.orm.deprecation - HHH90000025: MySQL8Dialect does not need to be specified explicitly using 'hibernate.dialect' (remove the property setting and it will be selected by default)
2025-11-30 07:54:09.016 [restartedMain] WARN  org.hibernate.orm.deprecation - HHH90000026: MySQL8Dialect has been deprecated; use org.hibernate.dialect.MySQLDialect instead
2025-11-30 07:54:09.026 [restartedMain] INFO  o.hibernate.orm.connections.pooling - HHH10001005: Database info:
	Database JDBC URL [Connecting through datasource 'HikariDataSource (HikariPool-1)']
	Database driver: undefined/unknown
	Database version: 8.0
	Autocommit mode: undefined/unknown
	Isolation level: undefined/unknown
	Minimum pool size: undefined/unknown
	Maximum pool size: undefined/unknown
2025-11-30 07:54:09.720 [restartedMain] INFO  o.h.e.t.j.p.i.JtaPlatformInitiator - HHH000489: No JTA platform available (set 'hibernate.transaction.jta.platform' to enable JTA platform integration)
2025-11-30 07:54:09.838 [restartedMain] INFO  o.s.o.j.LocalContainerEntityManagerFactoryBean - Initialized JPA EntityManagerFactory for persistence unit 'default'
2025-11-30 07:54:10.035 [restartedMain] INFO  o.s.d.j.r.query.QueryEnhancerFactory - Hibernate is in classpath; If applicable, HQL parser will be used.
2025-11-30 07:54:10.422 [restartedMain] DEBUG c.a.b.config.JwtAuthenticationFilter - Filter 'jwtAuthenticationFilter' configured for use
2025-11-30 07:54:10.493 [restartedMain] INFO  o.s.s.c.a.a.c.InitializeAuthenticationProviderBeanManagerConfigurer$InitializeAuthenticationProviderManagerConfigurer - Global AuthenticationManager configured with AuthenticationProvider bean with name authenticationProvider
2025-11-30 07:54:10.493 [restartedMain] WARN  o.s.s.c.a.a.c.InitializeUserDetailsBeanManagerConfigurer$InitializeUserDetailsManagerConfigurer - Global AuthenticationManager configured with an AuthenticationProvider bean. UserDetailsService beans will not be used by Spring Security for automatically configuring username/password login. Consider removing the AuthenticationProvider bean. Alternatively, consider using the UserDetailsService in a manually instantiated DaoAuthenticationProvider. If the current configuration is intentional, to turn off this warning, increase the logging level of 'org.springframework.security.config.annotation.authentication.configuration.InitializeUserDetailsBeanManagerConfigurer' to ERROR
2025-11-30 07:54:10.605 [restartedMain] WARN  o.s.b.a.o.j.JpaBaseConfiguration$JpaWebConfiguration - spring.jpa.open-in-view is enabled by default. Therefore, database queries may be performed during view rendering. Explicitly configure spring.jpa.open-in-view to disable this warning
2025-11-30 07:54:10.783 [restartedMain] DEBUG o.s.s.web.DefaultSecurityFilterChain - Will secure any request with filters: DisableEncodeUrlFilter, WebAsyncManagerIntegrationFilter, SecurityContextHolderFilter, HeaderWriterFilter, CorsFilter, LogoutFilter, JwtAuthenticationFilter, RequestCacheAwareFilter, SecurityContextHolderAwareRequestFilter, AnonymousAuthenticationFilter, SessionManagementFilter, ExceptionTranslationFilter, AuthorizationFilter
2025-11-30 07:54:10.928 [restartedMain] INFO  o.s.b.d.a.OptionalLiveReloadServer - LiveReload server is running on port 35729
2025-11-30 07:54:10.960 [restartedMain] INFO  o.s.b.w.e.tomcat.TomcatWebServer - Tomcat started on port 9090 (http) with context path '/api/v1.0'
2025-11-30 07:54:10.966 [restartedMain] INFO  c.a.b.BackendBakrieApplication - Started BackendBakrieApplication in 3.721 seconds (process running for 4.064)
2025-11-30 07:54:32.655 [http-nio-9090-exec-1] INFO  o.a.c.c.C.[.[localhost].[/api/v1.0] - Initializing Spring DispatcherServlet 'dispatcherServlet'
2025-11-30 07:54:32.655 [http-nio-9090-exec-1] INFO  o.s.web.servlet.DispatcherServlet - Initializing Servlet 'dispatcherServlet'
2025-11-30 07:54:32.657 [http-nio-9090-exec-1] INFO  o.s.web.servlet.DispatcherServlet - Completed initialization in 2 ms
2025-11-30 07:54:32.672 [http-nio-9090-exec-3] DEBUG o.s.security.web.FilterChainProxy - Securing OPTIONS /customer/myprofile
2025-11-30 07:54:32.672 [http-nio-9090-exec-2] DEBUG o.s.security.web.FilterChainProxy - Securing OPTIONS /customer/myprofile
2025-11-30 07:54:32.672 [http-nio-9090-exec-4] DEBUG o.s.security.web.FilterChainProxy - Securing OPTIONS /public/products/fetchProducts
2025-11-30 07:54:32.672 [http-nio-9090-exec-1] DEBUG o.s.security.web.FilterChainProxy - Securing OPTIONS /public/products/fetchProducts
2025-11-30 07:54:32.705 [http-nio-9090-exec-7] DEBUG o.s.security.web.FilterChainProxy - Securing GET /customer/myprofile
2025-11-30 07:54:32.705 [http-nio-9090-exec-5] DEBUG o.s.security.web.FilterChainProxy - Securing GET /customer/myprofile
2025-11-30 07:54:32.705 [http-nio-9090-exec-6] DEBUG o.s.security.web.FilterChainProxy - Securing GET /public/products/fetchProducts
2025-11-30 07:54:32.705 [http-nio-9090-exec-8] DEBUG o.s.security.web.FilterChainProxy - Securing GET /public/products/fetchProducts
2025-11-30 07:54:32.709 [http-nio-9090-exec-5] DEBUG c.a.b.config.JwtAuthenticationFilter - >>> Request GET /api/v1.0/customer/myprofile
2025-11-30 07:54:32.709 [http-nio-9090-exec-8] DEBUG c.a.b.config.JwtAuthenticationFilter - >>> Request GET /api/v1.0/public/products/fetchProducts
2025-11-30 07:54:32.709 [http-nio-9090-exec-7] DEBUG c.a.b.config.JwtAuthenticationFilter - >>> Request GET /api/v1.0/customer/myprofile
2025-11-30 07:54:32.709 [http-nio-9090-exec-6] DEBUG c.a.b.config.JwtAuthenticationFilter - >>> Request GET /api/v1.0/public/products/fetchProducts
2025-11-30 07:54:32.710 [http-nio-9090-exec-6] DEBUG c.a.b.config.JwtAuthenticationFilter - Token received (first 20 chars): eyJhbGciOiJIUzI1NiJ9...
2025-11-30 07:54:32.710 [http-nio-9090-exec-5] DEBUG c.a.b.config.JwtAuthenticationFilter - Token received (first 20 chars): eyJhbGciOiJIUzI1NiJ9...
2025-11-30 07:54:32.710 [http-nio-9090-exec-7] DEBUG c.a.b.config.JwtAuthenticationFilter - Token received (first 20 chars): eyJhbGciOiJIUzI1NiJ9...
2025-11-30 07:54:32.710 [http-nio-9090-exec-8] DEBUG c.a.b.config.JwtAuthenticationFilter - Token received (first 20 chars): eyJhbGciOiJIUzI1NiJ9...
2025-11-30 07:54:32.902 [http-nio-9090-exec-8] INFO  c.a.b.config.JwtAuthenticationFilter - Authorities for audrio8802@gmail.com: [ROLE_CUSTOMER]
2025-11-30 07:54:32.902 [http-nio-9090-exec-5] INFO  c.a.b.config.JwtAuthenticationFilter - Authorities for audrio8802@gmail.com: [ROLE_CUSTOMER]
2025-11-30 07:54:32.902 [http-nio-9090-exec-7] INFO  c.a.b.config.JwtAuthenticationFilter - Authorities for audrio8802@gmail.com: [ROLE_CUSTOMER]
2025-11-30 07:54:32.902 [http-nio-9090-exec-6] INFO  c.a.b.config.JwtAuthenticationFilter - Authorities for audrio8802@gmail.com: [ROLE_CUSTOMER]
2025-11-30 07:54:32.904 [http-nio-9090-exec-8] DEBUG c.a.b.config.JwtAuthenticationFilter - Authenticated user from JWT: audrio8802@gmail.com
2025-11-30 07:54:32.904 [http-nio-9090-exec-5] DEBUG c.a.b.config.JwtAuthenticationFilter - Authenticated user from JWT: audrio8802@gmail.com
2025-11-30 07:54:32.904 [http-nio-9090-exec-7] DEBUG c.a.b.config.JwtAuthenticationFilter - Authenticated user from JWT: audrio8802@gmail.com
2025-11-30 07:54:32.904 [http-nio-9090-exec-7] INFO  c.a.b.config.JwtAuthenticationFilter - Authenticated user: audrio8802@gmail.com
2025-11-30 07:54:32.904 [http-nio-9090-exec-8] INFO  c.a.b.config.JwtAuthenticationFilter - Authenticated user: audrio8802@gmail.com
2025-11-30 07:54:32.904 [http-nio-9090-exec-5] INFO  c.a.b.config.JwtAuthenticationFilter - Authenticated user: audrio8802@gmail.com
2025-11-30 07:54:32.904 [http-nio-9090-exec-7] INFO  c.a.b.config.JwtAuthenticationFilter - Authorities: [ROLE_CUSTOMER]
2025-11-30 07:54:32.904 [http-nio-9090-exec-8] INFO  c.a.b.config.JwtAuthenticationFilter - Authorities: [ROLE_CUSTOMER]
2025-11-30 07:54:32.904 [http-nio-9090-exec-5] INFO  c.a.b.config.JwtAuthenticationFilter - Authorities: [ROLE_CUSTOMER]
2025-11-30 07:54:32.904 [http-nio-9090-exec-6] DEBUG c.a.b.config.JwtAuthenticationFilter - Authenticated user from JWT: audrio8802@gmail.com
2025-11-30 07:54:32.904 [http-nio-9090-exec-6] INFO  c.a.b.config.JwtAuthenticationFilter - Authenticated user: audrio8802@gmail.com
2025-11-30 07:54:32.904 [http-nio-9090-exec-6] INFO  c.a.b.config.JwtAuthenticationFilter - Authorities: [ROLE_CUSTOMER]
2025-11-30 07:54:32.910 [http-nio-9090-exec-5] DEBUG o.s.security.web.FilterChainProxy - Secured GET /customer/myprofile
2025-11-30 07:54:32.910 [http-nio-9090-exec-6] DEBUG o.s.security.web.FilterChainProxy - Secured GET /public/products/fetchProducts
2025-11-30 07:54:32.910 [http-nio-9090-exec-7] DEBUG o.s.security.web.FilterChainProxy - Secured GET /customer/myprofile
2025-11-30 07:54:32.910 [http-nio-9090-exec-8] DEBUG o.s.security.web.FilterChainProxy - Secured GET /public/products/fetchProducts
2025-11-30 07:54:32.926 [http-nio-9090-exec-8] INFO  c.a.b.controller.ProductController - Method : GET | Endpoint : /public/products/fetchProducts | Payload : 200 OK
2025-11-30 07:54:32.926 [http-nio-9090-exec-6] INFO  c.a.b.controller.ProductController - Method : GET | Endpoint : /public/products/fetchProducts | Payload : 200 OK
2025-11-30 07:54:32.935 [http-nio-9090-exec-7] INFO  c.a.b.controller.CustomerController - Method : GET | Endpoint : /customer/myprofile | Payload : Bearer eyJhbGciOiJIUzI1NiJ9.eyJyb2xlIjoiQ1VTVE9NRVIiLCJwdXJwb3NlIjoiYWNjZXNzIiwic3ViIjoiYXVkcmlvODgwMkBnbWFpbC5jb20iLCJpYXQiOjE3NjQ0NTA3NTUsImV4cCI6MTc2NDUzNzE1NX0.NF7S5I2pgZvEF_ScdLmZq6zuhRA4p5dQm2FHP35hdYY
2025-11-30 07:54:32.935 [http-nio-9090-exec-5] INFO  c.a.b.controller.CustomerController - Method : GET | Endpoint : /customer/myprofile | Payload : Bearer eyJhbGciOiJIUzI1NiJ9.eyJyb2xlIjoiQ1VTVE9NRVIiLCJwdXJwb3NlIjoiYWNjZXNzIiwic3ViIjoiYXVkcmlvODgwMkBnbWFpbC5jb20iLCJpYXQiOjE3NjQ0NTA3NTUsImV4cCI6MTc2NDUzNzE1NX0.NF7S5I2pgZvEF_ScdLmZq6zuhRA4p5dQm2FHP35hdYY
2025-11-30 07:54:32.936 [http-nio-9090-exec-7] INFO  c.a.b.s.impl.CustomerServiceImpl - GET CUSTOMER PROFILE START | EMAIL: audrio8802@gmail.com
2025-11-30 07:54:32.936 [http-nio-9090-exec-5] INFO  c.a.b.s.impl.CustomerServiceImpl - GET CUSTOMER PROFILE START | EMAIL: audrio8802@gmail.com
2025-11-30 07:54:32.940 [http-nio-9090-exec-7] INFO  c.a.b.s.impl.CustomerServiceImpl - GET CUSTOMER PROFILE SUCCESS
2025-11-30 07:54:32.940 [http-nio-9090-exec-5] INFO  c.a.b.s.impl.CustomerServiceImpl - GET CUSTOMER PROFILE SUCCESS
2025-11-30 07:54:32.940 [http-nio-9090-exec-5] DEBUG c.a.b.s.impl.CustomerServiceImpl - Converting entity to response for customer ID: 49b697a8-c144-4145-a894-e32477c12451
2025-11-30 07:54:32.940 [http-nio-9090-exec-7] DEBUG c.a.b.s.impl.CustomerServiceImpl - Converting entity to response for customer ID: 49b697a8-c144-4145-a894-e32477c12451
2025-11-30 07:54:33.014 [http-nio-9090-exec-10] DEBUG o.s.security.web.FilterChainProxy - Securing OPTIONS /customer/cart/mycart/49b697a8-c144-4145-a894-e32477c12451
2025-11-30 07:54:33.014 [http-nio-9090-exec-9] DEBUG o.s.security.web.FilterChainProxy - Securing OPTIONS /customer/order/49b697a8-c144-4145-a894-e32477c12451
2025-11-30 07:54:33.019 [http-nio-9090-exec-3] DEBUG o.s.security.web.FilterChainProxy - Securing GET /customer/cart/mycart/49b697a8-c144-4145-a894-e32477c12451
2025-11-30 07:54:33.019 [http-nio-9090-exec-2] DEBUG o.s.security.web.FilterChainProxy - Securing GET /customer/order/49b697a8-c144-4145-a894-e32477c12451
2025-11-30 07:54:33.020 [http-nio-9090-exec-3] DEBUG c.a.b.config.JwtAuthenticationFilter - >>> Request GET /api/v1.0/customer/cart/mycart/49b697a8-c144-4145-a894-e32477c12451
2025-11-30 07:54:33.020 [http-nio-9090-exec-2] DEBUG c.a.b.config.JwtAuthenticationFilter - >>> Request GET /api/v1.0/customer/order/49b697a8-c144-4145-a894-e32477c12451
2025-11-30 07:54:33.020 [http-nio-9090-exec-2] DEBUG c.a.b.config.JwtAuthenticationFilter - Token received (first 20 chars): eyJhbGciOiJIUzI1NiJ9...
2025-11-30 07:54:33.020 [http-nio-9090-exec-3] DEBUG c.a.b.config.JwtAuthenticationFilter - Token received (first 20 chars): eyJhbGciOiJIUzI1NiJ9...
2025-11-30 07:54:33.030 [http-nio-9090-exec-2] INFO  c.a.b.config.JwtAuthenticationFilter - Authorities for audrio8802@gmail.com: [ROLE_CUSTOMER]
2025-11-30 07:54:33.030 [http-nio-9090-exec-3] INFO  c.a.b.config.JwtAuthenticationFilter - Authorities for audrio8802@gmail.com: [ROLE_CUSTOMER]
2025-11-30 07:54:33.030 [http-nio-9090-exec-2] DEBUG c.a.b.config.JwtAuthenticationFilter - Authenticated user from JWT: audrio8802@gmail.com
2025-11-30 07:54:33.030 [http-nio-9090-exec-3] DEBUG c.a.b.config.JwtAuthenticationFilter - Authenticated user from JWT: audrio8802@gmail.com
2025-11-30 07:54:33.030 [http-nio-9090-exec-2] INFO  c.a.b.config.JwtAuthenticationFilter - Authenticated user: audrio8802@gmail.com
2025-11-30 07:54:33.030 [http-nio-9090-exec-3] INFO  c.a.b.config.JwtAuthenticationFilter - Authenticated user: audrio8802@gmail.com
2025-11-30 07:54:33.030 [http-nio-9090-exec-2] INFO  c.a.b.config.JwtAuthenticationFilter - Authorities: [ROLE_CUSTOMER]
2025-11-30 07:54:33.030 [http-nio-9090-exec-3] INFO  c.a.b.config.JwtAuthenticationFilter - Authorities: [ROLE_CUSTOMER]
2025-11-30 07:54:33.030 [http-nio-9090-exec-3] DEBUG o.s.security.web.FilterChainProxy - Secured GET /customer/cart/mycart/49b697a8-c144-4145-a894-e32477c12451
2025-11-30 07:54:33.030 [http-nio-9090-exec-2] DEBUG o.s.security.web.FilterChainProxy - Secured GET /customer/order/49b697a8-c144-4145-a894-e32477c12451
2025-11-30 07:54:33.031 [http-nio-9090-exec-3] INFO  c.a.b.controller.CartController - GET /customer/mycart/49b697a8-c144-4145-a894-e32477c12451
2025-11-30 07:54:33.032 [http-nio-9090-exec-2] INFO  c.a.b.controller.OrderController - REQUEST ORDERS BY CUSTOMER → 49b697a8-c144-4145-a894-e32477c12451
2025-11-30 07:54:33.032 [http-nio-9090-exec-2] DEBUG c.a.b.service.impl.OrderServiceImpl - Request daftar order customer → ID: 49b697a8-c144-4145-a894-e32477c12451
2025-11-30 07:54:58.598 [http-nio-9090-exec-4] DEBUG o.s.security.web.FilterChainProxy - Securing OPTIONS /customer/order/create
2025-11-30 07:54:58.602 [http-nio-9090-exec-1] DEBUG o.s.security.web.FilterChainProxy - Securing POST /customer/order/create
2025-11-30 07:54:58.602 [http-nio-9090-exec-1] DEBUG c.a.b.config.JwtAuthenticationFilter - >>> Request POST /api/v1.0/customer/order/create
2025-11-30 07:54:58.602 [http-nio-9090-exec-1] DEBUG c.a.b.config.JwtAuthenticationFilter - Token received (first 20 chars): eyJhbGciOiJIUzI1NiJ9...
2025-11-30 07:54:58.606 [http-nio-9090-exec-1] INFO  c.a.b.config.JwtAuthenticationFilter - Authorities for audrio8802@gmail.com: [ROLE_CUSTOMER]
2025-11-30 07:54:58.606 [http-nio-9090-exec-1] DEBUG c.a.b.config.JwtAuthenticationFilter - Authenticated user from JWT: audrio8802@gmail.com
2025-11-30 07:54:58.606 [http-nio-9090-exec-1] INFO  c.a.b.config.JwtAuthenticationFilter - Authenticated user: audrio8802@gmail.com
2025-11-30 07:54:58.606 [http-nio-9090-exec-1] INFO  c.a.b.config.JwtAuthenticationFilter - Authorities: [ROLE_CUSTOMER]
2025-11-30 07:54:58.610 [http-nio-9090-exec-1] DEBUG o.s.security.web.FilterChainProxy - Secured POST /customer/order/create
2025-11-30 07:54:58.652 [http-nio-9090-exec-1] INFO  c.a.b.controller.OrderController - RECEIVED CREATE ORDER → customerId: 49b697a8-c144-4145-a894-e32477c12451, items: 2
2025-11-30 07:54:58.652 [http-nio-9090-exec-1] INFO  c.a.b.service.impl.OrderServiceImpl - === MEMULAI PEMBUATAN ORDER BARU ===
2025-11-30 07:54:58.652 [http-nio-9090-exec-1] INFO  c.a.b.service.impl.OrderServiceImpl - Request dari customerId: 49b697a8-c144-4145-a894-e32477c12451
2025-11-30 07:54:58.652 [http-nio-9090-exec-1] INFO  c.a.b.service.impl.OrderServiceImpl - Alamat pengiriman: JL.Belimbing Hulu, No3
2025-11-30 07:54:58.652 [http-nio-9090-exec-1] INFO  c.a.b.service.impl.OrderServiceImpl - Jumlah item di keranjang: 2
2025-11-30 07:54:58.656 [http-nio-9090-exec-1] INFO  c.a.b.service.impl.OrderServiceImpl - Customer ditemukan: Zwita Sianturi (audrio8802@gmail.com)
2025-11-30 07:54:58.656 [http-nio-9090-exec-1] INFO  c.a.b.service.impl.OrderServiceImpl - Order number yang digenerate: ORD-20251130-0001
2025-11-30 07:54:58.656 [http-nio-9090-exec-1] DEBUG c.a.b.service.impl.OrderServiceImpl - Check stock → Product: Butter Brioche (ID: 09cc3466-71b5-492a-9320-7c1dadbccc30), Stock saat ini: 80, Diminta: 3
2025-11-30 07:54:58.660 [http-nio-9090-exec-1] INFO  c.a.b.service.impl.OrderServiceImpl - Item ditambahkan → Butter Brioche × 3 (Rp 22000.0, subtotal Rp 66000.0)
2025-11-30 07:54:58.660 [http-nio-9090-exec-1] DEBUG c.a.b.service.impl.OrderServiceImpl - Check stock → Product: Cinnamon Roll Classic (ID: 1b1d7cdd-b551-468e-b399-bcf98cdf8051), Stock saat ini: 70, Diminta: 1
2025-11-30 07:54:58.660 [http-nio-9090-exec-1] INFO  c.a.b.service.impl.OrderServiceImpl - Item ditambahkan → Cinnamon Roll Classic × 1 (Rp 25000.0, subtotal Rp 25000.0)
2025-11-30 07:54:58.670 [http-nio-9090-exec-1] INFO  c.a.b.s.impl.PaymentServiceImpl - Midtrans Config v3.0.0 → Production: false, ServerKey: SET
2025-11-30 07:54:58.757 [http-nio-9090-exec-1] INFO  okhttp3.OkHttpClient - --> POST https://app.sandbox.midtrans.com/snap/v1/transactions
2025-11-30 07:54:58.757 [http-nio-9090-exec-1] INFO  okhttp3.OkHttpClient - Content-Type: application/json; charset=utf-8
2025-11-30 07:54:58.757 [http-nio-9090-exec-1] INFO  okhttp3.OkHttpClient - Content-Length: 537
2025-11-30 07:54:58.757 [http-nio-9090-exec-1] INFO  okhttp3.OkHttpClient - 
2025-11-30 07:54:58.757 [http-nio-9090-exec-1] INFO  okhttp3.OkHttpClient - {"item_details":[{"name":"Butter Brioche","quantity":3,"id":"09cc3466-71b5-492a-9320-7c1dadbccc30","price":22000},{"name":"Cinnamon Roll Classic","quantity":1,"id":"1b1d7cdd-b551-468e-b399-bcf98cdf8051","price":25000},{"name":"Biaya Pengiriman","quantity":1,"id":"SHIPPING","price":15000},{"name":"Biaya Layanan","quantity":1,"id":"SERVICE","price":2000}],"customer_details":{"phone":"082150272529","first_name":"Zwita Sianturi","email":"audrio8802@gmail.com"},"transaction_details":{"order_id":"ORD-20251130-0001","gross_amount":91000}}
2025-11-30 07:54:58.757 [http-nio-9090-exec-1] INFO  okhttp3.OkHttpClient - --> END POST (537-byte body)
2025-11-30 07:54:59.008 [http-nio-9090-exec-1] INFO  okhttp3.OkHttpClient - <-- 400 https://app.sandbox.midtrans.com/snap/v1/transactions (250ms)
2025-11-30 07:54:59.008 [http-nio-9090-exec-1] INFO  okhttp3.OkHttpClient - content-type: application/json; charset=utf-8
2025-11-30 07:54:59.008 [http-nio-9090-exec-1] INFO  okhttp3.OkHttpClient - vary: Accept,Accept-Encoding
2025-11-30 07:54:59.008 [http-nio-9090-exec-1] INFO  okhttp3.OkHttpClient - x-request-id: 346538b7-8335-4deb-9522-fc5c99d3ef36
2025-11-30 07:54:59.008 [http-nio-9090-exec-1] INFO  okhttp3.OkHttpClient - referrer-policy: origin-when-cross-origin
2025-11-30 07:54:59.008 [http-nio-9090-exec-1] INFO  okhttp3.OkHttpClient - x-content-type-options: nosniff
2025-11-30 07:54:59.008 [http-nio-9090-exec-1] INFO  okhttp3.OkHttpClient - x-download-options: noopen
2025-11-30 07:54:59.008 [http-nio-9090-exec-1] INFO  okhttp3.OkHttpClient - x-frame-options: SAMEORIGIN
2025-11-30 07:54:59.008 [http-nio-9090-exec-1] INFO  okhttp3.OkHttpClient - x-permitted-cross-domain-policies: none
2025-11-30 07:54:59.008 [http-nio-9090-exec-1] INFO  okhttp3.OkHttpClient - x-xss-protection: 1; mode=block
2025-11-30 07:54:59.008 [http-nio-9090-exec-1] INFO  okhttp3.OkHttpClient - x-envoy-upstream-service-time: 133
2025-11-30 07:54:59.008 [http-nio-9090-exec-1] INFO  okhttp3.OkHttpClient - date: Sun, 30 Nov 2025 00:54:57 GMT
2025-11-30 07:54:59.008 [http-nio-9090-exec-1] INFO  okhttp3.OkHttpClient - server: istio-envoy
2025-11-30 07:54:59.008 [http-nio-9090-exec-1] INFO  okhttp3.OkHttpClient - 
2025-11-30 07:54:59.008 [http-nio-9090-exec-1] INFO  okhttp3.OkHttpClient - {"error_messages":["transaction_details.gross_amount is not equal to the sum of item_details"]}
2025-11-30 07:54:59.008 [http-nio-9090-exec-1] INFO  okhttp3.OkHttpClient - <-- END HTTP (95-byte body)
2025-11-30 07:54:59.008 [http-nio-9090-exec-1] ERROR c.a.b.s.impl.PaymentServiceImpl - Midtrans Error (v3.0.0): Midtrans API is returning API error. HTTP status code: 400 API response: {"error_messages":["transaction_details.gross_amount is not equal to the sum of item_details"]}
2025-11-30 07:54:59.012 [http-nio-9090-exec-1] ERROR o.a.c.c.C.[.[.[.0.[dispatcherServlet] - Servlet.service() for servlet [dispatcherServlet] in context with path [/api/v1.0] threw exception [Request processing failed: java.lang.RuntimeException: Gagal membuat token pembayaran Midtrans: Midtrans API is returning API error. HTTP status code: 400 API response: {"error_messages":["transaction_details.gross_amount is not equal to the sum of item_details"]}] with root cause
com.midtrans.httpclient.error.MidtransError: Midtrans API is returning API error. HTTP status code: 400 API response: {"error_messages":["transaction_details.gross_amount is not equal to the sum of item_details"]}
	at com.midtrans.httpclient.APIHttpClient.request(APIHttpClient.java:63)
	at com.midtrans.httpclient.SnapApi.createTransaction(SnapApi.java:14)
	at com.midtrans.httpclient.SnapApi.createTransactionToken(SnapApi.java:26)
	at com.midtrans.service.impl.MidtransSnapApiImpl.createTransactionToken(MidtransSnapApiImpl.java:38)
	at com.audrio.backendbakrie.service.impl.PaymentServiceImpl.createTransactionToken(PaymentServiceImpl.java:45)
	at com.audrio.backendbakrie.service.impl.OrderServiceImpl.createOrder(OrderServiceImpl.java:109)
	at java.base/jdk.internal.reflect.DirectMethodHandleAccessor.invoke(DirectMethodHandleAccessor.java:103)
	at java.base/java.lang.reflect.Method.invoke(Method.java:580)
	at org.springframework.aop.support.AopUtils.invokeJoinpointUsingReflection(AopUtils.java:360)
	at org.springframework.aop.framework.ReflectiveMethodInvocation.invokeJoinpoint(ReflectiveMethodInvocation.java:196)
	at org.springframework.aop.framework.ReflectiveMethodInvocation.proceed(ReflectiveMethodInvocation.java:163)
	at org.springframework.transaction.interceptor.TransactionAspectSupport.invokeWithinTransaction(TransactionAspectSupport.java:380)
	at org.springframework.transaction.interceptor.TransactionInterceptor.invoke(TransactionInterceptor.java:119)
	at org.springframework.aop.framework.ReflectiveMethodInvocation.proceed(ReflectiveMethodInvocation.java:184)
	at org.springframework.aop.framework.CglibAopProxy$DynamicAdvisedInterceptor.intercept(CglibAopProxy.java:728)
	at com.audrio.backendbakrie.service.impl.OrderServiceImpl$$SpringCGLIB$$0.createOrder(<generated>)
	at com.audrio.backendbakrie.controller.OrderController.createOrder(OrderController.java:30)
	at java.base/jdk.internal.reflect.DirectMethodHandleAccessor.invoke(DirectMethodHandleAccessor.java:103)
	at java.base/java.lang.reflect.Method.invoke(Method.java:580)
	at org.springframework.web.method.support.InvocableHandlerMethod.doInvoke(InvocableHandlerMethod.java:258)
	at org.springframework.web.method.support.InvocableHandlerMethod.invokeForRequest(InvocableHandlerMethod.java:191)
	at org.springframework.web.servlet.mvc.method.annotation.ServletInvocableHandlerMethod.invokeAndHandle(ServletInvocableHandlerMethod.java:118)
	at org.springframework.web.servlet.mvc.method.annotation.RequestMappingHandlerAdapter.invokeHandlerMethod(RequestMappingHandlerAdapter.java:991)
	at org.springframework.web.servlet.mvc.method.annotation.RequestMappingHandlerAdapter.handleInternal(RequestMappingHandlerAdapter.java:896)
	at org.springframework.web.servlet.mvc.method.AbstractHandlerMethodAdapter.handle(AbstractHandlerMethodAdapter.java:87)
	at org.springframework.web.servlet.DispatcherServlet.doDispatch(DispatcherServlet.java:1089)
	at org.springframework.web.servlet.DispatcherServlet.doService(DispatcherServlet.java:979)
	at org.springframework.web.servlet.FrameworkServlet.processRequest(FrameworkServlet.java:1014)
	at org.springframework.web.servlet.FrameworkServlet.doPost(FrameworkServlet.java:914)
	at jakarta.servlet.http.HttpServlet.service(HttpServlet.java:590)
	at org.springframework.web.servlet.FrameworkServlet.service(FrameworkServlet.java:885)
	at jakarta.servlet.http.HttpServlet.service(HttpServlet.java:658)
	at org.apache.catalina.core.ApplicationFilterChain.internalDoFilter(ApplicationFilterChain.java:193)
	at org.apache.catalina.core.ApplicationFilterChain.doFilter(ApplicationFilterChain.java:138)
	at org.apache.tomcat.websocket.server.WsFilter.doFilter(WsFilter.java:51)
	at org.apache.catalina.core.ApplicationFilterChain.internalDoFilter(ApplicationFilterChain.java:162)
	at org.apache.catalina.core.ApplicationFilterChain.doFilter(ApplicationFilterChain.java:138)
	at org.springframework.web.filter.OncePerRequestFilter.doFilter(OncePerRequestFilter.java:110)
	at org.apache.catalina.core.ApplicationFilterChain.internalDoFilter(ApplicationFilterChain.java:162)
	at org.apache.catalina.core.ApplicationFilterChain.doFilter(ApplicationFilterChain.java:138)
	at org.springframework.web.filter.CompositeFilter$VirtualFilterChain.doFilter(CompositeFilter.java:108)
	at org.springframework.web.filter.CompositeFilter$VirtualFilterChain.doFilter(CompositeFilter.java:108)
	at org.springframework.security.web.FilterChainProxy.lambda$doFilterInternal$3(FilterChainProxy.java:231)
	at org.springframework.security.web.FilterChainProxy$VirtualFilterChain.doFilter(FilterChainProxy.java:365)
	at org.springframework.security.web.access.intercept.AuthorizationFilter.doFilter(AuthorizationFilter.java:101)
	at org.springframework.security.web.FilterChainProxy$VirtualFilterChain.doFilter(FilterChainProxy.java:374)
	at org.springframework.security.web.access.ExceptionTranslationFilter.doFilter(ExceptionTranslationFilter.java:125)
	at org.springframework.security.web.access.ExceptionTranslationFilter.doFilter(ExceptionTranslationFilter.java:119)
	at org.springframework.security.web.FilterChainProxy$VirtualFilterChain.doFilter(FilterChainProxy.java:374)
	at org.springframework.security.web.session.SessionManagementFilter.doFilter(SessionManagementFilter.java:131)
	at org.springframework.security.web.session.SessionManagementFilter.doFilter(SessionManagementFilter.java:85)
	at org.springframework.security.web.FilterChainProxy$VirtualFilterChain.doFilter(FilterChainProxy.java:374)
	at org.springframework.security.web.authentication.AnonymousAuthenticationFilter.doFilter(AnonymousAuthenticationFilter.java:100)
	at org.springframework.security.web.FilterChainProxy$VirtualFilterChain.doFilter(FilterChainProxy.java:374)
	at org.springframework.security.web.servletapi.SecurityContextHolderAwareRequestFilter.doFilter(SecurityContextHolderAwareRequestFilter.java:179)
	at org.springframework.security.web.FilterChainProxy$VirtualFilterChain.doFilter(FilterChainProxy.java:374)
	at org.springframework.security.web.savedrequest.RequestCacheAwareFilter.doFilter(RequestCacheAwareFilter.java:63)
	at org.springframework.security.web.FilterChainProxy$VirtualFilterChain.doFilter(FilterChainProxy.java:374)
	at com.audrio.backendbakrie.config.JwtAuthenticationFilter.doFilterInternal(JwtAuthenticationFilter.java:131)
	at org.springframework.web.filter.OncePerRequestFilter.doFilter(OncePerRequestFilter.java:116)
	at org.springframework.security.web.FilterChainProxy$VirtualFilterChain.doFilter(FilterChainProxy.java:374)
	at org.springframework.security.web.authentication.logout.LogoutFilter.doFilter(LogoutFilter.java:107)
	at org.springframework.security.web.authentication.logout.LogoutFilter.doFilter(LogoutFilter.java:93)
	at org.springframework.security.web.FilterChainProxy$VirtualFilterChain.doFilter(FilterChainProxy.java:374)
	at org.springframework.web.filter.CorsFilter.doFilterInternal(CorsFilter.java:91)
	at org.springframework.web.filter.OncePerRequestFilter.doFilter(OncePerRequestFilter.java:116)
	at org.springframework.security.web.FilterChainProxy$VirtualFilterChain.doFilter(FilterChainProxy.java:374)
	at org.springframework.security.web.header.HeaderWriterFilter.doHeadersAfter(HeaderWriterFilter.java:90)
	at org.springframework.security.web.header.HeaderWriterFilter.doFilterInternal(HeaderWriterFilter.java:75)
	at org.springframework.web.filter.OncePerRequestFilter.doFilter(OncePerRequestFilter.java:116)
	at org.springframework.security.web.FilterChainProxy$VirtualFilterChain.doFilter(FilterChainProxy.java:374)
	at org.springframework.security.web.context.SecurityContextHolderFilter.doFilter(SecurityContextHolderFilter.java:82)
	at org.springframework.security.web.context.SecurityContextHolderFilter.doFilter(SecurityContextHolderFilter.java:69)
	at org.springframework.security.web.FilterChainProxy$VirtualFilterChain.doFilter(FilterChainProxy.java:374)
	at org.springframework.security.web.context.request.async.WebAsyncManagerIntegrationFilter.doFilterInternal(WebAsyncManagerIntegrationFilter.java:62)
	at org.springframework.web.filter.OncePerRequestFilter.doFilter(OncePerRequestFilter.java:116)
	at org.springframework.security.web.FilterChainProxy$VirtualFilterChain.doFilter(FilterChainProxy.java:374)
	at org.springframework.security.web.session.DisableEncodeUrlFilter.doFilterInternal(DisableEncodeUrlFilter.java:42)
	at org.springframework.web.filter.OncePerRequestFilter.doFilter(OncePerRequestFilter.java:116)
	at org.springframework.security.web.FilterChainProxy$VirtualFilterChain.doFilter(FilterChainProxy.java:374)
	at org.springframework.security.web.FilterChainProxy.doFilterInternal(FilterChainProxy.java:233)
	at org.springframework.security.web.FilterChainProxy.doFilter(FilterChainProxy.java:191)
	at org.springframework.web.filter.CompositeFilter$VirtualFilterChain.doFilter(CompositeFilter.java:113)
	at org.springframework.web.filter.ServletRequestPathFilter.doFilter(ServletRequestPathFilter.java:52)
	at org.springframework.web.filter.CompositeFilter$VirtualFilterChain.doFilter(CompositeFilter.java:113)
	at org.springframework.web.filter.CompositeFilter.doFilter(CompositeFilter.java:74)
	at org.springframework.security.config.annotation.web.configuration.WebSecurityConfiguration$CompositeFilterChainProxy.doFilter(WebSecurityConfiguration.java:319)
	at org.springframework.web.filter.CompositeFilter$VirtualFilterChain.doFilter(CompositeFilter.java:113)
	at org.springframework.web.servlet.handler.HandlerMappingIntrospector.lambda$createCacheFilter$4(HandlerMappingIntrospector.java:267)
	at org.springframework.web.filter.CompositeFilter$VirtualFilterChain.doFilter(CompositeFilter.java:113)
	at org.springframework.web.filter.CompositeFilter.doFilter(CompositeFilter.java:74)
	at org.springframework.security.config.annotation.web.configuration.WebMvcSecurityConfiguration$CompositeFilterChainProxy.doFilter(WebMvcSecurityConfiguration.java:240)
	at org.springframework.web.filter.DelegatingFilterProxy.invokeDelegate(DelegatingFilterProxy.java:362)
	at org.springframework.web.filter.DelegatingFilterProxy.doFilter(DelegatingFilterProxy.java:278)
	at org.apache.catalina.core.ApplicationFilterChain.internalDoFilter(ApplicationFilterChain.java:162)
	at org.apache.catalina.core.ApplicationFilterChain.doFilter(ApplicationFilterChain.java:138)
	at org.springframework.web.filter.RequestContextFilter.doFilterInternal(RequestContextFilter.java:100)
	at org.springframework.web.filter.OncePerRequestFilter.doFilter(OncePerRequestFilter.java:116)
	at org.apache.catalina.core.ApplicationFilterChain.internalDoFilter(ApplicationFilterChain.java:162)
	at org.apache.catalina.core.ApplicationFilterChain.doFilter(ApplicationFilterChain.java:138)
	at org.springframework.web.filter.FormContentFilter.doFilterInternal(FormContentFilter.java:93)
	at org.springframework.web.filter.OncePerRequestFilter.doFilter(OncePerRequestFilter.java:116)
	at org.apache.catalina.core.ApplicationFilterChain.internalDoFilter(ApplicationFilterChain.java:162)
	at org.apache.catalina.core.ApplicationFilterChain.doFilter(ApplicationFilterChain.java:138)
	at org.springframework.web.filter.CharacterEncodingFilter.doFilterInternal(CharacterEncodingFilter.java:201)
	at org.springframework.web.filter.OncePerRequestFilter.doFilter(OncePerRequestFilter.java:116)
	at org.apache.catalina.core.ApplicationFilterChain.internalDoFilter(ApplicationFilterChain.java:162)
	at org.apache.catalina.core.ApplicationFilterChain.doFilter(ApplicationFilterChain.java:138)
	at org.apache.catalina.core.StandardWrapperValve.invoke(StandardWrapperValve.java:165)
	at org.apache.catalina.core.StandardContextValve.invoke(StandardContextValve.java:88)
	at org.apache.catalina.authenticator.AuthenticatorBase.invoke(AuthenticatorBase.java:482)
	at org.apache.catalina.core.StandardHostValve.invoke(StandardHostValve.java:113)
	at org.apache.catalina.valves.ErrorReportValve.invoke(ErrorReportValve.java:83)
	at org.apache.catalina.core.StandardEngineValve.invoke(StandardEngineValve.java:72)
	at org.apache.catalina.connector.CoyoteAdapter.service(CoyoteAdapter.java:342)
	at org.apache.coyote.http11.Http11Processor.service(Http11Processor.java:399)
	at org.apache.coyote.AbstractProcessorLight.process(AbstractProcessorLight.java:63)
	at org.apache.coyote.AbstractProtocol$ConnectionHandler.process(AbstractProtocol.java:903)
	at org.apache.tomcat.util.net.NioEndpoint$SocketProcessor.doRun(NioEndpoint.java:1774)
	at org.apache.tomcat.util.net.SocketProcessorBase.run(SocketProcessorBase.java:52)
	at org.apache.tomcat.util.threads.ThreadPoolExecutor.runWorker(ThreadPoolExecutor.java:973)
	at org.apache.tomcat.util.threads.ThreadPoolExecutor$Worker.run(ThreadPoolExecutor.java:491)
	at org.apache.tomcat.util.threads.TaskThread$WrappingRunnable.run(TaskThread.java:63)
	at java.base/java.lang.Thread.run(Thread.java:1583)
2025-11-30 07:54:59.025 [http-nio-9090-exec-1] DEBUG o.s.security.web.FilterChainProxy - Securing POST /error
2025-11-30 07:54:59.025 [http-nio-9090-exec-1] DEBUG o.s.s.w.a.AnonymousAuthenticationFilter - Set SecurityContextHolder to anonymous SecurityContext
2025-11-30 07:56:57.885 [SpringApplicationShutdownHook] INFO  o.s.b.w.e.tomcat.GracefulShutdown - Commencing graceful shutdown. Waiting for active requests to complete
2025-11-30 07:56:57.892 [tomcat-shutdown] INFO  o.s.b.w.e.tomcat.GracefulShutdown - Graceful shutdown complete
2025-11-30 07:56:57.897 [SpringApplicationShutdownHook] INFO  o.s.o.j.LocalContainerEntityManagerFactoryBean - Closing JPA EntityManagerFactory for persistence unit 'default'
2025-11-30 07:56:57.899 [SpringApplicationShutdownHook] INFO  com.zaxxer.hikari.HikariDataSource - HikariPool-1 - Shutdown initiated...
2025-11-30 07:56:57.905 [SpringApplicationShutdownHook] INFO  com.zaxxer.hikari.HikariDataSource - HikariPool-1 - Shutdown completed.
2025-11-30 07:57:03.140 [restartedMain] INFO  c.a.b.BackendBakrieApplication - Starting BackendBakrieApplication using Java 21.0.8 with PID 34060 (D:\Documents\Bakrie-Store-PI\backend-bakrie\target\classes started by LEGION in D:\Documents\Bakrie-Store-PI)
2025-11-30 07:57:03.140 [restartedMain] DEBUG c.a.b.BackendBakrieApplication - Running with Spring Boot v3.5.7, Spring v6.2.12
2025-11-30 07:57:03.140 [restartedMain] INFO  c.a.b.BackendBakrieApplication - No active profile set, falling back to 1 default profile: "default"
2025-11-30 07:57:03.168 [restartedMain] INFO  o.s.b.d.e.DevToolsPropertyDefaultsPostProcessor - Devtools property defaults active! Set 'spring.devtools.add-properties' to 'false' to disable
2025-11-30 07:57:03.168 [restartedMain] INFO  o.s.b.d.e.DevToolsPropertyDefaultsPostProcessor - For additional web related logging consider setting the 'logging.level.web' property to 'DEBUG'
2025-11-30 07:57:03.563 [restartedMain] INFO  o.s.d.r.c.RepositoryConfigurationDelegate - Bootstrapping Spring Data JPA repositories in DEFAULT mode.
2025-11-30 07:57:03.607 [restartedMain] INFO  o.s.d.r.c.RepositoryConfigurationDelegate - Finished Spring Data repository scanning in 40 ms. Found 9 JPA repository interfaces.
2025-11-30 07:57:03.947 [restartedMain] INFO  o.s.b.w.e.tomcat.TomcatWebServer - Tomcat initialized with port 9090 (http)
2025-11-30 07:57:03.953 [restartedMain] INFO  o.a.catalina.core.StandardService - Starting service [Tomcat]
2025-11-30 07:57:03.953 [restartedMain] INFO  o.a.catalina.core.StandardEngine - Starting Servlet engine: [Apache Tomcat/10.1.48]
2025-11-30 07:57:03.987 [restartedMain] INFO  o.a.c.c.C.[.[localhost].[/api/v1.0] - Initializing Spring embedded WebApplicationContext
2025-11-30 07:57:03.987 [restartedMain] INFO  o.s.b.w.s.c.ServletWebServerApplicationContext - Root WebApplicationContext: initialization completed in 819 ms
2025-11-30 07:57:04.069 [restartedMain] INFO  o.h.jpa.internal.util.LogHelper - HHH000204: Processing PersistenceUnitInfo [name: default]
2025-11-30 07:57:04.091 [restartedMain] INFO  org.hibernate.Version - HHH000412: Hibernate ORM core version 6.6.33.Final
2025-11-30 07:57:04.107 [restartedMain] INFO  o.h.c.i.RegionFactoryInitiator - HHH000026: Second-level cache disabled
2025-11-30 07:57:04.252 [restartedMain] INFO  o.s.o.j.p.SpringPersistenceUnitInfo - No LoadTimeWeaver setup: ignoring JPA class transformer
2025-11-30 07:57:04.266 [restartedMain] INFO  com.zaxxer.hikari.HikariDataSource - HikariPool-1 - Starting...
2025-11-30 07:57:04.448 [restartedMain] INFO  com.zaxxer.hikari.pool.HikariPool - HikariPool-1 - Added connection com.mysql.cj.jdbc.ConnectionImpl@675ec56f
2025-11-30 07:57:04.449 [restartedMain] INFO  com.zaxxer.hikari.HikariDataSource - HikariPool-1 - Start completed.
2025-11-30 07:57:04.480 [restartedMain] WARN  org.hibernate.orm.deprecation - HHH90000025: MySQL8Dialect does not need to be specified explicitly using 'hibernate.dialect' (remove the property setting and it will be selected by default)
2025-11-30 07:57:04.480 [restartedMain] WARN  org.hibernate.orm.deprecation - HHH90000026: MySQL8Dialect has been deprecated; use org.hibernate.dialect.MySQLDialect instead
2025-11-30 07:57:04.489 [restartedMain] INFO  o.hibernate.orm.connections.pooling - HHH10001005: Database info:
	Database JDBC URL [Connecting through datasource 'HikariDataSource (HikariPool-1)']
	Database driver: undefined/unknown
	Database version: 8.0
	Autocommit mode: undefined/unknown
	Isolation level: undefined/unknown
	Minimum pool size: undefined/unknown
	Maximum pool size: undefined/unknown
2025-11-30 07:57:05.154 [restartedMain] INFO  o.h.e.t.j.p.i.JtaPlatformInitiator - HHH000489: No JTA platform available (set 'hibernate.transaction.jta.platform' to enable JTA platform integration)
2025-11-30 07:57:05.245 [restartedMain] INFO  o.s.o.j.LocalContainerEntityManagerFactoryBean - Initialized JPA EntityManagerFactory for persistence unit 'default'
2025-11-30 07:57:05.413 [restartedMain] INFO  o.s.d.j.r.query.QueryEnhancerFactory - Hibernate is in classpath; If applicable, HQL parser will be used.
2025-11-30 07:57:05.759 [restartedMain] DEBUG c.a.b.config.JwtAuthenticationFilter - Filter 'jwtAuthenticationFilter' configured for use
2025-11-30 07:57:05.837 [restartedMain] INFO  o.s.s.c.a.a.c.InitializeAuthenticationProviderBeanManagerConfigurer$InitializeAuthenticationProviderManagerConfigurer - Global AuthenticationManager configured with AuthenticationProvider bean with name authenticationProvider
2025-11-30 07:57:05.837 [restartedMain] WARN  o.s.s.c.a.a.c.InitializeUserDetailsBeanManagerConfigurer$InitializeUserDetailsManagerConfigurer - Global AuthenticationManager configured with an AuthenticationProvider bean. UserDetailsService beans will not be used by Spring Security for automatically configuring username/password login. Consider removing the AuthenticationProvider bean. Alternatively, consider using the UserDetailsService in a manually instantiated DaoAuthenticationProvider. If the current configuration is intentional, to turn off this warning, increase the logging level of 'org.springframework.security.config.annotation.authentication.configuration.InitializeUserDetailsBeanManagerConfigurer' to ERROR
2025-11-30 07:57:05.934 [restartedMain] WARN  o.s.b.a.o.j.JpaBaseConfiguration$JpaWebConfiguration - spring.jpa.open-in-view is enabled by default. Therefore, database queries may be performed during view rendering. Explicitly configure spring.jpa.open-in-view to disable this warning
2025-11-30 07:57:06.089 [restartedMain] DEBUG o.s.s.web.DefaultSecurityFilterChain - Will secure any request with filters: DisableEncodeUrlFilter, WebAsyncManagerIntegrationFilter, SecurityContextHolderFilter, HeaderWriterFilter, CorsFilter, LogoutFilter, JwtAuthenticationFilter, RequestCacheAwareFilter, SecurityContextHolderAwareRequestFilter, AnonymousAuthenticationFilter, SessionManagementFilter, ExceptionTranslationFilter, AuthorizationFilter
2025-11-30 07:57:06.222 [restartedMain] INFO  o.s.b.d.a.OptionalLiveReloadServer - LiveReload server is running on port 35729
2025-11-30 07:57:06.252 [restartedMain] INFO  o.s.b.w.e.tomcat.TomcatWebServer - Tomcat started on port 9090 (http) with context path '/api/v1.0'
2025-11-30 07:57:06.257 [restartedMain] INFO  c.a.b.BackendBakrieApplication - Started BackendBakrieApplication in 3.401 seconds (process running for 3.769)
2025-11-30 07:57:28.066 [http-nio-9090-exec-1] INFO  o.a.c.c.C.[.[localhost].[/api/v1.0] - Initializing Spring DispatcherServlet 'dispatcherServlet'
2025-11-30 07:57:28.067 [http-nio-9090-exec-1] INFO  o.s.web.servlet.DispatcherServlet - Initializing Servlet 'dispatcherServlet'
2025-11-30 07:57:28.067 [http-nio-9090-exec-1] INFO  o.s.web.servlet.DispatcherServlet - Completed initialization in 0 ms
2025-11-30 07:57:28.084 [http-nio-9090-exec-1] DEBUG o.s.security.web.FilterChainProxy - Securing OPTIONS /public/products/fetchProducts
2025-11-30 07:57:28.084 [http-nio-9090-exec-4] DEBUG o.s.security.web.FilterChainProxy - Securing OPTIONS /customer/myprofile
2025-11-30 07:57:28.084 [http-nio-9090-exec-3] DEBUG o.s.security.web.FilterChainProxy - Securing OPTIONS /customer/myprofile
2025-11-30 07:57:28.084 [http-nio-9090-exec-2] DEBUG o.s.security.web.FilterChainProxy - Securing OPTIONS /public/products/fetchProducts
2025-11-30 07:57:28.107 [http-nio-9090-exec-5] DEBUG o.s.security.web.FilterChainProxy - Securing GET /public/products/fetchProducts
2025-11-30 07:57:28.107 [http-nio-9090-exec-7] DEBUG o.s.security.web.FilterChainProxy - Securing GET /customer/myprofile
2025-11-30 07:57:28.107 [http-nio-9090-exec-8] DEBUG o.s.security.web.FilterChainProxy - Securing GET /customer/myprofile
2025-11-30 07:57:28.107 [http-nio-9090-exec-6] DEBUG o.s.security.web.FilterChainProxy - Securing GET /public/products/fetchProducts
2025-11-30 07:57:28.108 [http-nio-9090-exec-6] DEBUG c.a.b.config.JwtAuthenticationFilter - >>> Request GET /api/v1.0/public/products/fetchProducts
2025-11-30 07:57:28.108 [http-nio-9090-exec-7] DEBUG c.a.b.config.JwtAuthenticationFilter - >>> Request GET /api/v1.0/customer/myprofile
2025-11-30 07:57:28.108 [http-nio-9090-exec-5] DEBUG c.a.b.config.JwtAuthenticationFilter - >>> Request GET /api/v1.0/public/products/fetchProducts
2025-11-30 07:57:28.108 [http-nio-9090-exec-8] DEBUG c.a.b.config.JwtAuthenticationFilter - >>> Request GET /api/v1.0/customer/myprofile
2025-11-30 07:57:28.108 [http-nio-9090-exec-7] DEBUG c.a.b.config.JwtAuthenticationFilter - Token received (first 20 chars): eyJhbGciOiJIUzI1NiJ9...
2025-11-30 07:57:28.108 [http-nio-9090-exec-8] DEBUG c.a.b.config.JwtAuthenticationFilter - Token received (first 20 chars): eyJhbGciOiJIUzI1NiJ9...
2025-11-30 07:57:28.108 [http-nio-9090-exec-6] DEBUG c.a.b.config.JwtAuthenticationFilter - Token received (first 20 chars): eyJhbGciOiJIUzI1NiJ9...
2025-11-30 07:57:28.108 [http-nio-9090-exec-5] DEBUG c.a.b.config.JwtAuthenticationFilter - Token received (first 20 chars): eyJhbGciOiJIUzI1NiJ9...
2025-11-30 07:57:28.293 [http-nio-9090-exec-7] INFO  c.a.b.config.JwtAuthenticationFilter - Authorities for audrio8802@gmail.com: [ROLE_CUSTOMER]
2025-11-30 07:57:28.293 [http-nio-9090-exec-5] INFO  c.a.b.config.JwtAuthenticationFilter - Authorities for audrio8802@gmail.com: [ROLE_CUSTOMER]
2025-11-30 07:57:28.293 [http-nio-9090-exec-8] INFO  c.a.b.config.JwtAuthenticationFilter - Authorities for audrio8802@gmail.com: [ROLE_CUSTOMER]
2025-11-30 07:57:28.293 [http-nio-9090-exec-6] INFO  c.a.b.config.JwtAuthenticationFilter - Authorities for audrio8802@gmail.com: [ROLE_CUSTOMER]
2025-11-30 07:57:28.295 [http-nio-9090-exec-7] DEBUG c.a.b.config.JwtAuthenticationFilter - Authenticated user from JWT: audrio8802@gmail.com
2025-11-30 07:57:28.295 [http-nio-9090-exec-5] DEBUG c.a.b.config.JwtAuthenticationFilter - Authenticated user from JWT: audrio8802@gmail.com
2025-11-30 07:57:28.295 [http-nio-9090-exec-6] DEBUG c.a.b.config.JwtAuthenticationFilter - Authenticated user from JWT: audrio8802@gmail.com
2025-11-30 07:57:28.295 [http-nio-9090-exec-8] DEBUG c.a.b.config.JwtAuthenticationFilter - Authenticated user from JWT: audrio8802@gmail.com
2025-11-30 07:57:28.295 [http-nio-9090-exec-5] INFO  c.a.b.config.JwtAuthenticationFilter - Authenticated user: audrio8802@gmail.com
2025-11-30 07:57:28.295 [http-nio-9090-exec-7] INFO  c.a.b.config.JwtAuthenticationFilter - Authenticated user: audrio8802@gmail.com
2025-11-30 07:57:28.295 [http-nio-9090-exec-8] INFO  c.a.b.config.JwtAuthenticationFilter - Authenticated user: audrio8802@gmail.com
2025-11-30 07:57:28.295 [http-nio-9090-exec-7] INFO  c.a.b.config.JwtAuthenticationFilter - Authorities: [ROLE_CUSTOMER]
2025-11-30 07:57:28.295 [http-nio-9090-exec-5] INFO  c.a.b.config.JwtAuthenticationFilter - Authorities: [ROLE_CUSTOMER]
2025-11-30 07:57:28.295 [http-nio-9090-exec-8] INFO  c.a.b.config.JwtAuthenticationFilter - Authorities: [ROLE_CUSTOMER]
2025-11-30 07:57:28.295 [http-nio-9090-exec-6] INFO  c.a.b.config.JwtAuthenticationFilter - Authenticated user: audrio8802@gmail.com
2025-11-30 07:57:28.295 [http-nio-9090-exec-6] INFO  c.a.b.config.JwtAuthenticationFilter - Authorities: [ROLE_CUSTOMER]
2025-11-30 07:57:28.300 [http-nio-9090-exec-7] DEBUG o.s.security.web.FilterChainProxy - Secured GET /customer/myprofile
2025-11-30 07:57:28.300 [http-nio-9090-exec-6] DEBUG o.s.security.web.FilterChainProxy - Secured GET /public/products/fetchProducts
2025-11-30 07:57:28.300 [http-nio-9090-exec-8] DEBUG o.s.security.web.FilterChainProxy - Secured GET /customer/myprofile
2025-11-30 07:57:28.300 [http-nio-9090-exec-5] DEBUG o.s.security.web.FilterChainProxy - Secured GET /public/products/fetchProducts
2025-11-30 07:57:28.315 [http-nio-9090-exec-6] INFO  c.a.b.controller.ProductController - Method : GET | Endpoint : /public/products/fetchProducts | Payload : 200 OK
2025-11-30 07:57:28.315 [http-nio-9090-exec-5] INFO  c.a.b.controller.ProductController - Method : GET | Endpoint : /public/products/fetchProducts | Payload : 200 OK
2025-11-30 07:57:28.326 [http-nio-9090-exec-7] INFO  c.a.b.controller.CustomerController - Method : GET | Endpoint : /customer/myprofile | Payload : Bearer eyJhbGciOiJIUzI1NiJ9.eyJyb2xlIjoiQ1VTVE9NRVIiLCJwdXJwb3NlIjoiYWNjZXNzIiwic3ViIjoiYXVkcmlvODgwMkBnbWFpbC5jb20iLCJpYXQiOjE3NjQ0NTA3NTUsImV4cCI6MTc2NDUzNzE1NX0.NF7S5I2pgZvEF_ScdLmZq6zuhRA4p5dQm2FHP35hdYY
2025-11-30 07:57:28.326 [http-nio-9090-exec-8] INFO  c.a.b.controller.CustomerController - Method : GET | Endpoint : /customer/myprofile | Payload : Bearer eyJhbGciOiJIUzI1NiJ9.eyJyb2xlIjoiQ1VTVE9NRVIiLCJwdXJwb3NlIjoiYWNjZXNzIiwic3ViIjoiYXVkcmlvODgwMkBnbWFpbC5jb20iLCJpYXQiOjE3NjQ0NTA3NTUsImV4cCI6MTc2NDUzNzE1NX0.NF7S5I2pgZvEF_ScdLmZq6zuhRA4p5dQm2FHP35hdYY
2025-11-30 07:57:28.326 [http-nio-9090-exec-8] INFO  c.a.b.s.impl.CustomerServiceImpl - GET CUSTOMER PROFILE START | EMAIL: audrio8802@gmail.com
2025-11-30 07:57:28.326 [http-nio-9090-exec-7] INFO  c.a.b.s.impl.CustomerServiceImpl - GET CUSTOMER PROFILE START | EMAIL: audrio8802@gmail.com
2025-11-30 07:57:28.332 [http-nio-9090-exec-8] INFO  c.a.b.s.impl.CustomerServiceImpl - GET CUSTOMER PROFILE SUCCESS
2025-11-30 07:57:28.332 [http-nio-9090-exec-7] INFO  c.a.b.s.impl.CustomerServiceImpl - GET CUSTOMER PROFILE SUCCESS
2025-11-30 07:57:28.332 [http-nio-9090-exec-7] DEBUG c.a.b.s.impl.CustomerServiceImpl - Converting entity to response for customer ID: 49b697a8-c144-4145-a894-e32477c12451
2025-11-30 07:57:28.332 [http-nio-9090-exec-8] DEBUG c.a.b.s.impl.CustomerServiceImpl - Converting entity to response for customer ID: 49b697a8-c144-4145-a894-e32477c12451
2025-11-30 07:57:28.400 [http-nio-9090-exec-9] DEBUG o.s.security.web.FilterChainProxy - Securing OPTIONS /customer/order/49b697a8-c144-4145-a894-e32477c12451
2025-11-30 07:57:28.400 [http-nio-9090-exec-10] DEBUG o.s.security.web.FilterChainProxy - Securing OPTIONS /customer/cart/mycart/49b697a8-c144-4145-a894-e32477c12451
2025-11-30 07:57:28.404 [http-nio-9090-exec-1] DEBUG o.s.security.web.FilterChainProxy - Securing GET /customer/order/49b697a8-c144-4145-a894-e32477c12451
2025-11-30 07:57:28.404 [http-nio-9090-exec-2] DEBUG o.s.security.web.FilterChainProxy - Securing GET /customer/cart/mycart/49b697a8-c144-4145-a894-e32477c12451
2025-11-30 07:57:28.404 [http-nio-9090-exec-1] DEBUG c.a.b.config.JwtAuthenticationFilter - >>> Request GET /api/v1.0/customer/order/49b697a8-c144-4145-a894-e32477c12451
2025-11-30 07:57:28.404 [http-nio-9090-exec-1] DEBUG c.a.b.config.JwtAuthenticationFilter - Token received (first 20 chars): eyJhbGciOiJIUzI1NiJ9...
2025-11-30 07:57:28.404 [http-nio-9090-exec-2] DEBUG c.a.b.config.JwtAuthenticationFilter - >>> Request GET /api/v1.0/customer/cart/mycart/49b697a8-c144-4145-a894-e32477c12451
2025-11-30 07:57:28.404 [http-nio-9090-exec-2] DEBUG c.a.b.config.JwtAuthenticationFilter - Token received (first 20 chars): eyJhbGciOiJIUzI1NiJ9...
2025-11-30 07:57:28.410 [http-nio-9090-exec-1] INFO  c.a.b.config.JwtAuthenticationFilter - Authorities for audrio8802@gmail.com: [ROLE_CUSTOMER]
2025-11-30 07:57:28.411 [http-nio-9090-exec-1] DEBUG c.a.b.config.JwtAuthenticationFilter - Authenticated user from JWT: audrio8802@gmail.com
2025-11-30 07:57:28.411 [http-nio-9090-exec-1] INFO  c.a.b.config.JwtAuthenticationFilter - Authenticated user: audrio8802@gmail.com
2025-11-30 07:57:28.411 [http-nio-9090-exec-1] INFO  c.a.b.config.JwtAuthenticationFilter - Authorities: [ROLE_CUSTOMER]
2025-11-30 07:57:28.411 [http-nio-9090-exec-1] DEBUG o.s.security.web.FilterChainProxy - Secured GET /customer/order/49b697a8-c144-4145-a894-e32477c12451
2025-11-30 07:57:28.411 [http-nio-9090-exec-2] INFO  c.a.b.config.JwtAuthenticationFilter - Authorities for audrio8802@gmail.com: [ROLE_CUSTOMER]
2025-11-30 07:57:28.411 [http-nio-9090-exec-2] DEBUG c.a.b.config.JwtAuthenticationFilter - Authenticated user from JWT: audrio8802@gmail.com
2025-11-30 07:57:28.411 [http-nio-9090-exec-2] INFO  c.a.b.config.JwtAuthenticationFilter - Authenticated user: audrio8802@gmail.com
2025-11-30 07:57:28.411 [http-nio-9090-exec-2] INFO  c.a.b.config.JwtAuthenticationFilter - Authorities: [ROLE_CUSTOMER]
2025-11-30 07:57:28.411 [http-nio-9090-exec-2] DEBUG o.s.security.web.FilterChainProxy - Secured GET /customer/cart/mycart/49b697a8-c144-4145-a894-e32477c12451
2025-11-30 07:57:28.412 [http-nio-9090-exec-1] INFO  c.a.b.controller.OrderController - REQUEST ORDERS BY CUSTOMER → 49b697a8-c144-4145-a894-e32477c12451
2025-11-30 07:57:28.412 [http-nio-9090-exec-2] INFO  c.a.b.controller.CartController - GET /customer/mycart/49b697a8-c144-4145-a894-e32477c12451
2025-11-30 07:57:28.413 [http-nio-9090-exec-1] DEBUG c.a.b.service.impl.OrderServiceImpl - Request daftar order customer → ID: 49b697a8-c144-4145-a894-e32477c12451
2025-11-30 07:57:37.913 [http-nio-9090-exec-4] DEBUG o.s.security.web.FilterChainProxy - Securing OPTIONS /customer/order/create
2025-11-30 07:57:37.915 [http-nio-9090-exec-3] DEBUG o.s.security.web.FilterChainProxy - Securing POST /customer/order/create
2025-11-30 07:57:37.915 [http-nio-9090-exec-3] DEBUG c.a.b.config.JwtAuthenticationFilter - >>> Request POST /api/v1.0/customer/order/create
2025-11-30 07:57:37.915 [http-nio-9090-exec-3] DEBUG c.a.b.config.JwtAuthenticationFilter - Token received (first 20 chars): eyJhbGciOiJIUzI1NiJ9...
2025-11-30 07:57:37.922 [http-nio-9090-exec-3] INFO  c.a.b.config.JwtAuthenticationFilter - Authorities for audrio8802@gmail.com: [ROLE_CUSTOMER]
2025-11-30 07:57:37.922 [http-nio-9090-exec-3] DEBUG c.a.b.config.JwtAuthenticationFilter - Authenticated user from JWT: audrio8802@gmail.com
2025-11-30 07:57:37.922 [http-nio-9090-exec-3] INFO  c.a.b.config.JwtAuthenticationFilter - Authenticated user: audrio8802@gmail.com
2025-11-30 07:57:37.922 [http-nio-9090-exec-3] INFO  c.a.b.config.JwtAuthenticationFilter - Authorities: [ROLE_CUSTOMER]
2025-11-30 07:57:37.922 [http-nio-9090-exec-3] DEBUG o.s.security.web.FilterChainProxy - Secured POST /customer/order/create
2025-11-30 07:57:37.956 [http-nio-9090-exec-3] INFO  c.a.b.controller.OrderController - RECEIVED CREATE ORDER → customerId: 49b697a8-c144-4145-a894-e32477c12451, items: 2
2025-11-30 07:57:37.956 [http-nio-9090-exec-3] INFO  c.a.b.service.impl.OrderServiceImpl - === MEMULAI PEMBUATAN ORDER BARU ===
2025-11-30 07:57:37.956 [http-nio-9090-exec-3] INFO  c.a.b.service.impl.OrderServiceImpl - Request dari customerId: 49b697a8-c144-4145-a894-e32477c12451
2025-11-30 07:57:37.956 [http-nio-9090-exec-3] INFO  c.a.b.service.impl.OrderServiceImpl - Alamat pengiriman: JL.Sudirman
2025-11-30 07:57:37.956 [http-nio-9090-exec-3] INFO  c.a.b.service.impl.OrderServiceImpl - Jumlah item di keranjang: 2
2025-11-30 07:57:37.956 [http-nio-9090-exec-3] INFO  c.a.b.service.impl.OrderServiceImpl - Customer ditemukan: Zwita Sianturi (audrio8802@gmail.com)
2025-11-30 07:57:37.956 [http-nio-9090-exec-3] INFO  c.a.b.service.impl.OrderServiceImpl - Order number yang digenerate: ORD-20251130-0001
2025-11-30 07:57:37.956 [http-nio-9090-exec-3] DEBUG c.a.b.service.impl.OrderServiceImpl - Check stock → Product: Butter Brioche (ID: 09cc3466-71b5-492a-9320-7c1dadbccc30), Stock saat ini: 80, Diminta: 3
2025-11-30 07:57:37.956 [http-nio-9090-exec-3] INFO  c.a.b.service.impl.OrderServiceImpl - Item ditambahkan → Butter Brioche × 3 (Rp 22000.0, subtotal Rp 66000.0)
2025-11-30 07:57:37.969 [http-nio-9090-exec-3] DEBUG c.a.b.service.impl.OrderServiceImpl - Check stock → Product: Cinnamon Roll Classic (ID: 1b1d7cdd-b551-468e-b399-bcf98cdf8051), Stock saat ini: 70, Diminta: 1
2025-11-30 07:57:37.969 [http-nio-9090-exec-3] INFO  c.a.b.service.impl.OrderServiceImpl - Item ditambahkan → Cinnamon Roll Classic × 1 (Rp 25000.0, subtotal Rp 25000.0)
2025-11-30 07:57:37.989 [http-nio-9090-exec-3] INFO  c.a.b.s.impl.PaymentServiceImpl - Midtrans Config v3.0.0 → Production: false, ServerKey: SET
2025-11-30 07:57:38.078 [http-nio-9090-exec-3] INFO  okhttp3.OkHttpClient - --> POST https://app.sandbox.midtrans.com/snap/v1/transactions
2025-11-30 07:57:38.078 [http-nio-9090-exec-3] INFO  okhttp3.OkHttpClient - Content-Type: application/json; charset=utf-8
2025-11-30 07:57:38.078 [http-nio-9090-exec-3] INFO  okhttp3.OkHttpClient - Content-Length: 538
2025-11-30 07:57:38.078 [http-nio-9090-exec-3] INFO  okhttp3.OkHttpClient - 
2025-11-30 07:57:38.078 [http-nio-9090-exec-3] INFO  okhttp3.OkHttpClient - {"item_details":[{"name":"Butter Brioche","quantity":3,"id":"09cc3466-71b5-492a-9320-7c1dadbccc30","price":22000},{"name":"Cinnamon Roll Classic","quantity":1,"id":"1b1d7cdd-b551-468e-b399-bcf98cdf8051","price":25000},{"name":"Biaya Pengiriman","quantity":1,"id":"SHIPPING","price":15000},{"name":"Biaya Layanan","quantity":1,"id":"SERVICE","price":2000}],"customer_details":{"phone":"082150272529","first_name":"Zwita Sianturi","email":"audrio8802@gmail.com"},"transaction_details":{"order_id":"ORD-20251130-0001","gross_amount":108000}}
2025-11-30 07:57:38.078 [http-nio-9090-exec-3] INFO  okhttp3.OkHttpClient - --> END POST (538-byte body)
2025-11-30 07:57:38.446 [http-nio-9090-exec-3] INFO  okhttp3.OkHttpClient - <-- 201 https://app.sandbox.midtrans.com/snap/v1/transactions (364ms)
2025-11-30 07:57:38.446 [http-nio-9090-exec-3] INFO  okhttp3.OkHttpClient - location: http://snap.i.b-id-ca-eks-01.gopay.sh/snap/v1/transactions/63153c7b-d71e-4c8a-b6fe-d95d7ef0a9c7
2025-11-30 07:57:38.446 [http-nio-9090-exec-3] INFO  okhttp3.OkHttpClient - content-type: application/json; charset=utf-8
2025-11-30 07:57:38.446 [http-nio-9090-exec-3] INFO  okhttp3.OkHttpClient - vary: Accept,Accept-Encoding
2025-11-30 07:57:38.446 [http-nio-9090-exec-3] INFO  okhttp3.OkHttpClient - x-request-id: 7dbdcf7e-fe12-4b5b-9fab-117c890c9e7c
2025-11-30 07:57:38.446 [http-nio-9090-exec-3] INFO  okhttp3.OkHttpClient - referrer-policy: origin-when-cross-origin
2025-11-30 07:57:38.446 [http-nio-9090-exec-3] INFO  okhttp3.OkHttpClient - x-content-type-options: nosniff
2025-11-30 07:57:38.446 [http-nio-9090-exec-3] INFO  okhttp3.OkHttpClient - x-download-options: noopen
2025-11-30 07:57:38.446 [http-nio-9090-exec-3] INFO  okhttp3.OkHttpClient - x-frame-options: SAMEORIGIN
2025-11-30 07:57:38.446 [http-nio-9090-exec-3] INFO  okhttp3.OkHttpClient - x-permitted-cross-domain-policies: none
2025-11-30 07:57:38.446 [http-nio-9090-exec-3] INFO  okhttp3.OkHttpClient - x-xss-protection: 1; mode=block
2025-11-30 07:57:38.446 [http-nio-9090-exec-3] INFO  okhttp3.OkHttpClient - x-envoy-upstream-service-time: 88
2025-11-30 07:57:38.446 [http-nio-9090-exec-3] INFO  okhttp3.OkHttpClient - date: Sun, 30 Nov 2025 00:57:37 GMT
2025-11-30 07:57:38.446 [http-nio-9090-exec-3] INFO  okhttp3.OkHttpClient - server: istio-envoy
2025-11-30 07:57:38.446 [http-nio-9090-exec-3] INFO  okhttp3.OkHttpClient - 
2025-11-30 07:57:38.446 [http-nio-9090-exec-3] INFO  okhttp3.OkHttpClient - {"token":"63153c7b-d71e-4c8a-b6fe-d95d7ef0a9c7","redirect_url":"https://app.sandbox.midtrans.com/snap/v4/redirection/63153c7b-d71e-4c8a-b6fe-d95d7ef0a9c7"}
2025-11-30 07:57:38.446 [http-nio-9090-exec-3] INFO  okhttp3.OkHttpClient - <-- END HTTP (155-byte body)
2025-11-30 07:57:38.456 [http-nio-9090-exec-3] INFO  c.a.b.s.impl.PaymentServiceImpl - Token Midtrans berhasil dibuat untuk order: ORD-20251130-0001
2025-11-30 07:57:38.476 [http-nio-9090-exec-3] ERROR o.a.c.c.C.[.[.[.0.[dispatcherServlet] - Servlet.service() for servlet [dispatcherServlet] in context with path [/api/v1.0] threw exception [Request processing failed: org.springframework.orm.ObjectOptimisticLockingFailureException: Row was updated or deleted by another transaction (or unsaved-value mapping was incorrect): [com.audrio.backendbakrie.entity.Transactions#b8048dda-f2b5-4ea1-8b42-d94dbf94c635]] with root cause
org.hibernate.StaleObjectStateException: Row was updated or deleted by another transaction (or unsaved-value mapping was incorrect): [com.audrio.backendbakrie.entity.Transactions#b8048dda-f2b5-4ea1-8b42-d94dbf94c635]
	at org.hibernate.event.internal.DefaultMergeEventListener.entityIsDetached(DefaultMergeEventListener.java:426)
	at org.hibernate.event.internal.DefaultMergeEventListener.merge(DefaultMergeEventListener.java:214)
	at org.hibernate.event.internal.DefaultMergeEventListener.doMerge(DefaultMergeEventListener.java:152)
	at org.hibernate.event.internal.DefaultMergeEventListener.onMerge(DefaultMergeEventListener.java:136)
	at org.hibernate.event.internal.DefaultMergeEventListener.onMerge(DefaultMergeEventListener.java:89)
	at org.hibernate.event.service.internal.EventListenerGroupImpl.fireEventOnEachListener(EventListenerGroupImpl.java:127)
	at org.hibernate.internal.SessionImpl.fireMerge(SessionImpl.java:854)
	at org.hibernate.internal.SessionImpl.merge(SessionImpl.java:840)
	at java.base/jdk.internal.reflect.DirectMethodHandleAccessor.invoke(DirectMethodHandleAccessor.java:103)
	at java.base/java.lang.reflect.Method.invoke(Method.java:580)
	at org.springframework.orm.jpa.ExtendedEntityManagerCreator$ExtendedEntityManagerInvocationHandler.invoke(ExtendedEntityManagerCreator.java:364)
	at jdk.proxy4/jdk.proxy4.$Proxy144.merge(Unknown Source)
	at java.base/jdk.internal.reflect.DirectMethodHandleAccessor.invoke(DirectMethodHandleAccessor.java:103)
	at java.base/java.lang.reflect.Method.invoke(Method.java:580)
	at org.springframework.orm.jpa.SharedEntityManagerCreator$SharedEntityManagerInvocationHandler.invoke(SharedEntityManagerCreator.java:320)
	at jdk.proxy4/jdk.proxy4.$Proxy144.merge(Unknown Source)
	at org.springframework.data.jpa.repository.support.SimpleJpaRepository.save(SimpleJpaRepository.java:657)
	at java.base/jdk.internal.reflect.DirectMethodHandleAccessor.invoke(DirectMethodHandleAccessor.java:103)
	at java.base/java.lang.reflect.Method.invoke(Method.java:580)
	at org.springframework.aop.support.AopUtils.invokeJoinpointUsingReflection(AopUtils.java:360)
	at org.springframework.data.repository.core.support.RepositoryMethodInvoker$RepositoryFragmentMethodInvoker.lambda$new$0(RepositoryMethodInvoker.java:277)
	at org.springframework.data.repository.core.support.RepositoryMethodInvoker.doInvoke(RepositoryMethodInvoker.java:170)
	at org.springframework.data.repository.core.support.RepositoryMethodInvoker.invoke(RepositoryMethodInvoker.java:158)
	at org.springframework.data.repository.core.support.RepositoryComposition$RepositoryFragments.invoke(RepositoryComposition.java:515)
	at org.springframework.data.repository.core.support.RepositoryComposition.invoke(RepositoryComposition.java:284)
	at org.springframework.data.repository.core.support.RepositoryFactorySupport$ImplementationMethodExecutionInterceptor.invoke(RepositoryFactorySupport.java:734)
	at org.springframework.aop.framework.ReflectiveMethodInvocation.proceed(ReflectiveMethodInvocation.java:184)
	at org.springframework.data.repository.core.support.QueryExecutorMethodInterceptor.doInvoke(QueryExecutorMethodInterceptor.java:174)
	at org.springframework.data.repository.core.support.QueryExecutorMethodInterceptor.invoke(QueryExecutorMethodInterceptor.java:149)
	at org.springframework.aop.framework.ReflectiveMethodInvocation.proceed(ReflectiveMethodInvocation.java:184)
	at org.springframework.data.projection.DefaultMethodInvokingMethodInterceptor.invoke(DefaultMethodInvokingMethodInterceptor.java:69)
	at org.springframework.aop.framework.ReflectiveMethodInvocation.proceed(ReflectiveMethodInvocation.java:184)
	at org.springframework.transaction.interceptor.TransactionAspectSupport.invokeWithinTransaction(TransactionAspectSupport.java:380)
	at org.springframework.transaction.interceptor.TransactionInterceptor.invoke(TransactionInterceptor.java:119)
	at org.springframework.aop.framework.ReflectiveMethodInvocation.proceed(ReflectiveMethodInvocation.java:184)
	at org.springframework.dao.support.PersistenceExceptionTranslationInterceptor.invoke(PersistenceExceptionTranslationInterceptor.java:138)
	at org.springframework.aop.framework.ReflectiveMethodInvocation.proceed(ReflectiveMethodInvocation.java:184)
	at org.springframework.data.jpa.repository.support.CrudMethodMetadataPostProcessor$CrudMethodMetadataPopulatingMethodInterceptor.invoke(CrudMethodMetadataPostProcessor.java:165)
	at org.springframework.aop.framework.ReflectiveMethodInvocation.proceed(ReflectiveMethodInvocation.java:184)
	at org.springframework.aop.framework.JdkDynamicAopProxy.invoke(JdkDynamicAopProxy.java:223)
	at jdk.proxy4/jdk.proxy4.$Proxy165.save(Unknown Source)
	at com.audrio.backendbakrie.service.impl.OrderServiceImpl.createOrder(OrderServiceImpl.java:112)
	at java.base/jdk.internal.reflect.DirectMethodHandleAccessor.invoke(DirectMethodHandleAccessor.java:103)
	at java.base/java.lang.reflect.Method.invoke(Method.java:580)
	at org.springframework.aop.support.AopUtils.invokeJoinpointUsingReflection(AopUtils.java:360)
	at org.springframework.aop.framework.ReflectiveMethodInvocation.invokeJoinpoint(ReflectiveMethodInvocation.java:196)
	at org.springframework.aop.framework.ReflectiveMethodInvocation.proceed(ReflectiveMethodInvocation.java:163)
	at org.springframework.transaction.interceptor.TransactionAspectSupport.invokeWithinTransaction(TransactionAspectSupport.java:380)
	at org.springframework.transaction.interceptor.TransactionInterceptor.invoke(TransactionInterceptor.java:119)
	at org.springframework.aop.framework.ReflectiveMethodInvocation.proceed(ReflectiveMethodInvocation.java:184)
	at org.springframework.aop.framework.CglibAopProxy$DynamicAdvisedInterceptor.intercept(CglibAopProxy.java:728)
	at com.audrio.backendbakrie.service.impl.OrderServiceImpl$$SpringCGLIB$$0.createOrder(<generated>)
	at com.audrio.backendbakrie.controller.OrderController.createOrder(OrderController.java:30)
	at java.base/jdk.internal.reflect.DirectMethodHandleAccessor.invoke(DirectMethodHandleAccessor.java:103)
	at java.base/java.lang.reflect.Method.invoke(Method.java:580)
	at org.springframework.web.method.support.InvocableHandlerMethod.doInvoke(InvocableHandlerMethod.java:258)
	at org.springframework.web.method.support.InvocableHandlerMethod.invokeForRequest(InvocableHandlerMethod.java:191)
	at org.springframework.web.servlet.mvc.method.annotation.ServletInvocableHandlerMethod.invokeAndHandle(ServletInvocableHandlerMethod.java:118)
	at org.springframework.web.servlet.mvc.method.annotation.RequestMappingHandlerAdapter.invokeHandlerMethod(RequestMappingHandlerAdapter.java:991)
	at org.springframework.web.servlet.mvc.method.annotation.RequestMappingHandlerAdapter.handleInternal(RequestMappingHandlerAdapter.java:896)
	at org.springframework.web.servlet.mvc.method.AbstractHandlerMethodAdapter.handle(AbstractHandlerMethodAdapter.java:87)
	at org.springframework.web.servlet.DispatcherServlet.doDispatch(DispatcherServlet.java:1089)
	at org.springframework.web.servlet.DispatcherServlet.doService(DispatcherServlet.java:979)
	at org.springframework.web.servlet.FrameworkServlet.processRequest(FrameworkServlet.java:1014)
	at org.springframework.web.servlet.FrameworkServlet.doPost(FrameworkServlet.java:914)
	at jakarta.servlet.http.HttpServlet.service(HttpServlet.java:590)
	at org.springframework.web.servlet.FrameworkServlet.service(FrameworkServlet.java:885)
	at jakarta.servlet.http.HttpServlet.service(HttpServlet.java:658)
	at org.apache.catalina.core.ApplicationFilterChain.internalDoFilter(ApplicationFilterChain.java:193)
	at org.apache.catalina.core.ApplicationFilterChain.doFilter(ApplicationFilterChain.java:138)
	at org.apache.tomcat.websocket.server.WsFilter.doFilter(WsFilter.java:51)
	at org.apache.catalina.core.ApplicationFilterChain.internalDoFilter(ApplicationFilterChain.java:162)
	at org.apache.catalina.core.ApplicationFilterChain.doFilter(ApplicationFilterChain.java:138)
	at org.springframework.web.filter.OncePerRequestFilter.doFilter(OncePerRequestFilter.java:110)
	at org.apache.catalina.core.ApplicationFilterChain.internalDoFilter(ApplicationFilterChain.java:162)
	at org.apache.catalina.core.ApplicationFilterChain.doFilter(ApplicationFilterChain.java:138)
	at org.springframework.web.filter.CompositeFilter$VirtualFilterChain.doFilter(CompositeFilter.java:108)
	at org.springframework.web.filter.CompositeFilter$VirtualFilterChain.doFilter(CompositeFilter.java:108)
	at org.springframework.security.web.FilterChainProxy.lambda$doFilterInternal$3(FilterChainProxy.java:231)
	at org.springframework.security.web.FilterChainProxy$VirtualFilterChain.doFilter(FilterChainProxy.java:365)
	at org.springframework.security.web.access.intercept.AuthorizationFilter.doFilter(AuthorizationFilter.java:101)
	at org.springframework.security.web.FilterChainProxy$VirtualFilterChain.doFilter(FilterChainProxy.java:374)
	at org.springframework.security.web.access.ExceptionTranslationFilter.doFilter(ExceptionTranslationFilter.java:125)
	at org.springframework.security.web.access.ExceptionTranslationFilter.doFilter(ExceptionTranslationFilter.java:119)
	at org.springframework.security.web.FilterChainProxy$VirtualFilterChain.doFilter(FilterChainProxy.java:374)
	at org.springframework.security.web.session.SessionManagementFilter.doFilter(SessionManagementFilter.java:131)
	at org.springframework.security.web.session.SessionManagementFilter.doFilter(SessionManagementFilter.java:85)
	at org.springframework.security.web.FilterChainProxy$VirtualFilterChain.doFilter(FilterChainProxy.java:374)
	at org.springframework.security.web.authentication.AnonymousAuthenticationFilter.doFilter(AnonymousAuthenticationFilter.java:100)
	at org.springframework.security.web.FilterChainProxy$VirtualFilterChain.doFilter(FilterChainProxy.java:374)
	at org.springframework.security.web.servletapi.SecurityContextHolderAwareRequestFilter.doFilter(SecurityContextHolderAwareRequestFilter.java:179)
	at org.springframework.security.web.FilterChainProxy$VirtualFilterChain.doFilter(FilterChainProxy.java:374)
	at org.springframework.security.web.savedrequest.RequestCacheAwareFilter.doFilter(RequestCacheAwareFilter.java:63)
	at org.springframework.security.web.FilterChainProxy$VirtualFilterChain.doFilter(FilterChainProxy.java:374)
	at com.audrio.backendbakrie.config.JwtAuthenticationFilter.doFilterInternal(JwtAuthenticationFilter.java:131)
	at org.springframework.web.filter.OncePerRequestFilter.doFilter(OncePerRequestFilter.java:116)
	at org.springframework.security.web.FilterChainProxy$VirtualFilterChain.doFilter(FilterChainProxy.java:374)
	at org.springframework.security.web.authentication.logout.LogoutFilter.doFilter(LogoutFilter.java:107)
	at org.springframework.security.web.authentication.logout.LogoutFilter.doFilter(LogoutFilter.java:93)
	at org.springframework.security.web.FilterChainProxy$VirtualFilterChain.doFilter(FilterChainProxy.java:374)
	at org.springframework.web.filter.CorsFilter.doFilterInternal(CorsFilter.java:91)
	at org.springframework.web.filter.OncePerRequestFilter.doFilter(OncePerRequestFilter.java:116)
	at org.springframework.security.web.FilterChainProxy$VirtualFilterChain.doFilter(FilterChainProxy.java:374)
	at org.springframework.security.web.header.HeaderWriterFilter.doHeadersAfter(HeaderWriterFilter.java:90)
	at org.springframework.security.web.header.HeaderWriterFilter.doFilterInternal(HeaderWriterFilter.java:75)
	at org.springframework.web.filter.OncePerRequestFilter.doFilter(OncePerRequestFilter.java:116)
	at org.springframework.security.web.FilterChainProxy$VirtualFilterChain.doFilter(FilterChainProxy.java:374)
	at org.springframework.security.web.context.SecurityContextHolderFilter.doFilter(SecurityContextHolderFilter.java:82)
	at org.springframework.security.web.context.SecurityContextHolderFilter.doFilter(SecurityContextHolderFilter.java:69)
	at org.springframework.security.web.FilterChainProxy$VirtualFilterChain.doFilter(FilterChainProxy.java:374)
	at org.springframework.security.web.context.request.async.WebAsyncManagerIntegrationFilter.doFilterInternal(WebAsyncManagerIntegrationFilter.java:62)
	at org.springframework.web.filter.OncePerRequestFilter.doFilter(OncePerRequestFilter.java:116)
	at org.springframework.security.web.FilterChainProxy$VirtualFilterChain.doFilter(FilterChainProxy.java:374)
	at org.springframework.security.web.session.DisableEncodeUrlFilter.doFilterInternal(DisableEncodeUrlFilter.java:42)
	at org.springframework.web.filter.OncePerRequestFilter.doFilter(OncePerRequestFilter.java:116)
	at org.springframework.security.web.FilterChainProxy$VirtualFilterChain.doFilter(FilterChainProxy.java:374)
	at org.springframework.security.web.FilterChainProxy.doFilterInternal(FilterChainProxy.java:233)
	at org.springframework.security.web.FilterChainProxy.doFilter(FilterChainProxy.java:191)
	at org.springframework.web.filter.CompositeFilter$VirtualFilterChain.doFilter(CompositeFilter.java:113)
	at org.springframework.web.filter.ServletRequestPathFilter.doFilter(ServletRequestPathFilter.java:52)
	at org.springframework.web.filter.CompositeFilter$VirtualFilterChain.doFilter(CompositeFilter.java:113)
	at org.springframework.web.filter.CompositeFilter.doFilter(CompositeFilter.java:74)
	at org.springframework.security.config.annotation.web.configuration.WebSecurityConfiguration$CompositeFilterChainProxy.doFilter(WebSecurityConfiguration.java:319)
	at org.springframework.web.filter.CompositeFilter$VirtualFilterChain.doFilter(CompositeFilter.java:113)
	at org.springframework.web.servlet.handler.HandlerMappingIntrospector.lambda$createCacheFilter$4(HandlerMappingIntrospector.java:267)
	at org.springframework.web.filter.CompositeFilter$VirtualFilterChain.doFilter(CompositeFilter.java:113)
	at org.springframework.web.filter.CompositeFilter.doFilter(CompositeFilter.java:74)
	at org.springframework.security.config.annotation.web.configuration.WebMvcSecurityConfiguration$CompositeFilterChainProxy.doFilter(WebMvcSecurityConfiguration.java:240)
	at org.springframework.web.filter.DelegatingFilterProxy.invokeDelegate(DelegatingFilterProxy.java:362)
	at org.springframework.web.filter.DelegatingFilterProxy.doFilter(DelegatingFilterProxy.java:278)
	at org.apache.catalina.core.ApplicationFilterChain.internalDoFilter(ApplicationFilterChain.java:162)
	at org.apache.catalina.core.ApplicationFilterChain.doFilter(ApplicationFilterChain.java:138)
	at org.springframework.web.filter.RequestContextFilter.doFilterInternal(RequestContextFilter.java:100)
	at org.springframework.web.filter.OncePerRequestFilter.doFilter(OncePerRequestFilter.java:116)
	at org.apache.catalina.core.ApplicationFilterChain.internalDoFilter(ApplicationFilterChain.java:162)
	at org.apache.catalina.core.ApplicationFilterChain.doFilter(ApplicationFilterChain.java:138)
	at org.springframework.web.filter.FormContentFilter.doFilterInternal(FormContentFilter.java:93)
	at org.springframework.web.filter.OncePerRequestFilter.doFilter(OncePerRequestFilter.java:116)
	at org.apache.catalina.core.ApplicationFilterChain.internalDoFilter(ApplicationFilterChain.java:162)
	at org.apache.catalina.core.ApplicationFilterChain.doFilter(ApplicationFilterChain.java:138)
	at org.springframework.web.filter.CharacterEncodingFilter.doFilterInternal(CharacterEncodingFilter.java:201)
	at org.springframework.web.filter.OncePerRequestFilter.doFilter(OncePerRequestFilter.java:116)
	at org.apache.catalina.core.ApplicationFilterChain.internalDoFilter(ApplicationFilterChain.java:162)
	at org.apache.catalina.core.ApplicationFilterChain.doFilter(ApplicationFilterChain.java:138)
	at org.apache.catalina.core.StandardWrapperValve.invoke(StandardWrapperValve.java:165)
	at org.apache.catalina.core.StandardContextValve.invoke(StandardContextValve.java:88)
	at org.apache.catalina.authenticator.AuthenticatorBase.invoke(AuthenticatorBase.java:482)
	at org.apache.catalina.core.StandardHostValve.invoke(StandardHostValve.java:113)
	at org.apache.catalina.valves.ErrorReportValve.invoke(ErrorReportValve.java:83)
	at org.apache.catalina.core.StandardEngineValve.invoke(StandardEngineValve.java:72)
	at org.apache.catalina.connector.CoyoteAdapter.service(CoyoteAdapter.java:342)
	at org.apache.coyote.http11.Http11Processor.service(Http11Processor.java:399)
	at org.apache.coyote.AbstractProcessorLight.process(AbstractProcessorLight.java:63)
	at org.apache.coyote.AbstractProtocol$ConnectionHandler.process(AbstractProtocol.java:903)
	at org.apache.tomcat.util.net.NioEndpoint$SocketProcessor.doRun(NioEndpoint.java:1774)
	at org.apache.tomcat.util.net.SocketProcessorBase.run(SocketProcessorBase.java:52)
	at org.apache.tomcat.util.threads.ThreadPoolExecutor.runWorker(ThreadPoolExecutor.java:973)
	at org.apache.tomcat.util.threads.ThreadPoolExecutor$Worker.run(ThreadPoolExecutor.java:491)
	at org.apache.tomcat.util.threads.TaskThread$WrappingRunnable.run(TaskThread.java:63)
	at java.base/java.lang.Thread.run(Thread.java:1583)
2025-11-30 07:57:38.476 [http-nio-9090-exec-3] DEBUG o.s.security.web.FilterChainProxy - Securing POST /error
2025-11-30 07:57:38.476 [http-nio-9090-exec-3] DEBUG o.s.s.w.a.AnonymousAuthenticationFilter - Set SecurityContextHolder to anonymous SecurityContext
2025-11-30 07:59:52.051 [SpringApplicationShutdownHook] INFO  o.s.b.w.e.tomcat.GracefulShutdown - Commencing graceful shutdown. Waiting for active requests to complete
2025-11-30 07:59:52.058 [tomcat-shutdown] INFO  o.s.b.w.e.tomcat.GracefulShutdown - Graceful shutdown complete
2025-11-30 07:59:52.061 [SpringApplicationShutdownHook] INFO  o.s.o.j.LocalContainerEntityManagerFactoryBean - Closing JPA EntityManagerFactory for persistence unit 'default'
2025-11-30 07:59:52.063 [SpringApplicationShutdownHook] INFO  com.zaxxer.hikari.HikariDataSource - HikariPool-1 - Shutdown initiated...
2025-11-30 07:59:52.066 [SpringApplicationShutdownHook] INFO  com.zaxxer.hikari.HikariDataSource - HikariPool-1 - Shutdown completed.
2025-11-30 07:59:57.427 [restartedMain] INFO  c.a.b.BackendBakrieApplication - Starting BackendBakrieApplication using Java 21.0.8 with PID 35340 (D:\Documents\Bakrie-Store-PI\backend-bakrie\target\classes started by LEGION in D:\Documents\Bakrie-Store-PI)
2025-11-30 07:59:57.427 [restartedMain] DEBUG c.a.b.BackendBakrieApplication - Running with Spring Boot v3.5.7, Spring v6.2.12
2025-11-30 07:59:57.428 [restartedMain] INFO  c.a.b.BackendBakrieApplication - No active profile set, falling back to 1 default profile: "default"
2025-11-30 07:59:57.479 [restartedMain] INFO  o.s.b.d.e.DevToolsPropertyDefaultsPostProcessor - Devtools property defaults active! Set 'spring.devtools.add-properties' to 'false' to disable
2025-11-30 07:59:57.479 [restartedMain] INFO  o.s.b.d.e.DevToolsPropertyDefaultsPostProcessor - For additional web related logging consider setting the 'logging.level.web' property to 'DEBUG'
2025-11-30 07:59:58.019 [restartedMain] INFO  o.s.d.r.c.RepositoryConfigurationDelegate - Bootstrapping Spring Data JPA repositories in DEFAULT mode.
2025-11-30 07:59:58.070 [restartedMain] INFO  o.s.d.r.c.RepositoryConfigurationDelegate - Finished Spring Data repository scanning in 41 ms. Found 9 JPA repository interfaces.
2025-11-30 07:59:58.408 [restartedMain] INFO  o.s.b.w.e.tomcat.TomcatWebServer - Tomcat initialized with port 9090 (http)
2025-11-30 07:59:58.418 [restartedMain] INFO  o.a.catalina.core.StandardService - Starting service [Tomcat]
2025-11-30 07:59:58.418 [restartedMain] INFO  o.a.catalina.core.StandardEngine - Starting Servlet engine: [Apache Tomcat/10.1.48]
2025-11-30 07:59:58.448 [restartedMain] INFO  o.a.c.c.C.[.[localhost].[/api/v1.0] - Initializing Spring embedded WebApplicationContext
2025-11-30 07:59:58.448 [restartedMain] INFO  o.s.b.w.s.c.ServletWebServerApplicationContext - Root WebApplicationContext: initialization completed in 969 ms
2025-11-30 07:59:58.539 [restartedMain] INFO  o.h.jpa.internal.util.LogHelper - HHH000204: Processing PersistenceUnitInfo [name: default]
2025-11-30 07:59:58.569 [restartedMain] INFO  org.hibernate.Version - HHH000412: Hibernate ORM core version 6.6.33.Final
2025-11-30 07:59:58.588 [restartedMain] INFO  o.h.c.i.RegionFactoryInitiator - HHH000026: Second-level cache disabled
2025-11-30 07:59:58.743 [restartedMain] INFO  o.s.o.j.p.SpringPersistenceUnitInfo - No LoadTimeWeaver setup: ignoring JPA class transformer
2025-11-30 07:59:58.758 [restartedMain] INFO  com.zaxxer.hikari.HikariDataSource - HikariPool-1 - Starting...
2025-11-30 07:59:58.969 [restartedMain] INFO  com.zaxxer.hikari.pool.HikariPool - HikariPool-1 - Added connection com.mysql.cj.jdbc.ConnectionImpl@293ea064
2025-11-30 07:59:58.971 [restartedMain] INFO  com.zaxxer.hikari.HikariDataSource - HikariPool-1 - Start completed.
2025-11-30 07:59:59.006 [restartedMain] WARN  org.hibernate.orm.deprecation - HHH90000025: MySQL8Dialect does not need to be specified explicitly using 'hibernate.dialect' (remove the property setting and it will be selected by default)
2025-11-30 07:59:59.006 [restartedMain] WARN  org.hibernate.orm.deprecation - HHH90000026: MySQL8Dialect has been deprecated; use org.hibernate.dialect.MySQLDialect instead
2025-11-30 07:59:59.014 [restartedMain] INFO  o.hibernate.orm.connections.pooling - HHH10001005: Database info:
	Database JDBC URL [Connecting through datasource 'HikariDataSource (HikariPool-1)']
	Database driver: undefined/unknown
	Database version: 8.0
	Autocommit mode: undefined/unknown
	Isolation level: undefined/unknown
	Minimum pool size: undefined/unknown
	Maximum pool size: undefined/unknown
2025-11-30 07:59:59.864 [restartedMain] INFO  o.h.e.t.j.p.i.JtaPlatformInitiator - HHH000489: No JTA platform available (set 'hibernate.transaction.jta.platform' to enable JTA platform integration)
2025-11-30 07:59:59.996 [restartedMain] INFO  o.s.o.j.LocalContainerEntityManagerFactoryBean - Initialized JPA EntityManagerFactory for persistence unit 'default'
2025-11-30 08:00:00.276 [restartedMain] INFO  o.s.d.j.r.query.QueryEnhancerFactory - Hibernate is in classpath; If applicable, HQL parser will be used.
2025-11-30 08:00:00.635 [restartedMain] DEBUG c.a.b.config.JwtAuthenticationFilter - Filter 'jwtAuthenticationFilter' configured for use
2025-11-30 08:00:00.698 [restartedMain] INFO  o.s.s.c.a.a.c.InitializeAuthenticationProviderBeanManagerConfigurer$InitializeAuthenticationProviderManagerConfigurer - Global AuthenticationManager configured with AuthenticationProvider bean with name authenticationProvider
2025-11-30 08:00:00.698 [restartedMain] WARN  o.s.s.c.a.a.c.InitializeUserDetailsBeanManagerConfigurer$InitializeUserDetailsManagerConfigurer - Global AuthenticationManager configured with an AuthenticationProvider bean. UserDetailsService beans will not be used by Spring Security for automatically configuring username/password login. Consider removing the AuthenticationProvider bean. Alternatively, consider using the UserDetailsService in a manually instantiated DaoAuthenticationProvider. If the current configuration is intentional, to turn off this warning, increase the logging level of 'org.springframework.security.config.annotation.authentication.configuration.InitializeUserDetailsBeanManagerConfigurer' to ERROR
2025-11-30 08:00:00.815 [restartedMain] WARN  o.s.b.a.o.j.JpaBaseConfiguration$JpaWebConfiguration - spring.jpa.open-in-view is enabled by default. Therefore, database queries may be performed during view rendering. Explicitly configure spring.jpa.open-in-view to disable this warning
2025-11-30 08:00:00.985 [restartedMain] DEBUG o.s.s.web.DefaultSecurityFilterChain - Will secure any request with filters: DisableEncodeUrlFilter, WebAsyncManagerIntegrationFilter, SecurityContextHolderFilter, HeaderWriterFilter, CorsFilter, LogoutFilter, JwtAuthenticationFilter, RequestCacheAwareFilter, SecurityContextHolderAwareRequestFilter, AnonymousAuthenticationFilter, SessionManagementFilter, ExceptionTranslationFilter, AuthorizationFilter
2025-11-30 08:00:01.126 [restartedMain] INFO  o.s.b.d.a.OptionalLiveReloadServer - LiveReload server is running on port 35729
2025-11-30 08:00:01.153 [restartedMain] INFO  o.s.b.w.e.tomcat.TomcatWebServer - Tomcat started on port 9090 (http) with context path '/api/v1.0'
2025-11-30 08:00:01.158 [restartedMain] INFO  c.a.b.BackendBakrieApplication - Started BackendBakrieApplication in 4.034 seconds (process running for 4.41)
2025-11-30 08:00:03.051 [http-nio-9090-exec-1] INFO  o.a.c.c.C.[.[localhost].[/api/v1.0] - Initializing Spring DispatcherServlet 'dispatcherServlet'
2025-11-30 08:00:03.051 [http-nio-9090-exec-1] INFO  o.s.web.servlet.DispatcherServlet - Initializing Servlet 'dispatcherServlet'
2025-11-30 08:00:03.052 [http-nio-9090-exec-1] INFO  o.s.web.servlet.DispatcherServlet - Completed initialization in 0 ms
2025-11-30 08:00:03.065 [http-nio-9090-exec-1] DEBUG o.s.security.web.FilterChainProxy - Securing OPTIONS /customer/order/create
2025-11-30 08:00:03.082 [http-nio-9090-exec-2] DEBUG o.s.security.web.FilterChainProxy - Securing POST /customer/order/create
2025-11-30 08:00:03.084 [http-nio-9090-exec-2] DEBUG c.a.b.config.JwtAuthenticationFilter - >>> Request POST /api/v1.0/customer/order/create
2025-11-30 08:00:03.084 [http-nio-9090-exec-2] DEBUG c.a.b.config.JwtAuthenticationFilter - Token received (first 20 chars): eyJhbGciOiJIUzI1NiJ9...
2025-11-30 08:00:03.214 [http-nio-9090-exec-2] INFO  c.a.b.config.JwtAuthenticationFilter - Authorities for audrio8802@gmail.com: [ROLE_CUSTOMER]
2025-11-30 08:00:03.216 [http-nio-9090-exec-2] DEBUG c.a.b.config.JwtAuthenticationFilter - Authenticated user from JWT: audrio8802@gmail.com
2025-11-30 08:00:03.216 [http-nio-9090-exec-2] INFO  c.a.b.config.JwtAuthenticationFilter - Authenticated user: audrio8802@gmail.com
2025-11-30 08:00:03.216 [http-nio-9090-exec-2] INFO  c.a.b.config.JwtAuthenticationFilter - Authorities: [ROLE_CUSTOMER]
2025-11-30 08:00:03.219 [http-nio-9090-exec-2] DEBUG o.s.security.web.FilterChainProxy - Secured POST /customer/order/create
2025-11-30 08:00:03.271 [http-nio-9090-exec-2] INFO  c.a.b.controller.OrderController - RECEIVED CREATE ORDER → customerId: 49b697a8-c144-4145-a894-e32477c12451, items: 2
2025-11-30 08:00:03.275 [http-nio-9090-exec-2] INFO  c.a.b.service.impl.OrderServiceImpl - === MEMULAI PEMBUATAN ORDER BARU ===
2025-11-30 08:00:03.275 [http-nio-9090-exec-2] INFO  c.a.b.service.impl.OrderServiceImpl - Request dari customerId: 49b697a8-c144-4145-a894-e32477c12451
2025-11-30 08:00:03.275 [http-nio-9090-exec-2] INFO  c.a.b.service.impl.OrderServiceImpl - Alamat pengiriman: JL.Sudirman
2025-11-30 08:00:03.275 [http-nio-9090-exec-2] INFO  c.a.b.service.impl.OrderServiceImpl - Jumlah item di keranjang: 2
2025-11-30 08:00:03.283 [http-nio-9090-exec-2] INFO  c.a.b.service.impl.OrderServiceImpl - Customer ditemukan: Zwita Sianturi (audrio8802@gmail.com)
2025-11-30 08:00:03.284 [http-nio-9090-exec-2] INFO  c.a.b.service.impl.OrderServiceImpl - Order number yang digenerate: ORD-20251130-0001
2025-11-30 08:00:03.286 [http-nio-9090-exec-2] DEBUG c.a.b.service.impl.OrderServiceImpl - Check stock → Product: Butter Brioche (ID: 09cc3466-71b5-492a-9320-7c1dadbccc30), Stock saat ini: 80, Diminta: 3
2025-11-30 08:00:03.286 [http-nio-9090-exec-2] INFO  c.a.b.service.impl.OrderServiceImpl - Item ditambahkan → Butter Brioche × 3 (Rp 22000.0, subtotal Rp 66000.0)
2025-11-30 08:00:03.287 [http-nio-9090-exec-2] DEBUG c.a.b.service.impl.OrderServiceImpl - Check stock → Product: Cinnamon Roll Classic (ID: 1b1d7cdd-b551-468e-b399-bcf98cdf8051), Stock saat ini: 70, Diminta: 1
2025-11-30 08:00:03.287 [http-nio-9090-exec-2] INFO  c.a.b.service.impl.OrderServiceImpl - Item ditambahkan → Cinnamon Roll Classic × 1 (Rp 25000.0, subtotal Rp 25000.0)
2025-11-30 08:00:03.298 [http-nio-9090-exec-2] INFO  c.a.b.s.impl.PaymentServiceImpl - Midtrans Config v3.0.0 → Production: false, ServerKey: SET
2025-11-30 08:00:03.350 [http-nio-9090-exec-2] INFO  okhttp3.OkHttpClient - --> POST https://app.sandbox.midtrans.com/snap/v1/transactions
2025-11-30 08:00:03.350 [http-nio-9090-exec-2] INFO  okhttp3.OkHttpClient - Content-Type: application/json; charset=utf-8
2025-11-30 08:00:03.350 [http-nio-9090-exec-2] INFO  okhttp3.OkHttpClient - Content-Length: 538
2025-11-30 08:00:03.350 [http-nio-9090-exec-2] INFO  okhttp3.OkHttpClient - 
2025-11-30 08:00:03.350 [http-nio-9090-exec-2] INFO  okhttp3.OkHttpClient - {"item_details":[{"name":"Butter Brioche","quantity":3,"id":"09cc3466-71b5-492a-9320-7c1dadbccc30","price":22000},{"name":"Cinnamon Roll Classic","quantity":1,"id":"1b1d7cdd-b551-468e-b399-bcf98cdf8051","price":25000},{"name":"Biaya Pengiriman","quantity":1,"id":"SHIPPING","price":15000},{"name":"Biaya Layanan","quantity":1,"id":"SERVICE","price":2000}],"customer_details":{"phone":"082150272529","first_name":"Zwita Sianturi","email":"audrio8802@gmail.com"},"transaction_details":{"order_id":"ORD-20251130-0001","gross_amount":108000}}
2025-11-30 08:00:03.350 [http-nio-9090-exec-2] INFO  okhttp3.OkHttpClient - --> END POST (538-byte body)
2025-11-30 08:00:03.733 [http-nio-9090-exec-2] INFO  okhttp3.OkHttpClient - <-- 201 https://app.sandbox.midtrans.com/snap/v1/transactions (383ms)
2025-11-30 08:00:03.733 [http-nio-9090-exec-2] INFO  okhttp3.OkHttpClient - location: http://snap.i.b-id-ca-eks-01.gopay.sh/snap/v1/transactions/2a4d7fca-08a1-42f1-b01f-2f24eb18af95
2025-11-30 08:00:03.734 [http-nio-9090-exec-2] INFO  okhttp3.OkHttpClient - content-type: application/json; charset=utf-8
2025-11-30 08:00:03.734 [http-nio-9090-exec-2] INFO  okhttp3.OkHttpClient - vary: Accept,Accept-Encoding
2025-11-30 08:00:03.734 [http-nio-9090-exec-2] INFO  okhttp3.OkHttpClient - x-request-id: 30d3066c-4085-4d8b-b293-319d3f7d59b1
2025-11-30 08:00:03.734 [http-nio-9090-exec-2] INFO  okhttp3.OkHttpClient - referrer-policy: origin-when-cross-origin
2025-11-30 08:00:03.734 [http-nio-9090-exec-2] INFO  okhttp3.OkHttpClient - x-content-type-options: nosniff
2025-11-30 08:00:03.734 [http-nio-9090-exec-2] INFO  okhttp3.OkHttpClient - x-download-options: noopen
2025-11-30 08:00:03.734 [http-nio-9090-exec-2] INFO  okhttp3.OkHttpClient - x-frame-options: SAMEORIGIN
2025-11-30 08:00:03.734 [http-nio-9090-exec-2] INFO  okhttp3.OkHttpClient - x-permitted-cross-domain-policies: none
2025-11-30 08:00:03.734 [http-nio-9090-exec-2] INFO  okhttp3.OkHttpClient - x-xss-protection: 1; mode=block
2025-11-30 08:00:03.734 [http-nio-9090-exec-2] INFO  okhttp3.OkHttpClient - x-envoy-upstream-service-time: 98
2025-11-30 08:00:03.734 [http-nio-9090-exec-2] INFO  okhttp3.OkHttpClient - date: Sun, 30 Nov 2025 01:00:02 GMT
2025-11-30 08:00:03.734 [http-nio-9090-exec-2] INFO  okhttp3.OkHttpClient - server: istio-envoy
2025-11-30 08:00:03.734 [http-nio-9090-exec-2] INFO  okhttp3.OkHttpClient - 
2025-11-30 08:00:03.734 [http-nio-9090-exec-2] INFO  okhttp3.OkHttpClient - {"token":"2a4d7fca-08a1-42f1-b01f-2f24eb18af95","redirect_url":"https://app.sandbox.midtrans.com/snap/v4/redirection/2a4d7fca-08a1-42f1-b01f-2f24eb18af95"}
2025-11-30 08:00:03.734 [http-nio-9090-exec-2] INFO  okhttp3.OkHttpClient - <-- END HTTP (155-byte body)
2025-11-30 08:00:03.737 [http-nio-9090-exec-2] INFO  c.a.b.s.impl.PaymentServiceImpl - Token Midtrans berhasil dibuat untuk order: ORD-20251130-0001
2025-11-30 08:00:04.098 [http-nio-9090-exec-2] WARN  o.h.e.jdbc.spi.SqlExceptionHelper - SQL Error: 1366, SQLState: HY000
2025-11-30 08:00:04.098 [http-nio-9090-exec-2] ERROR o.h.e.jdbc.spi.SqlExceptionHelper - Incorrect string value: '\x9B0{\xC0E\x11...' for column 'id_order_detail' at row 1
2025-11-30 08:00:04.105 [http-nio-9090-exec-2] ERROR o.a.c.c.C.[.[.[.0.[dispatcherServlet] - Servlet.service() for servlet [dispatcherServlet] in context with path [/api/v1.0] threw exception [Request processing failed: org.springframework.orm.jpa.JpaSystemException: could not execute statement [Incorrect string value: '\x9B0{\xC0E\x11...' for column 'id_order_detail' at row 1] [insert into order_details (id_order,id_product,quantity,subtotal,unit_price,id_order_detail) values (?,?,?,?,?,?)]] with root cause
java.sql.SQLException: Incorrect string value: '\x9B0{\xC0E\x11...' for column 'id_order_detail' at row 1
	at com.mysql.cj.jdbc.exceptions.SQLError.createSQLException(SQLError.java:121)
	at com.mysql.cj.jdbc.exceptions.SQLExceptionsMapping.translateException(SQLExceptionsMapping.java:114)
	at com.mysql.cj.jdbc.ClientPreparedStatement.executeInternal(ClientPreparedStatement.java:988)
	at com.mysql.cj.jdbc.ClientPreparedStatement.executeUpdateInternal(ClientPreparedStatement.java:1166)
	at com.mysql.cj.jdbc.ClientPreparedStatement.executeUpdateInternal(ClientPreparedStatement.java:1101)
	at com.mysql.cj.jdbc.ClientPreparedStatement.executeLargeUpdate(ClientPreparedStatement.java:1448)
	at com.mysql.cj.jdbc.ClientPreparedStatement.executeUpdate(ClientPreparedStatement.java:1084)
	at com.zaxxer.hikari.pool.ProxyPreparedStatement.executeUpdate(ProxyPreparedStatement.java:61)
	at com.zaxxer.hikari.pool.HikariProxyPreparedStatement.executeUpdate(HikariProxyPreparedStatement.java)
	at org.hibernate.engine.jdbc.internal.ResultSetReturnImpl.executeUpdate(ResultSetReturnImpl.java:194)
	at org.hibernate.engine.jdbc.mutation.internal.AbstractMutationExecutor.performNonBatchedMutation(AbstractMutationExecutor.java:134)
	at org.hibernate.engine.jdbc.mutation.internal.MutationExecutorSingleNonBatched.performNonBatchedOperations(MutationExecutorSingleNonBatched.java:55)
	at org.hibernate.engine.jdbc.mutation.internal.AbstractMutationExecutor.execute(AbstractMutationExecutor.java:55)
	at org.hibernate.persister.entity.mutation.InsertCoordinatorStandard.doStaticInserts(InsertCoordinatorStandard.java:194)
	at org.hibernate.persister.entity.mutation.InsertCoordinatorStandard.coordinateInsert(InsertCoordinatorStandard.java:132)
	at org.hibernate.persister.entity.mutation.InsertCoordinatorStandard.insert(InsertCoordinatorStandard.java:104)
	at org.hibernate.action.internal.EntityInsertAction.execute(EntityInsertAction.java:110)
	at org.hibernate.engine.spi.ActionQueue.executeActions(ActionQueue.java:644)
	at org.hibernate.engine.spi.ActionQueue.executeActions(ActionQueue.java:511)
	at org.hibernate.event.internal.AbstractFlushingEventListener.performExecutions(AbstractFlushingEventListener.java:414)
	at org.hibernate.event.internal.DefaultFlushEventListener.onFlush(DefaultFlushEventListener.java:41)
	at org.hibernate.event.service.internal.EventListenerGroupImpl.fireEventOnEachListener(EventListenerGroupImpl.java:127)
	at org.hibernate.internal.SessionImpl.doFlush(SessionImpl.java:1429)
	at org.hibernate.internal.SessionImpl.managedFlush(SessionImpl.java:491)
	at org.hibernate.internal.SessionImpl.flushBeforeTransactionCompletion(SessionImpl.java:2354)
	at org.hibernate.internal.SessionImpl.beforeTransactionCompletion(SessionImpl.java:1978)
	at org.hibernate.engine.jdbc.internal.JdbcCoordinatorImpl.beforeTransactionCompletion(JdbcCoordinatorImpl.java:439)
	at org.hibernate.resource.transaction.backend.jdbc.internal.JdbcResourceLocalTransactionCoordinatorImpl.beforeCompletionCallback(JdbcResourceLocalTransactionCoordinatorImpl.java:169)
	at org.hibernate.resource.transaction.backend.jdbc.internal.JdbcResourceLocalTransactionCoordinatorImpl$TransactionDriverControlImpl.commit(JdbcResourceLocalTransactionCoordinatorImpl.java:267)
	at org.hibernate.engine.transaction.internal.TransactionImpl.commit(TransactionImpl.java:101)
	at org.springframework.orm.jpa.JpaTransactionManager.doCommit(JpaTransactionManager.java:563)
	at org.springframework.transaction.support.AbstractPlatformTransactionManager.processCommit(AbstractPlatformTransactionManager.java:795)
	at org.springframework.transaction.support.AbstractPlatformTransactionManager.commit(AbstractPlatformTransactionManager.java:758)
	at org.springframework.transaction.interceptor.TransactionAspectSupport.commitTransactionAfterReturning(TransactionAspectSupport.java:698)
	at org.springframework.transaction.interceptor.TransactionAspectSupport.invokeWithinTransaction(TransactionAspectSupport.java:416)
	at org.springframework.transaction.interceptor.TransactionInterceptor.invoke(TransactionInterceptor.java:119)
	at org.springframework.aop.framework.ReflectiveMethodInvocation.proceed(ReflectiveMethodInvocation.java:184)
	at org.springframework.aop.framework.CglibAopProxy$DynamicAdvisedInterceptor.intercept(CglibAopProxy.java:728)
	at com.audrio.backendbakrie.service.impl.OrderServiceImpl$$SpringCGLIB$$0.createOrder(<generated>)
	at com.audrio.backendbakrie.controller.OrderController.createOrder(OrderController.java:30)
	at java.base/jdk.internal.reflect.DirectMethodHandleAccessor.invoke(DirectMethodHandleAccessor.java:103)
	at java.base/java.lang.reflect.Method.invoke(Method.java:580)
	at org.springframework.web.method.support.InvocableHandlerMethod.doInvoke(InvocableHandlerMethod.java:258)
	at org.springframework.web.method.support.InvocableHandlerMethod.invokeForRequest(InvocableHandlerMethod.java:191)
	at org.springframework.web.servlet.mvc.method.annotation.ServletInvocableHandlerMethod.invokeAndHandle(ServletInvocableHandlerMethod.java:118)
	at org.springframework.web.servlet.mvc.method.annotation.RequestMappingHandlerAdapter.invokeHandlerMethod(RequestMappingHandlerAdapter.java:991)
	at org.springframework.web.servlet.mvc.method.annotation.RequestMappingHandlerAdapter.handleInternal(RequestMappingHandlerAdapter.java:896)
	at org.springframework.web.servlet.mvc.method.AbstractHandlerMethodAdapter.handle(AbstractHandlerMethodAdapter.java:87)
	at org.springframework.web.servlet.DispatcherServlet.doDispatch(DispatcherServlet.java:1089)
	at org.springframework.web.servlet.DispatcherServlet.doService(DispatcherServlet.java:979)
	at org.springframework.web.servlet.FrameworkServlet.processRequest(FrameworkServlet.java:1014)
	at org.springframework.web.servlet.FrameworkServlet.doPost(FrameworkServlet.java:914)
	at jakarta.servlet.http.HttpServlet.service(HttpServlet.java:590)
	at org.springframework.web.servlet.FrameworkServlet.service(FrameworkServlet.java:885)
	at jakarta.servlet.http.HttpServlet.service(HttpServlet.java:658)
	at org.apache.catalina.core.ApplicationFilterChain.internalDoFilter(ApplicationFilterChain.java:193)
	at org.apache.catalina.core.ApplicationFilterChain.doFilter(ApplicationFilterChain.java:138)
	at org.apache.tomcat.websocket.server.WsFilter.doFilter(WsFilter.java:51)
	at org.apache.catalina.core.ApplicationFilterChain.internalDoFilter(ApplicationFilterChain.java:162)
	at org.apache.catalina.core.ApplicationFilterChain.doFilter(ApplicationFilterChain.java:138)
	at org.springframework.web.filter.OncePerRequestFilter.doFilter(OncePerRequestFilter.java:110)
	at org.apache.catalina.core.ApplicationFilterChain.internalDoFilter(ApplicationFilterChain.java:162)
	at org.apache.catalina.core.ApplicationFilterChain.doFilter(ApplicationFilterChain.java:138)
	at org.springframework.web.filter.CompositeFilter$VirtualFilterChain.doFilter(CompositeFilter.java:108)
	at org.springframework.web.filter.CompositeFilter$VirtualFilterChain.doFilter(CompositeFilter.java:108)
	at org.springframework.security.web.FilterChainProxy.lambda$doFilterInternal$3(FilterChainProxy.java:231)
	at org.springframework.security.web.FilterChainProxy$VirtualFilterChain.doFilter(FilterChainProxy.java:365)
	at org.springframework.security.web.access.intercept.AuthorizationFilter.doFilter(AuthorizationFilter.java:101)
	at org.springframework.security.web.FilterChainProxy$VirtualFilterChain.doFilter(FilterChainProxy.java:374)
	at org.springframework.security.web.access.ExceptionTranslationFilter.doFilter(ExceptionTranslationFilter.java:125)
	at org.springframework.security.web.access.ExceptionTranslationFilter.doFilter(ExceptionTranslationFilter.java:119)
	at org.springframework.security.web.FilterChainProxy$VirtualFilterChain.doFilter(FilterChainProxy.java:374)
	at org.springframework.security.web.session.SessionManagementFilter.doFilter(SessionManagementFilter.java:131)
	at org.springframework.security.web.session.SessionManagementFilter.doFilter(SessionManagementFilter.java:85)
	at org.springframework.security.web.FilterChainProxy$VirtualFilterChain.doFilter(FilterChainProxy.java:374)
	at org.springframework.security.web.authentication.AnonymousAuthenticationFilter.doFilter(AnonymousAuthenticationFilter.java:100)
	at org.springframework.security.web.FilterChainProxy$VirtualFilterChain.doFilter(FilterChainProxy.java:374)
	at org.springframework.security.web.servletapi.SecurityContextHolderAwareRequestFilter.doFilter(SecurityContextHolderAwareRequestFilter.java:179)
	at org.springframework.security.web.FilterChainProxy$VirtualFilterChain.doFilter(FilterChainProxy.java:374)
	at org.springframework.security.web.savedrequest.RequestCacheAwareFilter.doFilter(RequestCacheAwareFilter.java:63)
	at org.springframework.security.web.FilterChainProxy$VirtualFilterChain.doFilter(FilterChainProxy.java:374)
	at com.audrio.backendbakrie.config.JwtAuthenticationFilter.doFilterInternal(JwtAuthenticationFilter.java:131)
	at org.springframework.web.filter.OncePerRequestFilter.doFilter(OncePerRequestFilter.java:116)
	at org.springframework.security.web.FilterChainProxy$VirtualFilterChain.doFilter(FilterChainProxy.java:374)
	at org.springframework.security.web.authentication.logout.LogoutFilter.doFilter(LogoutFilter.java:107)
	at org.springframework.security.web.authentication.logout.LogoutFilter.doFilter(LogoutFilter.java:93)
	at org.springframework.security.web.FilterChainProxy$VirtualFilterChain.doFilter(FilterChainProxy.java:374)
	at org.springframework.web.filter.CorsFilter.doFilterInternal(CorsFilter.java:91)
	at org.springframework.web.filter.OncePerRequestFilter.doFilter(OncePerRequestFilter.java:116)
	at org.springframework.security.web.FilterChainProxy$VirtualFilterChain.doFilter(FilterChainProxy.java:374)
	at org.springframework.security.web.header.HeaderWriterFilter.doHeadersAfter(HeaderWriterFilter.java:90)
	at org.springframework.security.web.header.HeaderWriterFilter.doFilterInternal(HeaderWriterFilter.java:75)
	at org.springframework.web.filter.OncePerRequestFilter.doFilter(OncePerRequestFilter.java:116)
	at org.springframework.security.web.FilterChainProxy$VirtualFilterChain.doFilter(FilterChainProxy.java:374)
	at org.springframework.security.web.context.SecurityContextHolderFilter.doFilter(SecurityContextHolderFilter.java:82)
	at org.springframework.security.web.context.SecurityContextHolderFilter.doFilter(SecurityContextHolderFilter.java:69)
	at org.springframework.security.web.FilterChainProxy$VirtualFilterChain.doFilter(FilterChainProxy.java:374)
	at org.springframework.security.web.context.request.async.WebAsyncManagerIntegrationFilter.doFilterInternal(WebAsyncManagerIntegrationFilter.java:62)
	at org.springframework.web.filter.OncePerRequestFilter.doFilter(OncePerRequestFilter.java:116)
	at org.springframework.security.web.FilterChainProxy$VirtualFilterChain.doFilter(FilterChainProxy.java:374)
	at org.springframework.security.web.session.DisableEncodeUrlFilter.doFilterInternal(DisableEncodeUrlFilter.java:42)
	at org.springframework.web.filter.OncePerRequestFilter.doFilter(OncePerRequestFilter.java:116)
	at org.springframework.security.web.FilterChainProxy$VirtualFilterChain.doFilter(FilterChainProxy.java:374)
	at org.springframework.security.web.FilterChainProxy.doFilterInternal(FilterChainProxy.java:233)
	at org.springframework.security.web.FilterChainProxy.doFilter(FilterChainProxy.java:191)
	at org.springframework.web.filter.CompositeFilter$VirtualFilterChain.doFilter(CompositeFilter.java:113)
	at org.springframework.web.filter.ServletRequestPathFilter.doFilter(ServletRequestPathFilter.java:52)
	at org.springframework.web.filter.CompositeFilter$VirtualFilterChain.doFilter(CompositeFilter.java:113)
	at org.springframework.web.filter.CompositeFilter.doFilter(CompositeFilter.java:74)
	at org.springframework.security.config.annotation.web.configuration.WebSecurityConfiguration$CompositeFilterChainProxy.doFilter(WebSecurityConfiguration.java:319)
	at org.springframework.web.filter.CompositeFilter$VirtualFilterChain.doFilter(CompositeFilter.java:113)
	at org.springframework.web.servlet.handler.HandlerMappingIntrospector.lambda$createCacheFilter$4(HandlerMappingIntrospector.java:267)
	at org.springframework.web.filter.CompositeFilter$VirtualFilterChain.doFilter(CompositeFilter.java:113)
	at org.springframework.web.filter.CompositeFilter.doFilter(CompositeFilter.java:74)
	at org.springframework.security.config.annotation.web.configuration.WebMvcSecurityConfiguration$CompositeFilterChainProxy.doFilter(WebMvcSecurityConfiguration.java:240)
	at org.springframework.web.filter.DelegatingFilterProxy.invokeDelegate(DelegatingFilterProxy.java:362)
	at org.springframework.web.filter.DelegatingFilterProxy.doFilter(DelegatingFilterProxy.java:278)
	at org.apache.catalina.core.ApplicationFilterChain.internalDoFilter(ApplicationFilterChain.java:162)
	at org.apache.catalina.core.ApplicationFilterChain.doFilter(ApplicationFilterChain.java:138)
	at org.springframework.web.filter.RequestContextFilter.doFilterInternal(RequestContextFilter.java:100)
	at org.springframework.web.filter.OncePerRequestFilter.doFilter(OncePerRequestFilter.java:116)
	at org.apache.catalina.core.ApplicationFilterChain.internalDoFilter(ApplicationFilterChain.java:162)
	at org.apache.catalina.core.ApplicationFilterChain.doFilter(ApplicationFilterChain.java:138)
	at org.springframework.web.filter.FormContentFilter.doFilterInternal(FormContentFilter.java:93)
	at org.springframework.web.filter.OncePerRequestFilter.doFilter(OncePerRequestFilter.java:116)
	at org.apache.catalina.core.ApplicationFilterChain.internalDoFilter(ApplicationFilterChain.java:162)
	at org.apache.catalina.core.ApplicationFilterChain.doFilter(ApplicationFilterChain.java:138)
	at org.springframework.web.filter.CharacterEncodingFilter.doFilterInternal(CharacterEncodingFilter.java:201)
	at org.springframework.web.filter.OncePerRequestFilter.doFilter(OncePerRequestFilter.java:116)
	at org.apache.catalina.core.ApplicationFilterChain.internalDoFilter(ApplicationFilterChain.java:162)
	at org.apache.catalina.core.ApplicationFilterChain.doFilter(ApplicationFilterChain.java:138)
	at org.apache.catalina.core.StandardWrapperValve.invoke(StandardWrapperValve.java:165)
	at org.apache.catalina.core.StandardContextValve.invoke(StandardContextValve.java:88)
	at org.apache.catalina.authenticator.AuthenticatorBase.invoke(AuthenticatorBase.java:482)
	at org.apache.catalina.core.StandardHostValve.invoke(StandardHostValve.java:113)
	at org.apache.catalina.valves.ErrorReportValve.invoke(ErrorReportValve.java:83)
	at org.apache.catalina.core.StandardEngineValve.invoke(StandardEngineValve.java:72)
	at org.apache.catalina.connector.CoyoteAdapter.service(CoyoteAdapter.java:342)
	at org.apache.coyote.http11.Http11Processor.service(Http11Processor.java:399)
	at org.apache.coyote.AbstractProcessorLight.process(AbstractProcessorLight.java:63)
	at org.apache.coyote.AbstractProtocol$ConnectionHandler.process(AbstractProtocol.java:903)
	at org.apache.tomcat.util.net.NioEndpoint$SocketProcessor.doRun(NioEndpoint.java:1774)
	at org.apache.tomcat.util.net.SocketProcessorBase.run(SocketProcessorBase.java:52)
	at org.apache.tomcat.util.threads.ThreadPoolExecutor.runWorker(ThreadPoolExecutor.java:973)
	at org.apache.tomcat.util.threads.ThreadPoolExecutor$Worker.run(ThreadPoolExecutor.java:491)
	at org.apache.tomcat.util.threads.TaskThread$WrappingRunnable.run(TaskThread.java:63)
	at java.base/java.lang.Thread.run(Thread.java:1583)
2025-11-30 08:00:04.110 [http-nio-9090-exec-2] DEBUG o.s.security.web.FilterChainProxy - Securing POST /error
2025-11-30 08:00:04.110 [http-nio-9090-exec-2] DEBUG o.s.s.w.a.AnonymousAuthenticationFilter - Set SecurityContextHolder to anonymous SecurityContext
2025-11-30 08:03:00.050 [SpringApplicationShutdownHook] INFO  o.s.b.w.e.tomcat.GracefulShutdown - Commencing graceful shutdown. Waiting for active requests to complete
2025-11-30 08:03:00.055 [tomcat-shutdown] INFO  o.s.b.w.e.tomcat.GracefulShutdown - Graceful shutdown complete
2025-11-30 08:03:00.059 [SpringApplicationShutdownHook] INFO  o.s.o.j.LocalContainerEntityManagerFactoryBean - Closing JPA EntityManagerFactory for persistence unit 'default'
2025-11-30 08:03:00.061 [SpringApplicationShutdownHook] INFO  com.zaxxer.hikari.HikariDataSource - HikariPool-1 - Shutdown initiated...
2025-11-30 08:03:00.066 [SpringApplicationShutdownHook] INFO  com.zaxxer.hikari.HikariDataSource - HikariPool-1 - Shutdown completed.
2025-11-30 08:03:03.761 [restartedMain] INFO  c.a.b.BackendBakrieApplication - Starting BackendBakrieApplication using Java 21.0.8 with PID 27376 (D:\Documents\Bakrie-Store-PI\backend-bakrie\target\classes started by LEGION in D:\Documents\Bakrie-Store-PI)
2025-11-30 08:03:03.761 [restartedMain] DEBUG c.a.b.BackendBakrieApplication - Running with Spring Boot v3.5.7, Spring v6.2.12
2025-11-30 08:03:03.762 [restartedMain] INFO  c.a.b.BackendBakrieApplication - No active profile set, falling back to 1 default profile: "default"
2025-11-30 08:03:03.790 [restartedMain] INFO  o.s.b.d.e.DevToolsPropertyDefaultsPostProcessor - Devtools property defaults active! Set 'spring.devtools.add-properties' to 'false' to disable
2025-11-30 08:03:03.790 [restartedMain] INFO  o.s.b.d.e.DevToolsPropertyDefaultsPostProcessor - For additional web related logging consider setting the 'logging.level.web' property to 'DEBUG'
2025-11-30 08:03:04.172 [restartedMain] INFO  o.s.d.r.c.RepositoryConfigurationDelegate - Bootstrapping Spring Data JPA repositories in DEFAULT mode.
2025-11-30 08:03:04.214 [restartedMain] INFO  o.s.d.r.c.RepositoryConfigurationDelegate - Finished Spring Data repository scanning in 37 ms. Found 9 JPA repository interfaces.
2025-11-30 08:03:04.527 [restartedMain] INFO  o.s.b.w.e.tomcat.TomcatWebServer - Tomcat initialized with port 9090 (http)
2025-11-30 08:03:04.538 [restartedMain] INFO  o.a.catalina.core.StandardService - Starting service [Tomcat]
2025-11-30 08:03:04.538 [restartedMain] INFO  o.a.catalina.core.StandardEngine - Starting Servlet engine: [Apache Tomcat/10.1.48]
2025-11-30 08:03:04.568 [restartedMain] INFO  o.a.c.c.C.[.[localhost].[/api/v1.0] - Initializing Spring embedded WebApplicationContext
2025-11-30 08:03:04.568 [restartedMain] INFO  o.s.b.w.s.c.ServletWebServerApplicationContext - Root WebApplicationContext: initialization completed in 778 ms
2025-11-30 08:03:04.647 [restartedMain] INFO  o.h.jpa.internal.util.LogHelper - HHH000204: Processing PersistenceUnitInfo [name: default]
2025-11-30 08:03:04.677 [restartedMain] INFO  org.hibernate.Version - HHH000412: Hibernate ORM core version 6.6.33.Final
2025-11-30 08:03:04.693 [restartedMain] INFO  o.h.c.i.RegionFactoryInitiator - HHH000026: Second-level cache disabled
2025-11-30 08:03:04.835 [restartedMain] INFO  o.s.o.j.p.SpringPersistenceUnitInfo - No LoadTimeWeaver setup: ignoring JPA class transformer
2025-11-30 08:03:04.849 [restartedMain] INFO  com.zaxxer.hikari.HikariDataSource - HikariPool-1 - Starting...
2025-11-30 08:03:05.026 [restartedMain] INFO  com.zaxxer.hikari.pool.HikariPool - HikariPool-1 - Added connection com.mysql.cj.jdbc.ConnectionImpl@5f447d5d
2025-11-30 08:03:05.027 [restartedMain] INFO  com.zaxxer.hikari.HikariDataSource - HikariPool-1 - Start completed.
2025-11-30 08:03:05.055 [restartedMain] WARN  org.hibernate.orm.deprecation - HHH90000025: MySQL8Dialect does not need to be specified explicitly using 'hibernate.dialect' (remove the property setting and it will be selected by default)
2025-11-30 08:03:05.055 [restartedMain] WARN  org.hibernate.orm.deprecation - HHH90000026: MySQL8Dialect has been deprecated; use org.hibernate.dialect.MySQLDialect instead
2025-11-30 08:03:05.066 [restartedMain] INFO  o.hibernate.orm.connections.pooling - HHH10001005: Database info:
	Database JDBC URL [Connecting through datasource 'HikariDataSource (HikariPool-1)']
	Database driver: undefined/unknown
	Database version: 8.0
	Autocommit mode: undefined/unknown
	Isolation level: undefined/unknown
	Minimum pool size: undefined/unknown
	Maximum pool size: undefined/unknown
2025-11-30 08:03:05.702 [restartedMain] INFO  o.h.e.t.j.p.i.JtaPlatformInitiator - HHH000489: No JTA platform available (set 'hibernate.transaction.jta.platform' to enable JTA platform integration)
2025-11-30 08:03:05.799 [restartedMain] INFO  o.s.o.j.LocalContainerEntityManagerFactoryBean - Initialized JPA EntityManagerFactory for persistence unit 'default'
2025-11-30 08:03:05.967 [restartedMain] INFO  o.s.d.j.r.query.QueryEnhancerFactory - Hibernate is in classpath; If applicable, HQL parser will be used.
2025-11-30 08:03:06.306 [restartedMain] DEBUG c.a.b.config.JwtAuthenticationFilter - Filter 'jwtAuthenticationFilter' configured for use
2025-11-30 08:03:06.378 [restartedMain] INFO  o.s.s.c.a.a.c.InitializeAuthenticationProviderBeanManagerConfigurer$InitializeAuthenticationProviderManagerConfigurer - Global AuthenticationManager configured with AuthenticationProvider bean with name authenticationProvider
2025-11-30 08:03:06.378 [restartedMain] WARN  o.s.s.c.a.a.c.InitializeUserDetailsBeanManagerConfigurer$InitializeUserDetailsManagerConfigurer - Global AuthenticationManager configured with an AuthenticationProvider bean. UserDetailsService beans will not be used by Spring Security for automatically configuring username/password login. Consider removing the AuthenticationProvider bean. Alternatively, consider using the UserDetailsService in a manually instantiated DaoAuthenticationProvider. If the current configuration is intentional, to turn off this warning, increase the logging level of 'org.springframework.security.config.annotation.authentication.configuration.InitializeUserDetailsBeanManagerConfigurer' to ERROR
2025-11-30 08:03:06.478 [restartedMain] WARN  o.s.b.a.o.j.JpaBaseConfiguration$JpaWebConfiguration - spring.jpa.open-in-view is enabled by default. Therefore, database queries may be performed during view rendering. Explicitly configure spring.jpa.open-in-view to disable this warning
2025-11-30 08:03:06.625 [restartedMain] DEBUG o.s.s.web.DefaultSecurityFilterChain - Will secure any request with filters: DisableEncodeUrlFilter, WebAsyncManagerIntegrationFilter, SecurityContextHolderFilter, HeaderWriterFilter, CorsFilter, LogoutFilter, JwtAuthenticationFilter, RequestCacheAwareFilter, SecurityContextHolderAwareRequestFilter, AnonymousAuthenticationFilter, SessionManagementFilter, ExceptionTranslationFilter, AuthorizationFilter
2025-11-30 08:03:06.755 [restartedMain] INFO  o.s.b.d.a.OptionalLiveReloadServer - LiveReload server is running on port 35729
2025-11-30 08:03:06.781 [restartedMain] INFO  o.s.b.w.e.tomcat.TomcatWebServer - Tomcat started on port 9090 (http) with context path '/api/v1.0'
2025-11-30 08:03:06.786 [restartedMain] INFO  c.a.b.BackendBakrieApplication - Started BackendBakrieApplication in 3.307 seconds (process running for 3.676)
2025-11-30 08:03:17.840 [http-nio-9090-exec-1] INFO  o.a.c.c.C.[.[localhost].[/api/v1.0] - Initializing Spring DispatcherServlet 'dispatcherServlet'
2025-11-30 08:03:17.840 [http-nio-9090-exec-1] INFO  o.s.web.servlet.DispatcherServlet - Initializing Servlet 'dispatcherServlet'
2025-11-30 08:03:17.840 [http-nio-9090-exec-1] INFO  o.s.web.servlet.DispatcherServlet - Completed initialization in 0 ms
2025-11-30 08:03:17.860 [http-nio-9090-exec-1] DEBUG o.s.security.web.FilterChainProxy - Securing OPTIONS /customer/order/create
2025-11-30 08:03:17.887 [http-nio-9090-exec-2] DEBUG o.s.security.web.FilterChainProxy - Securing POST /customer/order/create
2025-11-30 08:03:17.889 [http-nio-9090-exec-2] DEBUG c.a.b.config.JwtAuthenticationFilter - >>> Request POST /api/v1.0/customer/order/create
2025-11-30 08:03:17.889 [http-nio-9090-exec-2] DEBUG c.a.b.config.JwtAuthenticationFilter - Token received (first 20 chars): eyJhbGciOiJIUzI1NiJ9...
2025-11-30 08:03:18.066 [http-nio-9090-exec-2] INFO  c.a.b.config.JwtAuthenticationFilter - Authorities for audrio8802@gmail.com: [ROLE_CUSTOMER]
2025-11-30 08:03:18.069 [http-nio-9090-exec-2] DEBUG c.a.b.config.JwtAuthenticationFilter - Authenticated user from JWT: audrio8802@gmail.com
2025-11-30 08:03:18.069 [http-nio-9090-exec-2] INFO  c.a.b.config.JwtAuthenticationFilter - Authenticated user: audrio8802@gmail.com
2025-11-30 08:03:18.069 [http-nio-9090-exec-2] INFO  c.a.b.config.JwtAuthenticationFilter - Authorities: [ROLE_CUSTOMER]
2025-11-30 08:03:18.073 [http-nio-9090-exec-2] DEBUG o.s.security.web.FilterChainProxy - Secured POST /customer/order/create
2025-11-30 08:03:18.154 [http-nio-9090-exec-2] INFO  c.a.b.controller.OrderController - RECEIVED CREATE ORDER → customerId: 49b697a8-c144-4145-a894-e32477c12451, items: 2
2025-11-30 08:03:18.158 [http-nio-9090-exec-2] INFO  c.a.b.service.impl.OrderServiceImpl - === MEMULAI PEMBUATAN ORDER BARU ===
2025-11-30 08:03:18.158 [http-nio-9090-exec-2] INFO  c.a.b.service.impl.OrderServiceImpl - Request dari customerId: 49b697a8-c144-4145-a894-e32477c12451
2025-11-30 08:03:18.158 [http-nio-9090-exec-2] INFO  c.a.b.service.impl.OrderServiceImpl - Alamat pengiriman: JL.Sudirman
2025-11-30 08:03:18.158 [http-nio-9090-exec-2] INFO  c.a.b.service.impl.OrderServiceImpl - Jumlah item di keranjang: 2
2025-11-30 08:03:18.172 [http-nio-9090-exec-2] INFO  c.a.b.service.impl.OrderServiceImpl - Customer ditemukan: Zwita Sianturi (audrio8802@gmail.com)
2025-11-30 08:03:18.172 [http-nio-9090-exec-2] INFO  c.a.b.service.impl.OrderServiceImpl - Order number yang digenerate: ORD-20251130-0001
2025-11-30 08:03:18.176 [http-nio-9090-exec-2] DEBUG c.a.b.service.impl.OrderServiceImpl - Check stock → Product: Butter Brioche (ID: 09cc3466-71b5-492a-9320-7c1dadbccc30), Stock saat ini: 80, Diminta: 3
2025-11-30 08:03:18.180 [http-nio-9090-exec-2] INFO  c.a.b.service.impl.OrderServiceImpl - Item ditambahkan → Butter Brioche × 3 (Rp 22000.0, subtotal Rp 66000.0)
2025-11-30 08:03:18.180 [http-nio-9090-exec-2] DEBUG c.a.b.service.impl.OrderServiceImpl - Check stock → Product: Cinnamon Roll Classic (ID: 1b1d7cdd-b551-468e-b399-bcf98cdf8051), Stock saat ini: 70, Diminta: 1
2025-11-30 08:03:18.180 [http-nio-9090-exec-2] INFO  c.a.b.service.impl.OrderServiceImpl - Item ditambahkan → Cinnamon Roll Classic × 1 (Rp 25000.0, subtotal Rp 25000.0)
2025-11-30 08:03:18.196 [http-nio-9090-exec-2] INFO  c.a.b.s.impl.PaymentServiceImpl - Midtrans Config v3.0.0 → Production: false, ServerKey: SET
2025-11-30 08:03:18.269 [http-nio-9090-exec-2] INFO  okhttp3.OkHttpClient - --> POST https://app.sandbox.midtrans.com/snap/v1/transactions
2025-11-30 08:03:18.269 [http-nio-9090-exec-2] INFO  okhttp3.OkHttpClient - Content-Type: application/json; charset=utf-8
2025-11-30 08:03:18.269 [http-nio-9090-exec-2] INFO  okhttp3.OkHttpClient - Content-Length: 538
2025-11-30 08:03:18.269 [http-nio-9090-exec-2] INFO  okhttp3.OkHttpClient - 
2025-11-30 08:03:18.269 [http-nio-9090-exec-2] INFO  okhttp3.OkHttpClient - {"item_details":[{"name":"Butter Brioche","quantity":3,"id":"09cc3466-71b5-492a-9320-7c1dadbccc30","price":22000},{"name":"Cinnamon Roll Classic","quantity":1,"id":"1b1d7cdd-b551-468e-b399-bcf98cdf8051","price":25000},{"name":"Biaya Pengiriman","quantity":1,"id":"SHIPPING","price":15000},{"name":"Biaya Layanan","quantity":1,"id":"SERVICE","price":2000}],"customer_details":{"phone":"082150272529","first_name":"Zwita Sianturi","email":"audrio8802@gmail.com"},"transaction_details":{"order_id":"ORD-20251130-0001","gross_amount":108000}}
2025-11-30 08:03:18.269 [http-nio-9090-exec-2] INFO  okhttp3.OkHttpClient - --> END POST (538-byte body)
2025-11-30 08:03:18.491 [http-nio-9090-exec-2] INFO  okhttp3.OkHttpClient - <-- 201 https://app.sandbox.midtrans.com/snap/v1/transactions (221ms)
2025-11-30 08:03:18.491 [http-nio-9090-exec-2] INFO  okhttp3.OkHttpClient - location: http://snap.i.b-id-ca-eks-01.gopay.sh/snap/v1/transactions/5c447fca-7304-4ecf-9b59-8d6eff008ea2
2025-11-30 08:03:18.491 [http-nio-9090-exec-2] INFO  okhttp3.OkHttpClient - content-type: application/json; charset=utf-8
2025-11-30 08:03:18.491 [http-nio-9090-exec-2] INFO  okhttp3.OkHttpClient - vary: Accept,Accept-Encoding
2025-11-30 08:03:18.491 [http-nio-9090-exec-2] INFO  okhttp3.OkHttpClient - x-request-id: 3e754aaf-dd7c-4a12-a732-22504445820e
2025-11-30 08:03:18.491 [http-nio-9090-exec-2] INFO  okhttp3.OkHttpClient - referrer-policy: origin-when-cross-origin
2025-11-30 08:03:18.491 [http-nio-9090-exec-2] INFO  okhttp3.OkHttpClient - x-content-type-options: nosniff
2025-11-30 08:03:18.491 [http-nio-9090-exec-2] INFO  okhttp3.OkHttpClient - x-download-options: noopen
2025-11-30 08:03:18.491 [http-nio-9090-exec-2] INFO  okhttp3.OkHttpClient - x-frame-options: SAMEORIGIN
2025-11-30 08:03:18.491 [http-nio-9090-exec-2] INFO  okhttp3.OkHttpClient - x-permitted-cross-domain-policies: none
2025-11-30 08:03:18.491 [http-nio-9090-exec-2] INFO  okhttp3.OkHttpClient - x-xss-protection: 1; mode=block
2025-11-30 08:03:18.491 [http-nio-9090-exec-2] INFO  okhttp3.OkHttpClient - x-envoy-upstream-service-time: 102
2025-11-30 08:03:18.491 [http-nio-9090-exec-2] INFO  okhttp3.OkHttpClient - date: Sun, 30 Nov 2025 01:03:17 GMT
2025-11-30 08:03:18.491 [http-nio-9090-exec-2] INFO  okhttp3.OkHttpClient - server: istio-envoy
2025-11-30 08:03:18.491 [http-nio-9090-exec-2] INFO  okhttp3.OkHttpClient - 
2025-11-30 08:03:18.491 [http-nio-9090-exec-2] INFO  okhttp3.OkHttpClient - {"token":"5c447fca-7304-4ecf-9b59-8d6eff008ea2","redirect_url":"https://app.sandbox.midtrans.com/snap/v4/redirection/5c447fca-7304-4ecf-9b59-8d6eff008ea2"}
2025-11-30 08:03:18.491 [http-nio-9090-exec-2] INFO  okhttp3.OkHttpClient - <-- END HTTP (155-byte body)
2025-11-30 08:03:18.495 [http-nio-9090-exec-2] INFO  c.a.b.s.impl.PaymentServiceImpl - Token Midtrans berhasil dibuat untuk order: ORD-20251130-0001
2025-11-30 08:03:18.976 [http-nio-9090-exec-2] WARN  o.h.e.jdbc.spi.SqlExceptionHelper - SQL Error: 1366, SQLState: HY000
2025-11-30 08:03:18.976 [http-nio-9090-exec-2] ERROR o.h.e.jdbc.spi.SqlExceptionHelper - Incorrect string value: '\xE2\xC0N<\x8F`...' for column 'id_order_detail' at row 1
2025-11-30 08:03:18.985 [http-nio-9090-exec-2] ERROR o.a.c.c.C.[.[.[.0.[dispatcherServlet] - Servlet.service() for servlet [dispatcherServlet] in context with path [/api/v1.0] threw exception [Request processing failed: org.springframework.orm.jpa.JpaSystemException: could not execute statement [Incorrect string value: '\xE2\xC0N<\x8F`...' for column 'id_order_detail' at row 1] [insert into order_details (id_order,id_product,quantity,subtotal,unit_price,id_order_detail) values (?,?,?,?,?,?)]] with root cause
java.sql.SQLException: Incorrect string value: '\xE2\xC0N<\x8F`...' for column 'id_order_detail' at row 1
	at com.mysql.cj.jdbc.exceptions.SQLError.createSQLException(SQLError.java:121)
	at com.mysql.cj.jdbc.exceptions.SQLExceptionsMapping.translateException(SQLExceptionsMapping.java:114)
	at com.mysql.cj.jdbc.ClientPreparedStatement.executeInternal(ClientPreparedStatement.java:988)
	at com.mysql.cj.jdbc.ClientPreparedStatement.executeUpdateInternal(ClientPreparedStatement.java:1166)
	at com.mysql.cj.jdbc.ClientPreparedStatement.executeUpdateInternal(ClientPreparedStatement.java:1101)
	at com.mysql.cj.jdbc.ClientPreparedStatement.executeLargeUpdate(ClientPreparedStatement.java:1448)
	at com.mysql.cj.jdbc.ClientPreparedStatement.executeUpdate(ClientPreparedStatement.java:1084)
	at com.zaxxer.hikari.pool.ProxyPreparedStatement.executeUpdate(ProxyPreparedStatement.java:61)
	at com.zaxxer.hikari.pool.HikariProxyPreparedStatement.executeUpdate(HikariProxyPreparedStatement.java)
	at org.hibernate.engine.jdbc.internal.ResultSetReturnImpl.executeUpdate(ResultSetReturnImpl.java:194)
	at org.hibernate.engine.jdbc.mutation.internal.AbstractMutationExecutor.performNonBatchedMutation(AbstractMutationExecutor.java:134)
	at org.hibernate.engine.jdbc.mutation.internal.MutationExecutorSingleNonBatched.performNonBatchedOperations(MutationExecutorSingleNonBatched.java:55)
	at org.hibernate.engine.jdbc.mutation.internal.AbstractMutationExecutor.execute(AbstractMutationExecutor.java:55)
	at org.hibernate.persister.entity.mutation.InsertCoordinatorStandard.doStaticInserts(InsertCoordinatorStandard.java:194)
	at org.hibernate.persister.entity.mutation.InsertCoordinatorStandard.coordinateInsert(InsertCoordinatorStandard.java:132)
	at org.hibernate.persister.entity.mutation.InsertCoordinatorStandard.insert(InsertCoordinatorStandard.java:104)
	at org.hibernate.action.internal.EntityInsertAction.execute(EntityInsertAction.java:110)
	at org.hibernate.engine.spi.ActionQueue.executeActions(ActionQueue.java:644)
	at org.hibernate.engine.spi.ActionQueue.executeActions(ActionQueue.java:511)
	at org.hibernate.event.internal.AbstractFlushingEventListener.performExecutions(AbstractFlushingEventListener.java:414)
	at org.hibernate.event.internal.DefaultFlushEventListener.onFlush(DefaultFlushEventListener.java:41)
	at org.hibernate.event.service.internal.EventListenerGroupImpl.fireEventOnEachListener(EventListenerGroupImpl.java:127)
	at org.hibernate.internal.SessionImpl.doFlush(SessionImpl.java:1429)
	at org.hibernate.internal.SessionImpl.managedFlush(SessionImpl.java:491)
	at org.hibernate.internal.SessionImpl.flushBeforeTransactionCompletion(SessionImpl.java:2354)
	at org.hibernate.internal.SessionImpl.beforeTransactionCompletion(SessionImpl.java:1978)
	at org.hibernate.engine.jdbc.internal.JdbcCoordinatorImpl.beforeTransactionCompletion(JdbcCoordinatorImpl.java:439)
	at org.hibernate.resource.transaction.backend.jdbc.internal.JdbcResourceLocalTransactionCoordinatorImpl.beforeCompletionCallback(JdbcResourceLocalTransactionCoordinatorImpl.java:169)
	at org.hibernate.resource.transaction.backend.jdbc.internal.JdbcResourceLocalTransactionCoordinatorImpl$TransactionDriverControlImpl.commit(JdbcResourceLocalTransactionCoordinatorImpl.java:267)
	at org.hibernate.engine.transaction.internal.TransactionImpl.commit(TransactionImpl.java:101)
	at org.springframework.orm.jpa.JpaTransactionManager.doCommit(JpaTransactionManager.java:563)
	at org.springframework.transaction.support.AbstractPlatformTransactionManager.processCommit(AbstractPlatformTransactionManager.java:795)
	at org.springframework.transaction.support.AbstractPlatformTransactionManager.commit(AbstractPlatformTransactionManager.java:758)
	at org.springframework.transaction.interceptor.TransactionAspectSupport.commitTransactionAfterReturning(TransactionAspectSupport.java:698)
	at org.springframework.transaction.interceptor.TransactionAspectSupport.invokeWithinTransaction(TransactionAspectSupport.java:416)
	at org.springframework.transaction.interceptor.TransactionInterceptor.invoke(TransactionInterceptor.java:119)
	at org.springframework.aop.framework.ReflectiveMethodInvocation.proceed(ReflectiveMethodInvocation.java:184)
	at org.springframework.aop.framework.CglibAopProxy$DynamicAdvisedInterceptor.intercept(CglibAopProxy.java:728)
	at com.audrio.backendbakrie.service.impl.OrderServiceImpl$$SpringCGLIB$$0.createOrder(<generated>)
	at com.audrio.backendbakrie.controller.OrderController.createOrder(OrderController.java:30)
	at java.base/jdk.internal.reflect.DirectMethodHandleAccessor.invoke(DirectMethodHandleAccessor.java:103)
	at java.base/java.lang.reflect.Method.invoke(Method.java:580)
	at org.springframework.web.method.support.InvocableHandlerMethod.doInvoke(InvocableHandlerMethod.java:258)
	at org.springframework.web.method.support.InvocableHandlerMethod.invokeForRequest(InvocableHandlerMethod.java:191)
	at org.springframework.web.servlet.mvc.method.annotation.ServletInvocableHandlerMethod.invokeAndHandle(ServletInvocableHandlerMethod.java:118)
	at org.springframework.web.servlet.mvc.method.annotation.RequestMappingHandlerAdapter.invokeHandlerMethod(RequestMappingHandlerAdapter.java:991)
	at org.springframework.web.servlet.mvc.method.annotation.RequestMappingHandlerAdapter.handleInternal(RequestMappingHandlerAdapter.java:896)
	at org.springframework.web.servlet.mvc.method.AbstractHandlerMethodAdapter.handle(AbstractHandlerMethodAdapter.java:87)
	at org.springframework.web.servlet.DispatcherServlet.doDispatch(DispatcherServlet.java:1089)
	at org.springframework.web.servlet.DispatcherServlet.doService(DispatcherServlet.java:979)
	at org.springframework.web.servlet.FrameworkServlet.processRequest(FrameworkServlet.java:1014)
	at org.springframework.web.servlet.FrameworkServlet.doPost(FrameworkServlet.java:914)
	at jakarta.servlet.http.HttpServlet.service(HttpServlet.java:590)
	at org.springframework.web.servlet.FrameworkServlet.service(FrameworkServlet.java:885)
	at jakarta.servlet.http.HttpServlet.service(HttpServlet.java:658)
	at org.apache.catalina.core.ApplicationFilterChain.internalDoFilter(ApplicationFilterChain.java:193)
	at org.apache.catalina.core.ApplicationFilterChain.doFilter(ApplicationFilterChain.java:138)
	at org.apache.tomcat.websocket.server.WsFilter.doFilter(WsFilter.java:51)
	at org.apache.catalina.core.ApplicationFilterChain.internalDoFilter(ApplicationFilterChain.java:162)
	at org.apache.catalina.core.ApplicationFilterChain.doFilter(ApplicationFilterChain.java:138)
	at org.springframework.web.filter.OncePerRequestFilter.doFilter(OncePerRequestFilter.java:110)
	at org.apache.catalina.core.ApplicationFilterChain.internalDoFilter(ApplicationFilterChain.java:162)
	at org.apache.catalina.core.ApplicationFilterChain.doFilter(ApplicationFilterChain.java:138)
	at org.springframework.web.filter.CompositeFilter$VirtualFilterChain.doFilter(CompositeFilter.java:108)
	at org.springframework.web.filter.CompositeFilter$VirtualFilterChain.doFilter(CompositeFilter.java:108)
	at org.springframework.security.web.FilterChainProxy.lambda$doFilterInternal$3(FilterChainProxy.java:231)
	at org.springframework.security.web.FilterChainProxy$VirtualFilterChain.doFilter(FilterChainProxy.java:365)
	at org.springframework.security.web.access.intercept.AuthorizationFilter.doFilter(AuthorizationFilter.java:101)
	at org.springframework.security.web.FilterChainProxy$VirtualFilterChain.doFilter(FilterChainProxy.java:374)
	at org.springframework.security.web.access.ExceptionTranslationFilter.doFilter(ExceptionTranslationFilter.java:125)
	at org.springframework.security.web.access.ExceptionTranslationFilter.doFilter(ExceptionTranslationFilter.java:119)
	at org.springframework.security.web.FilterChainProxy$VirtualFilterChain.doFilter(FilterChainProxy.java:374)
	at org.springframework.security.web.session.SessionManagementFilter.doFilter(SessionManagementFilter.java:131)
	at org.springframework.security.web.session.SessionManagementFilter.doFilter(SessionManagementFilter.java:85)
	at org.springframework.security.web.FilterChainProxy$VirtualFilterChain.doFilter(FilterChainProxy.java:374)
	at org.springframework.security.web.authentication.AnonymousAuthenticationFilter.doFilter(AnonymousAuthenticationFilter.java:100)
	at org.springframework.security.web.FilterChainProxy$VirtualFilterChain.doFilter(FilterChainProxy.java:374)
	at org.springframework.security.web.servletapi.SecurityContextHolderAwareRequestFilter.doFilter(SecurityContextHolderAwareRequestFilter.java:179)
	at org.springframework.security.web.FilterChainProxy$VirtualFilterChain.doFilter(FilterChainProxy.java:374)
	at org.springframework.security.web.savedrequest.RequestCacheAwareFilter.doFilter(RequestCacheAwareFilter.java:63)
	at org.springframework.security.web.FilterChainProxy$VirtualFilterChain.doFilter(FilterChainProxy.java:374)
	at com.audrio.backendbakrie.config.JwtAuthenticationFilter.doFilterInternal(JwtAuthenticationFilter.java:131)
	at org.springframework.web.filter.OncePerRequestFilter.doFilter(OncePerRequestFilter.java:116)
	at org.springframework.security.web.FilterChainProxy$VirtualFilterChain.doFilter(FilterChainProxy.java:374)
	at org.springframework.security.web.authentication.logout.LogoutFilter.doFilter(LogoutFilter.java:107)
	at org.springframework.security.web.authentication.logout.LogoutFilter.doFilter(LogoutFilter.java:93)
	at org.springframework.security.web.FilterChainProxy$VirtualFilterChain.doFilter(FilterChainProxy.java:374)
	at org.springframework.web.filter.CorsFilter.doFilterInternal(CorsFilter.java:91)
	at org.springframework.web.filter.OncePerRequestFilter.doFilter(OncePerRequestFilter.java:116)
	at org.springframework.security.web.FilterChainProxy$VirtualFilterChain.doFilter(FilterChainProxy.java:374)
	at org.springframework.security.web.header.HeaderWriterFilter.doHeadersAfter(HeaderWriterFilter.java:90)
	at org.springframework.security.web.header.HeaderWriterFilter.doFilterInternal(HeaderWriterFilter.java:75)
	at org.springframework.web.filter.OncePerRequestFilter.doFilter(OncePerRequestFilter.java:116)
	at org.springframework.security.web.FilterChainProxy$VirtualFilterChain.doFilter(FilterChainProxy.java:374)
	at org.springframework.security.web.context.SecurityContextHolderFilter.doFilter(SecurityContextHolderFilter.java:82)
	at org.springframework.security.web.context.SecurityContextHolderFilter.doFilter(SecurityContextHolderFilter.java:69)
	at org.springframework.security.web.FilterChainProxy$VirtualFilterChain.doFilter(FilterChainProxy.java:374)
	at org.springframework.security.web.context.request.async.WebAsyncManagerIntegrationFilter.doFilterInternal(WebAsyncManagerIntegrationFilter.java:62)
	at org.springframework.web.filter.OncePerRequestFilter.doFilter(OncePerRequestFilter.java:116)
	at org.springframework.security.web.FilterChainProxy$VirtualFilterChain.doFilter(FilterChainProxy.java:374)
	at org.springframework.security.web.session.DisableEncodeUrlFilter.doFilterInternal(DisableEncodeUrlFilter.java:42)
	at org.springframework.web.filter.OncePerRequestFilter.doFilter(OncePerRequestFilter.java:116)
	at org.springframework.security.web.FilterChainProxy$VirtualFilterChain.doFilter(FilterChainProxy.java:374)
	at org.springframework.security.web.FilterChainProxy.doFilterInternal(FilterChainProxy.java:233)
	at org.springframework.security.web.FilterChainProxy.doFilter(FilterChainProxy.java:191)
	at org.springframework.web.filter.CompositeFilter$VirtualFilterChain.doFilter(CompositeFilter.java:113)
	at org.springframework.web.filter.ServletRequestPathFilter.doFilter(ServletRequestPathFilter.java:52)
	at org.springframework.web.filter.CompositeFilter$VirtualFilterChain.doFilter(CompositeFilter.java:113)
	at org.springframework.web.filter.CompositeFilter.doFilter(CompositeFilter.java:74)
	at org.springframework.security.config.annotation.web.configuration.WebSecurityConfiguration$CompositeFilterChainProxy.doFilter(WebSecurityConfiguration.java:319)
	at org.springframework.web.filter.CompositeFilter$VirtualFilterChain.doFilter(CompositeFilter.java:113)
	at org.springframework.web.servlet.handler.HandlerMappingIntrospector.lambda$createCacheFilter$4(HandlerMappingIntrospector.java:267)
	at org.springframework.web.filter.CompositeFilter$VirtualFilterChain.doFilter(CompositeFilter.java:113)
	at org.springframework.web.filter.CompositeFilter.doFilter(CompositeFilter.java:74)
	at org.springframework.security.config.annotation.web.configuration.WebMvcSecurityConfiguration$CompositeFilterChainProxy.doFilter(WebMvcSecurityConfiguration.java:240)
	at org.springframework.web.filter.DelegatingFilterProxy.invokeDelegate(DelegatingFilterProxy.java:362)
	at org.springframework.web.filter.DelegatingFilterProxy.doFilter(DelegatingFilterProxy.java:278)
	at org.apache.catalina.core.ApplicationFilterChain.internalDoFilter(ApplicationFilterChain.java:162)
	at org.apache.catalina.core.ApplicationFilterChain.doFilter(ApplicationFilterChain.java:138)
	at org.springframework.web.filter.RequestContextFilter.doFilterInternal(RequestContextFilter.java:100)
	at org.springframework.web.filter.OncePerRequestFilter.doFilter(OncePerRequestFilter.java:116)
	at org.apache.catalina.core.ApplicationFilterChain.internalDoFilter(ApplicationFilterChain.java:162)
	at org.apache.catalina.core.ApplicationFilterChain.doFilter(ApplicationFilterChain.java:138)
	at org.springframework.web.filter.FormContentFilter.doFilterInternal(FormContentFilter.java:93)
	at org.springframework.web.filter.OncePerRequestFilter.doFilter(OncePerRequestFilter.java:116)
	at org.apache.catalina.core.ApplicationFilterChain.internalDoFilter(ApplicationFilterChain.java:162)
	at org.apache.catalina.core.ApplicationFilterChain.doFilter(ApplicationFilterChain.java:138)
	at org.springframework.web.filter.CharacterEncodingFilter.doFilterInternal(CharacterEncodingFilter.java:201)
	at org.springframework.web.filter.OncePerRequestFilter.doFilter(OncePerRequestFilter.java:116)
	at org.apache.catalina.core.ApplicationFilterChain.internalDoFilter(ApplicationFilterChain.java:162)
	at org.apache.catalina.core.ApplicationFilterChain.doFilter(ApplicationFilterChain.java:138)
	at org.apache.catalina.core.StandardWrapperValve.invoke(StandardWrapperValve.java:165)
	at org.apache.catalina.core.StandardContextValve.invoke(StandardContextValve.java:88)
	at org.apache.catalina.authenticator.AuthenticatorBase.invoke(AuthenticatorBase.java:482)
	at org.apache.catalina.core.StandardHostValve.invoke(StandardHostValve.java:113)
	at org.apache.catalina.valves.ErrorReportValve.invoke(ErrorReportValve.java:83)
	at org.apache.catalina.core.StandardEngineValve.invoke(StandardEngineValve.java:72)
	at org.apache.catalina.connector.CoyoteAdapter.service(CoyoteAdapter.java:342)
	at org.apache.coyote.http11.Http11Processor.service(Http11Processor.java:399)
	at org.apache.coyote.AbstractProcessorLight.process(AbstractProcessorLight.java:63)
	at org.apache.coyote.AbstractProtocol$ConnectionHandler.process(AbstractProtocol.java:903)
	at org.apache.tomcat.util.net.NioEndpoint$SocketProcessor.doRun(NioEndpoint.java:1774)
	at org.apache.tomcat.util.net.SocketProcessorBase.run(SocketProcessorBase.java:52)
	at org.apache.tomcat.util.threads.ThreadPoolExecutor.runWorker(ThreadPoolExecutor.java:973)
	at org.apache.tomcat.util.threads.ThreadPoolExecutor$Worker.run(ThreadPoolExecutor.java:491)
	at org.apache.tomcat.util.threads.TaskThread$WrappingRunnable.run(TaskThread.java:63)
	at java.base/java.lang.Thread.run(Thread.java:1583)
2025-11-30 08:03:19.002 [http-nio-9090-exec-2] DEBUG o.s.security.web.FilterChainProxy - Securing POST /error
2025-11-30 08:03:19.002 [http-nio-9090-exec-2] DEBUG o.s.s.w.a.AnonymousAuthenticationFilter - Set SecurityContextHolder to anonymous SecurityContext
2025-11-30 08:03:24.261 [http-nio-9090-exec-3] DEBUG o.s.security.web.FilterChainProxy - Securing OPTIONS /public/products/fetchProducts
2025-11-30 08:03:24.261 [http-nio-9090-exec-6] DEBUG o.s.security.web.FilterChainProxy - Securing OPTIONS /customer/myprofile
2025-11-30 08:03:24.261 [http-nio-9090-exec-5] DEBUG o.s.security.web.FilterChainProxy - Securing OPTIONS /public/products/fetchProducts
2025-11-30 08:03:24.261 [http-nio-9090-exec-4] DEBUG o.s.security.web.FilterChainProxy - Securing OPTIONS /customer/myprofile
2025-11-30 08:03:24.265 [http-nio-9090-exec-9] DEBUG o.s.security.web.FilterChainProxy - Securing GET /public/products/fetchProducts
2025-11-30 08:03:24.265 [http-nio-9090-exec-10] DEBUG o.s.security.web.FilterChainProxy - Securing GET /public/products/fetchProducts
2025-11-30 08:03:24.265 [http-nio-9090-exec-8] DEBUG o.s.security.web.FilterChainProxy - Securing GET /customer/myprofile
2025-11-30 08:03:24.265 [http-nio-9090-exec-7] DEBUG o.s.security.web.FilterChainProxy - Securing GET /customer/myprofile
2025-11-30 08:03:24.265 [http-nio-9090-exec-9] DEBUG c.a.b.config.JwtAuthenticationFilter - >>> Request GET /api/v1.0/public/products/fetchProducts
2025-11-30 08:03:24.265 [http-nio-9090-exec-10] DEBUG c.a.b.config.JwtAuthenticationFilter - >>> Request GET /api/v1.0/public/products/fetchProducts
2025-11-30 08:03:24.265 [http-nio-9090-exec-9] DEBUG c.a.b.config.JwtAuthenticationFilter - Token received (first 20 chars): eyJhbGciOiJIUzI1NiJ9...
2025-11-30 08:03:24.265 [http-nio-9090-exec-10] DEBUG c.a.b.config.JwtAuthenticationFilter - Token received (first 20 chars): eyJhbGciOiJIUzI1NiJ9...
2025-11-30 08:03:24.265 [http-nio-9090-exec-8] DEBUG c.a.b.config.JwtAuthenticationFilter - >>> Request GET /api/v1.0/customer/myprofile
2025-11-30 08:03:24.265 [http-nio-9090-exec-8] DEBUG c.a.b.config.JwtAuthenticationFilter - Token received (first 20 chars): eyJhbGciOiJIUzI1NiJ9...
2025-11-30 08:03:24.265 [http-nio-9090-exec-7] DEBUG c.a.b.config.JwtAuthenticationFilter - >>> Request GET /api/v1.0/customer/myprofile
2025-11-30 08:03:24.265 [http-nio-9090-exec-7] DEBUG c.a.b.config.JwtAuthenticationFilter - Token received (first 20 chars): eyJhbGciOiJIUzI1NiJ9...
2025-11-30 08:03:24.274 [http-nio-9090-exec-10] INFO  c.a.b.config.JwtAuthenticationFilter - Authorities for audrio8802@gmail.com: [ROLE_CUSTOMER]
2025-11-30 08:03:24.274 [http-nio-9090-exec-8] INFO  c.a.b.config.JwtAuthenticationFilter - Authorities for audrio8802@gmail.com: [ROLE_CUSTOMER]
2025-11-30 08:03:24.274 [http-nio-9090-exec-7] INFO  c.a.b.config.JwtAuthenticationFilter - Authorities for audrio8802@gmail.com: [ROLE_CUSTOMER]
2025-11-30 08:03:24.274 [http-nio-9090-exec-10] DEBUG c.a.b.config.JwtAuthenticationFilter - Authenticated user from JWT: audrio8802@gmail.com
2025-11-30 08:03:24.274 [http-nio-9090-exec-10] INFO  c.a.b.config.JwtAuthenticationFilter - Authenticated user: audrio8802@gmail.com
2025-11-30 08:03:24.274 [http-nio-9090-exec-10] INFO  c.a.b.config.JwtAuthenticationFilter - Authorities: [ROLE_CUSTOMER]
2025-11-30 08:03:24.274 [http-nio-9090-exec-8] DEBUG c.a.b.config.JwtAuthenticationFilter - Authenticated user from JWT: audrio8802@gmail.com
2025-11-30 08:03:24.274 [http-nio-9090-exec-8] INFO  c.a.b.config.JwtAuthenticationFilter - Authenticated user: audrio8802@gmail.com
2025-11-30 08:03:24.274 [http-nio-9090-exec-8] INFO  c.a.b.config.JwtAuthenticationFilter - Authorities: [ROLE_CUSTOMER]
2025-11-30 08:03:24.274 [http-nio-9090-exec-7] DEBUG c.a.b.config.JwtAuthenticationFilter - Authenticated user from JWT: audrio8802@gmail.com
2025-11-30 08:03:24.274 [http-nio-9090-exec-7] INFO  c.a.b.config.JwtAuthenticationFilter - Authenticated user: audrio8802@gmail.com
2025-11-30 08:03:24.274 [http-nio-9090-exec-7] INFO  c.a.b.config.JwtAuthenticationFilter - Authorities: [ROLE_CUSTOMER]
2025-11-30 08:03:24.274 [http-nio-9090-exec-10] DEBUG o.s.security.web.FilterChainProxy - Secured GET /public/products/fetchProducts
2025-11-30 08:03:24.274 [http-nio-9090-exec-8] DEBUG o.s.security.web.FilterChainProxy - Secured GET /customer/myprofile
2025-11-30 08:03:24.274 [http-nio-9090-exec-7] DEBUG o.s.security.web.FilterChainProxy - Secured GET /customer/myprofile
2025-11-30 08:03:24.274 [http-nio-9090-exec-9] INFO  c.a.b.config.JwtAuthenticationFilter - Authorities for audrio8802@gmail.com: [ROLE_CUSTOMER]
2025-11-30 08:03:24.274 [http-nio-9090-exec-9] DEBUG c.a.b.config.JwtAuthenticationFilter - Authenticated user from JWT: audrio8802@gmail.com
2025-11-30 08:03:24.274 [http-nio-9090-exec-9] INFO  c.a.b.config.JwtAuthenticationFilter - Authenticated user: audrio8802@gmail.com
2025-11-30 08:03:24.274 [http-nio-9090-exec-9] INFO  c.a.b.config.JwtAuthenticationFilter - Authorities: [ROLE_CUSTOMER]
2025-11-30 08:03:24.274 [http-nio-9090-exec-9] DEBUG o.s.security.web.FilterChainProxy - Secured GET /public/products/fetchProducts
2025-11-30 08:03:24.274 [http-nio-9090-exec-10] INFO  c.a.b.controller.ProductController - Method : GET | Endpoint : /public/products/fetchProducts | Payload : 200 OK
2025-11-30 08:03:24.274 [http-nio-9090-exec-9] INFO  c.a.b.controller.ProductController - Method : GET | Endpoint : /public/products/fetchProducts | Payload : 200 OK
2025-11-30 08:03:24.278 [http-nio-9090-exec-7] INFO  c.a.b.controller.CustomerController - Method : GET | Endpoint : /customer/myprofile | Payload : Bearer eyJhbGciOiJIUzI1NiJ9.eyJyb2xlIjoiQ1VTVE9NRVIiLCJwdXJwb3NlIjoiYWNjZXNzIiwic3ViIjoiYXVkcmlvODgwMkBnbWFpbC5jb20iLCJpYXQiOjE3NjQ0NTA3NTUsImV4cCI6MTc2NDUzNzE1NX0.NF7S5I2pgZvEF_ScdLmZq6zuhRA4p5dQm2FHP35hdYY
2025-11-30 08:03:24.278 [http-nio-9090-exec-8] INFO  c.a.b.controller.CustomerController - Method : GET | Endpoint : /customer/myprofile | Payload : Bearer eyJhbGciOiJIUzI1NiJ9.eyJyb2xlIjoiQ1VTVE9NRVIiLCJwdXJwb3NlIjoiYWNjZXNzIiwic3ViIjoiYXVkcmlvODgwMkBnbWFpbC5jb20iLCJpYXQiOjE3NjQ0NTA3NTUsImV4cCI6MTc2NDUzNzE1NX0.NF7S5I2pgZvEF_ScdLmZq6zuhRA4p5dQm2FHP35hdYY
2025-11-30 08:03:24.278 [http-nio-9090-exec-7] INFO  c.a.b.s.impl.CustomerServiceImpl - GET CUSTOMER PROFILE START | EMAIL: audrio8802@gmail.com
2025-11-30 08:03:24.278 [http-nio-9090-exec-8] INFO  c.a.b.s.impl.CustomerServiceImpl - GET CUSTOMER PROFILE START | EMAIL: audrio8802@gmail.com
2025-11-30 08:03:24.283 [http-nio-9090-exec-7] INFO  c.a.b.s.impl.CustomerServiceImpl - GET CUSTOMER PROFILE SUCCESS
2025-11-30 08:03:24.283 [http-nio-9090-exec-8] INFO  c.a.b.s.impl.CustomerServiceImpl - GET CUSTOMER PROFILE SUCCESS
2025-11-30 08:03:24.283 [http-nio-9090-exec-8] DEBUG c.a.b.s.impl.CustomerServiceImpl - Converting entity to response for customer ID: 49b697a8-c144-4145-a894-e32477c12451
2025-11-30 08:03:24.283 [http-nio-9090-exec-7] DEBUG c.a.b.s.impl.CustomerServiceImpl - Converting entity to response for customer ID: 49b697a8-c144-4145-a894-e32477c12451
2025-11-30 08:03:24.322 [http-nio-9090-exec-1] DEBUG o.s.security.web.FilterChainProxy - Securing OPTIONS /customer/order/49b697a8-c144-4145-a894-e32477c12451
2025-11-30 08:03:24.322 [http-nio-9090-exec-2] DEBUG o.s.security.web.FilterChainProxy - Securing OPTIONS /customer/cart/mycart/49b697a8-c144-4145-a894-e32477c12451
2025-11-30 08:03:24.327 [http-nio-9090-exec-6] DEBUG o.s.security.web.FilterChainProxy - Securing GET /customer/order/49b697a8-c144-4145-a894-e32477c12451
2025-11-30 08:03:24.327 [http-nio-9090-exec-5] DEBUG o.s.security.web.FilterChainProxy - Securing GET /customer/cart/mycart/49b697a8-c144-4145-a894-e32477c12451
2025-11-30 08:03:24.327 [http-nio-9090-exec-5] DEBUG c.a.b.config.JwtAuthenticationFilter - >>> Request GET /api/v1.0/customer/cart/mycart/49b697a8-c144-4145-a894-e32477c12451
2025-11-30 08:03:24.327 [http-nio-9090-exec-5] DEBUG c.a.b.config.JwtAuthenticationFilter - Token received (first 20 chars): eyJhbGciOiJIUzI1NiJ9...
2025-11-30 08:03:24.327 [http-nio-9090-exec-6] DEBUG c.a.b.config.JwtAuthenticationFilter - >>> Request GET /api/v1.0/customer/order/49b697a8-c144-4145-a894-e32477c12451
2025-11-30 08:03:24.327 [http-nio-9090-exec-6] DEBUG c.a.b.config.JwtAuthenticationFilter - Token received (first 20 chars): eyJhbGciOiJIUzI1NiJ9...
2025-11-30 08:03:24.335 [http-nio-9090-exec-5] INFO  c.a.b.config.JwtAuthenticationFilter - Authorities for audrio8802@gmail.com: [ROLE_CUSTOMER]
2025-11-30 08:03:24.335 [http-nio-9090-exec-6] INFO  c.a.b.config.JwtAuthenticationFilter - Authorities for audrio8802@gmail.com: [ROLE_CUSTOMER]
2025-11-30 08:03:24.335 [http-nio-9090-exec-5] DEBUG c.a.b.config.JwtAuthenticationFilter - Authenticated user from JWT: audrio8802@gmail.com
2025-11-30 08:03:24.335 [http-nio-9090-exec-6] DEBUG c.a.b.config.JwtAuthenticationFilter - Authenticated user from JWT: audrio8802@gmail.com
2025-11-30 08:03:24.335 [http-nio-9090-exec-5] INFO  c.a.b.config.JwtAuthenticationFilter - Authenticated user: audrio8802@gmail.com
2025-11-30 08:03:24.335 [http-nio-9090-exec-6] INFO  c.a.b.config.JwtAuthenticationFilter - Authenticated user: audrio8802@gmail.com
2025-11-30 08:03:24.335 [http-nio-9090-exec-5] INFO  c.a.b.config.JwtAuthenticationFilter - Authorities: [ROLE_CUSTOMER]
2025-11-30 08:03:24.335 [http-nio-9090-exec-6] INFO  c.a.b.config.JwtAuthenticationFilter - Authorities: [ROLE_CUSTOMER]
2025-11-30 08:03:24.335 [http-nio-9090-exec-6] DEBUG o.s.security.web.FilterChainProxy - Secured GET /customer/order/49b697a8-c144-4145-a894-e32477c12451
2025-11-30 08:03:24.335 [http-nio-9090-exec-5] DEBUG o.s.security.web.FilterChainProxy - Secured GET /customer/cart/mycart/49b697a8-c144-4145-a894-e32477c12451
2025-11-30 08:03:24.338 [http-nio-9090-exec-6] INFO  c.a.b.controller.OrderController - REQUEST ORDERS BY CUSTOMER → 49b697a8-c144-4145-a894-e32477c12451
2025-11-30 08:03:24.338 [http-nio-9090-exec-5] INFO  c.a.b.controller.CartController - GET /customer/mycart/49b697a8-c144-4145-a894-e32477c12451
2025-11-30 08:03:24.339 [http-nio-9090-exec-6] DEBUG c.a.b.service.impl.OrderServiceImpl - Request daftar order customer → ID: 49b697a8-c144-4145-a894-e32477c12451
2025-11-30 08:03:35.423 [http-nio-9090-exec-4] DEBUG o.s.security.web.FilterChainProxy - Securing OPTIONS /customer/order/create
2025-11-30 08:03:35.428 [http-nio-9090-exec-3] DEBUG o.s.security.web.FilterChainProxy - Securing POST /customer/order/create
2025-11-30 08:03:35.428 [http-nio-9090-exec-3] DEBUG c.a.b.config.JwtAuthenticationFilter - >>> Request POST /api/v1.0/customer/order/create
2025-11-30 08:03:35.428 [http-nio-9090-exec-3] DEBUG c.a.b.config.JwtAuthenticationFilter - Token received (first 20 chars): eyJhbGciOiJIUzI1NiJ9...
2025-11-30 08:03:35.436 [http-nio-9090-exec-3] INFO  c.a.b.config.JwtAuthenticationFilter - Authorities for audrio8802@gmail.com: [ROLE_CUSTOMER]
2025-11-30 08:03:35.436 [http-nio-9090-exec-3] DEBUG c.a.b.config.JwtAuthenticationFilter - Authenticated user from JWT: audrio8802@gmail.com
2025-11-30 08:03:35.436 [http-nio-9090-exec-3] INFO  c.a.b.config.JwtAuthenticationFilter - Authenticated user: audrio8802@gmail.com
2025-11-30 08:03:35.436 [http-nio-9090-exec-3] INFO  c.a.b.config.JwtAuthenticationFilter - Authorities: [ROLE_CUSTOMER]
2025-11-30 08:03:35.436 [http-nio-9090-exec-3] DEBUG o.s.security.web.FilterChainProxy - Secured POST /customer/order/create
2025-11-30 08:03:35.436 [http-nio-9090-exec-3] INFO  c.a.b.controller.OrderController - RECEIVED CREATE ORDER → customerId: 49b697a8-c144-4145-a894-e32477c12451, items: 2
2025-11-30 08:03:35.436 [http-nio-9090-exec-3] INFO  c.a.b.service.impl.OrderServiceImpl - === MEMULAI PEMBUATAN ORDER BARU ===
2025-11-30 08:03:35.436 [http-nio-9090-exec-3] INFO  c.a.b.service.impl.OrderServiceImpl - Request dari customerId: 49b697a8-c144-4145-a894-e32477c12451
2025-11-30 08:03:35.436 [http-nio-9090-exec-3] INFO  c.a.b.service.impl.OrderServiceImpl - Alamat pengiriman: JL Sudorman, Surabaya
2025-11-30 08:03:35.436 [http-nio-9090-exec-3] INFO  c.a.b.service.impl.OrderServiceImpl - Jumlah item di keranjang: 2
2025-11-30 08:03:35.436 [http-nio-9090-exec-3] INFO  c.a.b.service.impl.OrderServiceImpl - Customer ditemukan: Zwita Sianturi (audrio8802@gmail.com)
2025-11-30 08:03:35.440 [http-nio-9090-exec-3] INFO  c.a.b.service.impl.OrderServiceImpl - Order number yang digenerate: ORD-20251130-0002
2025-11-30 08:03:35.440 [http-nio-9090-exec-3] DEBUG c.a.b.service.impl.OrderServiceImpl - Check stock → Product: Butter Brioche (ID: 09cc3466-71b5-492a-9320-7c1dadbccc30), Stock saat ini: 80, Diminta: 3
2025-11-30 08:03:35.440 [http-nio-9090-exec-3] INFO  c.a.b.service.impl.OrderServiceImpl - Item ditambahkan → Butter Brioche × 3 (Rp 22000.0, subtotal Rp 66000.0)
2025-11-30 08:03:35.440 [http-nio-9090-exec-3] DEBUG c.a.b.service.impl.OrderServiceImpl - Check stock → Product: Cinnamon Roll Classic (ID: 1b1d7cdd-b551-468e-b399-bcf98cdf8051), Stock saat ini: 70, Diminta: 1
2025-11-30 08:03:35.440 [http-nio-9090-exec-3] INFO  c.a.b.service.impl.OrderServiceImpl - Item ditambahkan → Cinnamon Roll Classic × 1 (Rp 25000.0, subtotal Rp 25000.0)
2025-11-30 08:03:35.440 [http-nio-9090-exec-3] INFO  c.a.b.s.impl.PaymentServiceImpl - Midtrans Config v3.0.0 → Production: false, ServerKey: SET
2025-11-30 08:03:35.440 [http-nio-9090-exec-3] INFO  okhttp3.OkHttpClient - --> POST https://app.sandbox.midtrans.com/snap/v1/transactions
2025-11-30 08:03:35.440 [http-nio-9090-exec-3] INFO  okhttp3.OkHttpClient - Content-Type: application/json; charset=utf-8
2025-11-30 08:03:35.440 [http-nio-9090-exec-3] INFO  okhttp3.OkHttpClient - Content-Length: 538
2025-11-30 08:03:35.440 [http-nio-9090-exec-3] INFO  okhttp3.OkHttpClient - 
2025-11-30 08:03:35.440 [http-nio-9090-exec-3] INFO  okhttp3.OkHttpClient - {"item_details":[{"name":"Butter Brioche","quantity":3,"id":"09cc3466-71b5-492a-9320-7c1dadbccc30","price":22000},{"name":"Cinnamon Roll Classic","quantity":1,"id":"1b1d7cdd-b551-468e-b399-bcf98cdf8051","price":25000},{"name":"Biaya Pengiriman","quantity":1,"id":"SHIPPING","price":15000},{"name":"Biaya Layanan","quantity":1,"id":"SERVICE","price":2000}],"customer_details":{"phone":"082150272529","first_name":"Zwita Sianturi","email":"audrio8802@gmail.com"},"transaction_details":{"order_id":"ORD-20251130-0002","gross_amount":108000}}
2025-11-30 08:03:35.440 [http-nio-9090-exec-3] INFO  okhttp3.OkHttpClient - --> END POST (538-byte body)
2025-11-30 08:03:35.614 [http-nio-9090-exec-3] INFO  okhttp3.OkHttpClient - <-- 201 https://app.sandbox.midtrans.com/snap/v1/transactions (172ms)
2025-11-30 08:03:35.614 [http-nio-9090-exec-3] INFO  okhttp3.OkHttpClient - location: http://snap.i.b-id-ca-eks-01.gopay.sh/snap/v1/transactions/30f5ad17-146b-411e-a095-1dbd81bbbd12
2025-11-30 08:03:35.614 [http-nio-9090-exec-3] INFO  okhttp3.OkHttpClient - content-type: application/json; charset=utf-8
2025-11-30 08:03:35.614 [http-nio-9090-exec-3] INFO  okhttp3.OkHttpClient - vary: Accept,Accept-Encoding
2025-11-30 08:03:35.614 [http-nio-9090-exec-3] INFO  okhttp3.OkHttpClient - x-request-id: b8e415eb-7b72-4203-b8ef-7e0e31ece9d9
2025-11-30 08:03:35.614 [http-nio-9090-exec-3] INFO  okhttp3.OkHttpClient - referrer-policy: origin-when-cross-origin
2025-11-30 08:03:35.614 [http-nio-9090-exec-3] INFO  okhttp3.OkHttpClient - x-content-type-options: nosniff
2025-11-30 08:03:35.614 [http-nio-9090-exec-3] INFO  okhttp3.OkHttpClient - x-download-options: noopen
2025-11-30 08:03:35.614 [http-nio-9090-exec-3] INFO  okhttp3.OkHttpClient - x-frame-options: SAMEORIGIN
2025-11-30 08:03:35.614 [http-nio-9090-exec-3] INFO  okhttp3.OkHttpClient - x-permitted-cross-domain-policies: none
2025-11-30 08:03:35.614 [http-nio-9090-exec-3] INFO  okhttp3.OkHttpClient - x-xss-protection: 1; mode=block
2025-11-30 08:03:35.614 [http-nio-9090-exec-3] INFO  okhttp3.OkHttpClient - x-envoy-upstream-service-time: 114
2025-11-30 08:03:35.614 [http-nio-9090-exec-3] INFO  okhttp3.OkHttpClient - date: Sun, 30 Nov 2025 01:03:34 GMT
2025-11-30 08:03:35.614 [http-nio-9090-exec-3] INFO  okhttp3.OkHttpClient - server: istio-envoy
2025-11-30 08:03:35.614 [http-nio-9090-exec-3] INFO  okhttp3.OkHttpClient - 
2025-11-30 08:03:35.614 [http-nio-9090-exec-3] INFO  okhttp3.OkHttpClient - {"token":"30f5ad17-146b-411e-a095-1dbd81bbbd12","redirect_url":"https://app.sandbox.midtrans.com/snap/v4/redirection/30f5ad17-146b-411e-a095-1dbd81bbbd12"}
2025-11-30 08:03:35.614 [http-nio-9090-exec-3] INFO  okhttp3.OkHttpClient - <-- END HTTP (155-byte body)
2025-11-30 08:03:35.614 [http-nio-9090-exec-3] INFO  c.a.b.s.impl.PaymentServiceImpl - Token Midtrans berhasil dibuat untuk order: ORD-20251130-0002
2025-11-30 08:03:35.618 [http-nio-9090-exec-3] WARN  o.h.e.jdbc.spi.SqlExceptionHelper - SQL Error: 1366, SQLState: HY000
2025-11-30 08:03:35.618 [http-nio-9090-exec-3] ERROR o.h.e.jdbc.spi.SqlExceptionHelper - Incorrect string value: '\xD5H=\x8E\xF0\xEC...' for column 'id_order_detail' at row 1
2025-11-30 08:03:35.622 [http-nio-9090-exec-3] ERROR o.a.c.c.C.[.[.[.0.[dispatcherServlet] - Servlet.service() for servlet [dispatcherServlet] in context with path [/api/v1.0] threw exception [Request processing failed: org.springframework.orm.jpa.JpaSystemException: could not execute statement [Incorrect string value: '\xD5H=\x8E\xF0\xEC...' for column 'id_order_detail' at row 1] [insert into order_details (id_order,id_product,quantity,subtotal,unit_price,id_order_detail) values (?,?,?,?,?,?)]] with root cause
java.sql.SQLException: Incorrect string value: '\xD5H=\x8E\xF0\xEC...' for column 'id_order_detail' at row 1
	at com.mysql.cj.jdbc.exceptions.SQLError.createSQLException(SQLError.java:121)
	at com.mysql.cj.jdbc.exceptions.SQLExceptionsMapping.translateException(SQLExceptionsMapping.java:114)
	at com.mysql.cj.jdbc.ClientPreparedStatement.executeInternal(ClientPreparedStatement.java:988)
	at com.mysql.cj.jdbc.ClientPreparedStatement.executeUpdateInternal(ClientPreparedStatement.java:1166)
	at com.mysql.cj.jdbc.ClientPreparedStatement.executeUpdateInternal(ClientPreparedStatement.java:1101)
	at com.mysql.cj.jdbc.ClientPreparedStatement.executeLargeUpdate(ClientPreparedStatement.java:1448)
	at com.mysql.cj.jdbc.ClientPreparedStatement.executeUpdate(ClientPreparedStatement.java:1084)
	at com.zaxxer.hikari.pool.ProxyPreparedStatement.executeUpdate(ProxyPreparedStatement.java:61)
	at com.zaxxer.hikari.pool.HikariProxyPreparedStatement.executeUpdate(HikariProxyPreparedStatement.java)
	at org.hibernate.engine.jdbc.internal.ResultSetReturnImpl.executeUpdate(ResultSetReturnImpl.java:194)
	at org.hibernate.engine.jdbc.mutation.internal.AbstractMutationExecutor.performNonBatchedMutation(AbstractMutationExecutor.java:134)
	at org.hibernate.engine.jdbc.mutation.internal.MutationExecutorSingleNonBatched.performNonBatchedOperations(MutationExecutorSingleNonBatched.java:55)
	at org.hibernate.engine.jdbc.mutation.internal.AbstractMutationExecutor.execute(AbstractMutationExecutor.java:55)
	at org.hibernate.persister.entity.mutation.InsertCoordinatorStandard.doStaticInserts(InsertCoordinatorStandard.java:194)
	at org.hibernate.persister.entity.mutation.InsertCoordinatorStandard.coordinateInsert(InsertCoordinatorStandard.java:132)
	at org.hibernate.persister.entity.mutation.InsertCoordinatorStandard.insert(InsertCoordinatorStandard.java:104)
	at org.hibernate.action.internal.EntityInsertAction.execute(EntityInsertAction.java:110)
	at org.hibernate.engine.spi.ActionQueue.executeActions(ActionQueue.java:644)
	at org.hibernate.engine.spi.ActionQueue.executeActions(ActionQueue.java:511)
	at org.hibernate.event.internal.AbstractFlushingEventListener.performExecutions(AbstractFlushingEventListener.java:414)
	at org.hibernate.event.internal.DefaultFlushEventListener.onFlush(DefaultFlushEventListener.java:41)
	at org.hibernate.event.service.internal.EventListenerGroupImpl.fireEventOnEachListener(EventListenerGroupImpl.java:127)
	at org.hibernate.internal.SessionImpl.doFlush(SessionImpl.java:1429)
	at org.hibernate.internal.SessionImpl.managedFlush(SessionImpl.java:491)
	at org.hibernate.internal.SessionImpl.flushBeforeTransactionCompletion(SessionImpl.java:2354)
	at org.hibernate.internal.SessionImpl.beforeTransactionCompletion(SessionImpl.java:1978)
	at org.hibernate.engine.jdbc.internal.JdbcCoordinatorImpl.beforeTransactionCompletion(JdbcCoordinatorImpl.java:439)
	at org.hibernate.resource.transaction.backend.jdbc.internal.JdbcResourceLocalTransactionCoordinatorImpl.beforeCompletionCallback(JdbcResourceLocalTransactionCoordinatorImpl.java:169)
	at org.hibernate.resource.transaction.backend.jdbc.internal.JdbcResourceLocalTransactionCoordinatorImpl$TransactionDriverControlImpl.commit(JdbcResourceLocalTransactionCoordinatorImpl.java:267)
	at org.hibernate.engine.transaction.internal.TransactionImpl.commit(TransactionImpl.java:101)
	at org.springframework.orm.jpa.JpaTransactionManager.doCommit(JpaTransactionManager.java:563)
	at org.springframework.transaction.support.AbstractPlatformTransactionManager.processCommit(AbstractPlatformTransactionManager.java:795)
	at org.springframework.transaction.support.AbstractPlatformTransactionManager.commit(AbstractPlatformTransactionManager.java:758)
	at org.springframework.transaction.interceptor.TransactionAspectSupport.commitTransactionAfterReturning(TransactionAspectSupport.java:698)
	at org.springframework.transaction.interceptor.TransactionAspectSupport.invokeWithinTransaction(TransactionAspectSupport.java:416)
	at org.springframework.transaction.interceptor.TransactionInterceptor.invoke(TransactionInterceptor.java:119)
	at org.springframework.aop.framework.ReflectiveMethodInvocation.proceed(ReflectiveMethodInvocation.java:184)
	at org.springframework.aop.framework.CglibAopProxy$DynamicAdvisedInterceptor.intercept(CglibAopProxy.java:728)
	at com.audrio.backendbakrie.service.impl.OrderServiceImpl$$SpringCGLIB$$0.createOrder(<generated>)
	at com.audrio.backendbakrie.controller.OrderController.createOrder(OrderController.java:30)
	at java.base/jdk.internal.reflect.DirectMethodHandleAccessor.invoke(DirectMethodHandleAccessor.java:103)
	at java.base/java.lang.reflect.Method.invoke(Method.java:580)
	at org.springframework.web.method.support.InvocableHandlerMethod.doInvoke(InvocableHandlerMethod.java:258)
	at org.springframework.web.method.support.InvocableHandlerMethod.invokeForRequest(InvocableHandlerMethod.java:191)
	at org.springframework.web.servlet.mvc.method.annotation.ServletInvocableHandlerMethod.invokeAndHandle(ServletInvocableHandlerMethod.java:118)
	at org.springframework.web.servlet.mvc.method.annotation.RequestMappingHandlerAdapter.invokeHandlerMethod(RequestMappingHandlerAdapter.java:991)
	at org.springframework.web.servlet.mvc.method.annotation.RequestMappingHandlerAdapter.handleInternal(RequestMappingHandlerAdapter.java:896)
	at org.springframework.web.servlet.mvc.method.AbstractHandlerMethodAdapter.handle(AbstractHandlerMethodAdapter.java:87)
	at org.springframework.web.servlet.DispatcherServlet.doDispatch(DispatcherServlet.java:1089)
	at org.springframework.web.servlet.DispatcherServlet.doService(DispatcherServlet.java:979)
	at org.springframework.web.servlet.FrameworkServlet.processRequest(FrameworkServlet.java:1014)
	at org.springframework.web.servlet.FrameworkServlet.doPost(FrameworkServlet.java:914)
	at jakarta.servlet.http.HttpServlet.service(HttpServlet.java:590)
	at org.springframework.web.servlet.FrameworkServlet.service(FrameworkServlet.java:885)
	at jakarta.servlet.http.HttpServlet.service(HttpServlet.java:658)
	at org.apache.catalina.core.ApplicationFilterChain.internalDoFilter(ApplicationFilterChain.java:193)
	at org.apache.catalina.core.ApplicationFilterChain.doFilter(ApplicationFilterChain.java:138)
	at org.apache.tomcat.websocket.server.WsFilter.doFilter(WsFilter.java:51)
	at org.apache.catalina.core.ApplicationFilterChain.internalDoFilter(ApplicationFilterChain.java:162)
	at org.apache.catalina.core.ApplicationFilterChain.doFilter(ApplicationFilterChain.java:138)
	at org.springframework.web.filter.OncePerRequestFilter.doFilter(OncePerRequestFilter.java:110)
	at org.apache.catalina.core.ApplicationFilterChain.internalDoFilter(ApplicationFilterChain.java:162)
	at org.apache.catalina.core.ApplicationFilterChain.doFilter(ApplicationFilterChain.java:138)
	at org.springframework.web.filter.CompositeFilter$VirtualFilterChain.doFilter(CompositeFilter.java:108)
	at org.springframework.web.filter.CompositeFilter$VirtualFilterChain.doFilter(CompositeFilter.java:108)
	at org.springframework.security.web.FilterChainProxy.lambda$doFilterInternal$3(FilterChainProxy.java:231)
	at org.springframework.security.web.FilterChainProxy$VirtualFilterChain.doFilter(FilterChainProxy.java:365)
	at org.springframework.security.web.access.intercept.AuthorizationFilter.doFilter(AuthorizationFilter.java:101)
	at org.springframework.security.web.FilterChainProxy$VirtualFilterChain.doFilter(FilterChainProxy.java:374)
	at org.springframework.security.web.access.ExceptionTranslationFilter.doFilter(ExceptionTranslationFilter.java:125)
	at org.springframework.security.web.access.ExceptionTranslationFilter.doFilter(ExceptionTranslationFilter.java:119)
	at org.springframework.security.web.FilterChainProxy$VirtualFilterChain.doFilter(FilterChainProxy.java:374)
	at org.springframework.security.web.session.SessionManagementFilter.doFilter(SessionManagementFilter.java:131)
	at org.springframework.security.web.session.SessionManagementFilter.doFilter(SessionManagementFilter.java:85)
	at org.springframework.security.web.FilterChainProxy$VirtualFilterChain.doFilter(FilterChainProxy.java:374)
	at org.springframework.security.web.authentication.AnonymousAuthenticationFilter.doFilter(AnonymousAuthenticationFilter.java:100)
	at org.springframework.security.web.FilterChainProxy$VirtualFilterChain.doFilter(FilterChainProxy.java:374)
	at org.springframework.security.web.servletapi.SecurityContextHolderAwareRequestFilter.doFilter(SecurityContextHolderAwareRequestFilter.java:179)
	at org.springframework.security.web.FilterChainProxy$VirtualFilterChain.doFilter(FilterChainProxy.java:374)
	at org.springframework.security.web.savedrequest.RequestCacheAwareFilter.doFilter(RequestCacheAwareFilter.java:63)
	at org.springframework.security.web.FilterChainProxy$VirtualFilterChain.doFilter(FilterChainProxy.java:374)
	at com.audrio.backendbakrie.config.JwtAuthenticationFilter.doFilterInternal(JwtAuthenticationFilter.java:131)
	at org.springframework.web.filter.OncePerRequestFilter.doFilter(OncePerRequestFilter.java:116)
	at org.springframework.security.web.FilterChainProxy$VirtualFilterChain.doFilter(FilterChainProxy.java:374)
	at org.springframework.security.web.authentication.logout.LogoutFilter.doFilter(LogoutFilter.java:107)
	at org.springframework.security.web.authentication.logout.LogoutFilter.doFilter(LogoutFilter.java:93)
	at org.springframework.security.web.FilterChainProxy$VirtualFilterChain.doFilter(FilterChainProxy.java:374)
	at org.springframework.web.filter.CorsFilter.doFilterInternal(CorsFilter.java:91)
	at org.springframework.web.filter.OncePerRequestFilter.doFilter(OncePerRequestFilter.java:116)
	at org.springframework.security.web.FilterChainProxy$VirtualFilterChain.doFilter(FilterChainProxy.java:374)
	at org.springframework.security.web.header.HeaderWriterFilter.doHeadersAfter(HeaderWriterFilter.java:90)
	at org.springframework.security.web.header.HeaderWriterFilter.doFilterInternal(HeaderWriterFilter.java:75)
	at org.springframework.web.filter.OncePerRequestFilter.doFilter(OncePerRequestFilter.java:116)
	at org.springframework.security.web.FilterChainProxy$VirtualFilterChain.doFilter(FilterChainProxy.java:374)
	at org.springframework.security.web.context.SecurityContextHolderFilter.doFilter(SecurityContextHolderFilter.java:82)
	at org.springframework.security.web.context.SecurityContextHolderFilter.doFilter(SecurityContextHolderFilter.java:69)
	at org.springframework.security.web.FilterChainProxy$VirtualFilterChain.doFilter(FilterChainProxy.java:374)
	at org.springframework.security.web.context.request.async.WebAsyncManagerIntegrationFilter.doFilterInternal(WebAsyncManagerIntegrationFilter.java:62)
	at org.springframework.web.filter.OncePerRequestFilter.doFilter(OncePerRequestFilter.java:116)
	at org.springframework.security.web.FilterChainProxy$VirtualFilterChain.doFilter(FilterChainProxy.java:374)
	at org.springframework.security.web.session.DisableEncodeUrlFilter.doFilterInternal(DisableEncodeUrlFilter.java:42)
	at org.springframework.web.filter.OncePerRequestFilter.doFilter(OncePerRequestFilter.java:116)
	at org.springframework.security.web.FilterChainProxy$VirtualFilterChain.doFilter(FilterChainProxy.java:374)
	at org.springframework.security.web.FilterChainProxy.doFilterInternal(FilterChainProxy.java:233)
	at org.springframework.security.web.FilterChainProxy.doFilter(FilterChainProxy.java:191)
	at org.springframework.web.filter.CompositeFilter$VirtualFilterChain.doFilter(CompositeFilter.java:113)
	at org.springframework.web.filter.ServletRequestPathFilter.doFilter(ServletRequestPathFilter.java:52)
	at org.springframework.web.filter.CompositeFilter$VirtualFilterChain.doFilter(CompositeFilter.java:113)
	at org.springframework.web.filter.CompositeFilter.doFilter(CompositeFilter.java:74)
	at org.springframework.security.config.annotation.web.configuration.WebSecurityConfiguration$CompositeFilterChainProxy.doFilter(WebSecurityConfiguration.java:319)
	at org.springframework.web.filter.CompositeFilter$VirtualFilterChain.doFilter(CompositeFilter.java:113)
	at org.springframework.web.servlet.handler.HandlerMappingIntrospector.lambda$createCacheFilter$4(HandlerMappingIntrospector.java:267)
	at org.springframework.web.filter.CompositeFilter$VirtualFilterChain.doFilter(CompositeFilter.java:113)
	at org.springframework.web.filter.CompositeFilter.doFilter(CompositeFilter.java:74)
	at org.springframework.security.config.annotation.web.configuration.WebMvcSecurityConfiguration$CompositeFilterChainProxy.doFilter(WebMvcSecurityConfiguration.java:240)
	at org.springframework.web.filter.DelegatingFilterProxy.invokeDelegate(DelegatingFilterProxy.java:362)
	at org.springframework.web.filter.DelegatingFilterProxy.doFilter(DelegatingFilterProxy.java:278)
	at org.apache.catalina.core.ApplicationFilterChain.internalDoFilter(ApplicationFilterChain.java:162)
	at org.apache.catalina.core.ApplicationFilterChain.doFilter(ApplicationFilterChain.java:138)
	at org.springframework.web.filter.RequestContextFilter.doFilterInternal(RequestContextFilter.java:100)
	at org.springframework.web.filter.OncePerRequestFilter.doFilter(OncePerRequestFilter.java:116)
	at org.apache.catalina.core.ApplicationFilterChain.internalDoFilter(ApplicationFilterChain.java:162)
	at org.apache.catalina.core.ApplicationFilterChain.doFilter(ApplicationFilterChain.java:138)
	at org.springframework.web.filter.FormContentFilter.doFilterInternal(FormContentFilter.java:93)
	at org.springframework.web.filter.OncePerRequestFilter.doFilter(OncePerRequestFilter.java:116)
	at org.apache.catalina.core.ApplicationFilterChain.internalDoFilter(ApplicationFilterChain.java:162)
	at org.apache.catalina.core.ApplicationFilterChain.doFilter(ApplicationFilterChain.java:138)
	at org.springframework.web.filter.CharacterEncodingFilter.doFilterInternal(CharacterEncodingFilter.java:201)
	at org.springframework.web.filter.OncePerRequestFilter.doFilter(OncePerRequestFilter.java:116)
	at org.apache.catalina.core.ApplicationFilterChain.internalDoFilter(ApplicationFilterChain.java:162)
	at org.apache.catalina.core.ApplicationFilterChain.doFilter(ApplicationFilterChain.java:138)
	at org.apache.catalina.core.StandardWrapperValve.invoke(StandardWrapperValve.java:165)
	at org.apache.catalina.core.StandardContextValve.invoke(StandardContextValve.java:88)
	at org.apache.catalina.authenticator.AuthenticatorBase.invoke(AuthenticatorBase.java:482)
	at org.apache.catalina.core.StandardHostValve.invoke(StandardHostValve.java:113)
	at org.apache.catalina.valves.ErrorReportValve.invoke(ErrorReportValve.java:83)
	at org.apache.catalina.core.StandardEngineValve.invoke(StandardEngineValve.java:72)
	at org.apache.catalina.connector.CoyoteAdapter.service(CoyoteAdapter.java:342)
	at org.apache.coyote.http11.Http11Processor.service(Http11Processor.java:399)
	at org.apache.coyote.AbstractProcessorLight.process(AbstractProcessorLight.java:63)
	at org.apache.coyote.AbstractProtocol$ConnectionHandler.process(AbstractProtocol.java:903)
	at org.apache.tomcat.util.net.NioEndpoint$SocketProcessor.doRun(NioEndpoint.java:1774)
	at org.apache.tomcat.util.net.SocketProcessorBase.run(SocketProcessorBase.java:52)
	at org.apache.tomcat.util.threads.ThreadPoolExecutor.runWorker(ThreadPoolExecutor.java:973)
	at org.apache.tomcat.util.threads.ThreadPoolExecutor$Worker.run(ThreadPoolExecutor.java:491)
	at org.apache.tomcat.util.threads.TaskThread$WrappingRunnable.run(TaskThread.java:63)
	at java.base/java.lang.Thread.run(Thread.java:1583)
2025-11-30 08:03:35.623 [http-nio-9090-exec-3] DEBUG o.s.security.web.FilterChainProxy - Securing POST /error
2025-11-30 08:03:35.624 [http-nio-9090-exec-3] DEBUG o.s.s.w.a.AnonymousAuthenticationFilter - Set SecurityContextHolder to anonymous SecurityContext
2025-11-30 08:05:10.262 [SpringApplicationShutdownHook] INFO  o.s.b.w.e.tomcat.GracefulShutdown - Commencing graceful shutdown. Waiting for active requests to complete
2025-11-30 08:05:10.269 [tomcat-shutdown] INFO  o.s.b.w.e.tomcat.GracefulShutdown - Graceful shutdown complete
2025-11-30 08:05:10.272 [SpringApplicationShutdownHook] INFO  o.s.o.j.LocalContainerEntityManagerFactoryBean - Closing JPA EntityManagerFactory for persistence unit 'default'
2025-11-30 08:05:10.274 [SpringApplicationShutdownHook] INFO  com.zaxxer.hikari.HikariDataSource - HikariPool-1 - Shutdown initiated...
2025-11-30 08:05:10.277 [SpringApplicationShutdownHook] INFO  com.zaxxer.hikari.HikariDataSource - HikariPool-1 - Shutdown completed.
2025-11-30 08:05:13.938 [restartedMain] INFO  c.a.b.BackendBakrieApplication - Starting BackendBakrieApplication using Java 21.0.8 with PID 23180 (D:\Documents\Bakrie-Store-PI\backend-bakrie\target\classes started by LEGION in D:\Documents\Bakrie-Store-PI)
2025-11-30 08:05:13.939 [restartedMain] DEBUG c.a.b.BackendBakrieApplication - Running with Spring Boot v3.5.7, Spring v6.2.12
2025-11-30 08:05:13.939 [restartedMain] INFO  c.a.b.BackendBakrieApplication - No active profile set, falling back to 1 default profile: "default"
2025-11-30 08:05:13.969 [restartedMain] INFO  o.s.b.d.e.DevToolsPropertyDefaultsPostProcessor - Devtools property defaults active! Set 'spring.devtools.add-properties' to 'false' to disable
2025-11-30 08:05:13.969 [restartedMain] INFO  o.s.b.d.e.DevToolsPropertyDefaultsPostProcessor - For additional web related logging consider setting the 'logging.level.web' property to 'DEBUG'
2025-11-30 08:05:14.369 [restartedMain] INFO  o.s.d.r.c.RepositoryConfigurationDelegate - Bootstrapping Spring Data JPA repositories in DEFAULT mode.
2025-11-30 08:05:14.411 [restartedMain] INFO  o.s.d.r.c.RepositoryConfigurationDelegate - Finished Spring Data repository scanning in 37 ms. Found 9 JPA repository interfaces.
2025-11-30 08:05:14.736 [restartedMain] INFO  o.s.b.w.e.tomcat.TomcatWebServer - Tomcat initialized with port 9090 (http)
2025-11-30 08:05:14.747 [restartedMain] INFO  o.a.catalina.core.StandardService - Starting service [Tomcat]
2025-11-30 08:05:14.747 [restartedMain] INFO  o.a.catalina.core.StandardEngine - Starting Servlet engine: [Apache Tomcat/10.1.48]
2025-11-30 08:05:14.782 [restartedMain] INFO  o.a.c.c.C.[.[localhost].[/api/v1.0] - Initializing Spring embedded WebApplicationContext
2025-11-30 08:05:14.782 [restartedMain] INFO  o.s.b.w.s.c.ServletWebServerApplicationContext - Root WebApplicationContext: initialization completed in 813 ms
2025-11-30 08:05:14.875 [restartedMain] INFO  o.h.jpa.internal.util.LogHelper - HHH000204: Processing PersistenceUnitInfo [name: default]
2025-11-30 08:05:14.901 [restartedMain] INFO  org.hibernate.Version - HHH000412: Hibernate ORM core version 6.6.33.Final
2025-11-30 08:05:14.917 [restartedMain] INFO  o.h.c.i.RegionFactoryInitiator - HHH000026: Second-level cache disabled
2025-11-30 08:05:15.051 [restartedMain] INFO  o.s.o.j.p.SpringPersistenceUnitInfo - No LoadTimeWeaver setup: ignoring JPA class transformer
2025-11-30 08:05:15.066 [restartedMain] INFO  com.zaxxer.hikari.HikariDataSource - HikariPool-1 - Starting...
2025-11-30 08:05:15.237 [restartedMain] INFO  com.zaxxer.hikari.pool.HikariPool - HikariPool-1 - Added connection com.mysql.cj.jdbc.ConnectionImpl@54c3e12f
2025-11-30 08:05:15.238 [restartedMain] INFO  com.zaxxer.hikari.HikariDataSource - HikariPool-1 - Start completed.
2025-11-30 08:05:15.269 [restartedMain] WARN  org.hibernate.orm.deprecation - HHH90000025: MySQL8Dialect does not need to be specified explicitly using 'hibernate.dialect' (remove the property setting and it will be selected by default)
2025-11-30 08:05:15.270 [restartedMain] WARN  org.hibernate.orm.deprecation - HHH90000026: MySQL8Dialect has been deprecated; use org.hibernate.dialect.MySQLDialect instead
2025-11-30 08:05:15.279 [restartedMain] INFO  o.hibernate.orm.connections.pooling - HHH10001005: Database info:
	Database JDBC URL [Connecting through datasource 'HikariDataSource (HikariPool-1)']
	Database driver: undefined/unknown
	Database version: 8.0
	Autocommit mode: undefined/unknown
	Isolation level: undefined/unknown
	Minimum pool size: undefined/unknown
	Maximum pool size: undefined/unknown
2025-11-30 08:05:15.943 [restartedMain] INFO  o.h.e.t.j.p.i.JtaPlatformInitiator - HHH000489: No JTA platform available (set 'hibernate.transaction.jta.platform' to enable JTA platform integration)
2025-11-30 08:05:16.042 [restartedMain] INFO  o.s.o.j.LocalContainerEntityManagerFactoryBean - Initialized JPA EntityManagerFactory for persistence unit 'default'
2025-11-30 08:05:16.213 [restartedMain] INFO  o.s.d.j.r.query.QueryEnhancerFactory - Hibernate is in classpath; If applicable, HQL parser will be used.
2025-11-30 08:05:16.586 [restartedMain] DEBUG c.a.b.config.JwtAuthenticationFilter - Filter 'jwtAuthenticationFilter' configured for use
2025-11-30 08:05:16.656 [restartedMain] INFO  o.s.s.c.a.a.c.InitializeAuthenticationProviderBeanManagerConfigurer$InitializeAuthenticationProviderManagerConfigurer - Global AuthenticationManager configured with AuthenticationProvider bean with name authenticationProvider
2025-11-30 08:05:16.656 [restartedMain] WARN  o.s.s.c.a.a.c.InitializeUserDetailsBeanManagerConfigurer$InitializeUserDetailsManagerConfigurer - Global AuthenticationManager configured with an AuthenticationProvider bean. UserDetailsService beans will not be used by Spring Security for automatically configuring username/password login. Consider removing the AuthenticationProvider bean. Alternatively, consider using the UserDetailsService in a manually instantiated DaoAuthenticationProvider. If the current configuration is intentional, to turn off this warning, increase the logging level of 'org.springframework.security.config.annotation.authentication.configuration.InitializeUserDetailsBeanManagerConfigurer' to ERROR
2025-11-30 08:05:16.767 [restartedMain] WARN  o.s.b.a.o.j.JpaBaseConfiguration$JpaWebConfiguration - spring.jpa.open-in-view is enabled by default. Therefore, database queries may be performed during view rendering. Explicitly configure spring.jpa.open-in-view to disable this warning
2025-11-30 08:05:16.922 [restartedMain] DEBUG o.s.s.web.DefaultSecurityFilterChain - Will secure any request with filters: DisableEncodeUrlFilter, WebAsyncManagerIntegrationFilter, SecurityContextHolderFilter, HeaderWriterFilter, CorsFilter, LogoutFilter, JwtAuthenticationFilter, RequestCacheAwareFilter, SecurityContextHolderAwareRequestFilter, AnonymousAuthenticationFilter, SessionManagementFilter, ExceptionTranslationFilter, AuthorizationFilter
2025-11-30 08:05:17.070 [restartedMain] INFO  o.s.b.d.a.OptionalLiveReloadServer - LiveReload server is running on port 35729
2025-11-30 08:05:17.096 [restartedMain] INFO  o.s.b.w.e.tomcat.TomcatWebServer - Tomcat started on port 9090 (http) with context path '/api/v1.0'
2025-11-30 08:05:17.101 [restartedMain] INFO  c.a.b.BackendBakrieApplication - Started BackendBakrieApplication in 3.437 seconds (process running for 3.811)
2025-11-30 08:05:34.959 [http-nio-9090-exec-1] INFO  o.a.c.c.C.[.[localhost].[/api/v1.0] - Initializing Spring DispatcherServlet 'dispatcherServlet'
2025-11-30 08:05:34.959 [http-nio-9090-exec-1] INFO  o.s.web.servlet.DispatcherServlet - Initializing Servlet 'dispatcherServlet'
2025-11-30 08:05:34.959 [http-nio-9090-exec-1] INFO  o.s.web.servlet.DispatcherServlet - Completed initialization in 0 ms
2025-11-30 08:05:34.973 [http-nio-9090-exec-1] DEBUG o.s.security.web.FilterChainProxy - Securing OPTIONS /customer/order/create
2025-11-30 08:05:34.993 [http-nio-9090-exec-2] DEBUG o.s.security.web.FilterChainProxy - Securing POST /customer/order/create
2025-11-30 08:05:34.997 [http-nio-9090-exec-2] DEBUG c.a.b.config.JwtAuthenticationFilter - >>> Request POST /api/v1.0/customer/order/create
2025-11-30 08:05:34.997 [http-nio-9090-exec-2] DEBUG c.a.b.config.JwtAuthenticationFilter - Token received (first 20 chars): eyJhbGciOiJIUzI1NiJ9...
2025-11-30 08:05:35.149 [http-nio-9090-exec-2] INFO  c.a.b.config.JwtAuthenticationFilter - Authorities for audrio8802@gmail.com: [ROLE_CUSTOMER]
2025-11-30 08:05:35.149 [http-nio-9090-exec-2] DEBUG c.a.b.config.JwtAuthenticationFilter - Authenticated user from JWT: audrio8802@gmail.com
2025-11-30 08:05:35.149 [http-nio-9090-exec-2] INFO  c.a.b.config.JwtAuthenticationFilter - Authenticated user: audrio8802@gmail.com
2025-11-30 08:05:35.149 [http-nio-9090-exec-2] INFO  c.a.b.config.JwtAuthenticationFilter - Authorities: [ROLE_CUSTOMER]
2025-11-30 08:05:35.149 [http-nio-9090-exec-2] DEBUG o.s.security.web.FilterChainProxy - Secured POST /customer/order/create
2025-11-30 08:05:35.228 [http-nio-9090-exec-2] INFO  c.a.b.controller.OrderController - RECEIVED CREATE ORDER → customerId: 49b697a8-c144-4145-a894-e32477c12451, items: 2
2025-11-30 08:05:35.241 [http-nio-9090-exec-2] INFO  c.a.b.service.impl.OrderServiceImpl - === MEMULAI PEMBUATAN ORDER BARU ===
2025-11-30 08:05:35.241 [http-nio-9090-exec-2] INFO  c.a.b.service.impl.OrderServiceImpl - Request dari customerId: 49b697a8-c144-4145-a894-e32477c12451
2025-11-30 08:05:35.241 [http-nio-9090-exec-2] INFO  c.a.b.service.impl.OrderServiceImpl - Alamat pengiriman: JL Sudorman, Surabaya
2025-11-30 08:05:35.241 [http-nio-9090-exec-2] INFO  c.a.b.service.impl.OrderServiceImpl - Jumlah item di keranjang: 2
2025-11-30 08:05:35.257 [http-nio-9090-exec-2] INFO  c.a.b.service.impl.OrderServiceImpl - Customer ditemukan: Zwita Sianturi (audrio8802@gmail.com)
2025-11-30 08:05:35.257 [http-nio-9090-exec-2] INFO  c.a.b.service.impl.OrderServiceImpl - Order number yang digenerate: ORD-20251130-0001
2025-11-30 08:05:35.260 [http-nio-9090-exec-2] DEBUG c.a.b.service.impl.OrderServiceImpl - Check stock → Product: Butter Brioche (ID: 09cc3466-71b5-492a-9320-7c1dadbccc30), Stock saat ini: 80, Diminta: 3
2025-11-30 08:05:35.260 [http-nio-9090-exec-2] INFO  c.a.b.service.impl.OrderServiceImpl - Item ditambahkan → Butter Brioche × 3 (Rp 22000.0, subtotal Rp 66000.0)
2025-11-30 08:05:35.260 [http-nio-9090-exec-2] DEBUG c.a.b.service.impl.OrderServiceImpl - Check stock → Product: Cinnamon Roll Classic (ID: 1b1d7cdd-b551-468e-b399-bcf98cdf8051), Stock saat ini: 70, Diminta: 1
2025-11-30 08:05:35.260 [http-nio-9090-exec-2] INFO  c.a.b.service.impl.OrderServiceImpl - Item ditambahkan → Cinnamon Roll Classic × 1 (Rp 25000.0, subtotal Rp 25000.0)
2025-11-30 08:05:35.277 [http-nio-9090-exec-2] INFO  c.a.b.s.impl.PaymentServiceImpl - Midtrans Config v3.0.0 → Production: false, ServerKey: SET
2025-11-30 08:05:35.369 [http-nio-9090-exec-2] INFO  okhttp3.OkHttpClient - --> POST https://app.sandbox.midtrans.com/snap/v1/transactions
2025-11-30 08:05:35.369 [http-nio-9090-exec-2] INFO  okhttp3.OkHttpClient - Content-Type: application/json; charset=utf-8
2025-11-30 08:05:35.369 [http-nio-9090-exec-2] INFO  okhttp3.OkHttpClient - Content-Length: 538
2025-11-30 08:05:35.370 [http-nio-9090-exec-2] INFO  okhttp3.OkHttpClient - 
2025-11-30 08:05:35.370 [http-nio-9090-exec-2] INFO  okhttp3.OkHttpClient - {"item_details":[{"name":"Butter Brioche","quantity":3,"id":"09cc3466-71b5-492a-9320-7c1dadbccc30","price":22000},{"name":"Cinnamon Roll Classic","quantity":1,"id":"1b1d7cdd-b551-468e-b399-bcf98cdf8051","price":25000},{"name":"Biaya Pengiriman","id":"SHIPPING","quantity":1,"price":15000},{"name":"Biaya Layanan","id":"SERVICE","quantity":1,"price":2000}],"customer_details":{"phone":"082150272529","first_name":"Zwita Sianturi","email":"audrio8802@gmail.com"},"transaction_details":{"order_id":"ORD-20251130-0001","gross_amount":108000}}
2025-11-30 08:05:35.370 [http-nio-9090-exec-2] INFO  okhttp3.OkHttpClient - --> END POST (538-byte body)
2025-11-30 08:05:35.728 [http-nio-9090-exec-2] INFO  okhttp3.OkHttpClient - <-- 201 https://app.sandbox.midtrans.com/snap/v1/transactions (361ms)
2025-11-30 08:05:35.728 [http-nio-9090-exec-2] INFO  okhttp3.OkHttpClient - location: http://snap.i.b-id-ca-eks-01.gopay.sh/snap/v1/transactions/471ebd51-4d74-401e-b6dd-931944a42351
2025-11-30 08:05:35.728 [http-nio-9090-exec-2] INFO  okhttp3.OkHttpClient - content-type: application/json; charset=utf-8
2025-11-30 08:05:35.728 [http-nio-9090-exec-2] INFO  okhttp3.OkHttpClient - vary: Accept,Accept-Encoding
2025-11-30 08:05:35.728 [http-nio-9090-exec-2] INFO  okhttp3.OkHttpClient - x-request-id: b8140d49-d052-45c3-88ee-9339730abd60
2025-11-30 08:05:35.728 [http-nio-9090-exec-2] INFO  okhttp3.OkHttpClient - referrer-policy: origin-when-cross-origin
2025-11-30 08:05:35.728 [http-nio-9090-exec-2] INFO  okhttp3.OkHttpClient - x-content-type-options: nosniff
2025-11-30 08:05:35.728 [http-nio-9090-exec-2] INFO  okhttp3.OkHttpClient - x-download-options: noopen
2025-11-30 08:05:35.728 [http-nio-9090-exec-2] INFO  okhttp3.OkHttpClient - x-frame-options: SAMEORIGIN
2025-11-30 08:05:35.728 [http-nio-9090-exec-2] INFO  okhttp3.OkHttpClient - x-permitted-cross-domain-policies: none
2025-11-30 08:05:35.728 [http-nio-9090-exec-2] INFO  okhttp3.OkHttpClient - x-xss-protection: 1; mode=block
2025-11-30 08:05:35.728 [http-nio-9090-exec-2] INFO  okhttp3.OkHttpClient - x-envoy-upstream-service-time: 150
2025-11-30 08:05:35.728 [http-nio-9090-exec-2] INFO  okhttp3.OkHttpClient - date: Sun, 30 Nov 2025 01:05:34 GMT
2025-11-30 08:05:35.728 [http-nio-9090-exec-2] INFO  okhttp3.OkHttpClient - server: istio-envoy
2025-11-30 08:05:35.728 [http-nio-9090-exec-2] INFO  okhttp3.OkHttpClient - 
2025-11-30 08:05:35.728 [http-nio-9090-exec-2] INFO  okhttp3.OkHttpClient - {"token":"471ebd51-4d74-401e-b6dd-931944a42351","redirect_url":"https://app.sandbox.midtrans.com/snap/v4/redirection/471ebd51-4d74-401e-b6dd-931944a42351"}
2025-11-30 08:05:35.728 [http-nio-9090-exec-2] INFO  okhttp3.OkHttpClient - <-- END HTTP (155-byte body)
2025-11-30 08:05:35.728 [http-nio-9090-exec-2] INFO  c.a.b.s.impl.PaymentServiceImpl - Token Midtrans berhasil dibuat untuk order: ORD-20251130-0001
2025-11-30 08:05:36.223 [http-nio-9090-exec-2] WARN  o.h.e.jdbc.spi.SqlExceptionHelper - SQL Error: 1366, SQLState: HY000
2025-11-30 08:05:36.223 [http-nio-9090-exec-2] ERROR o.h.e.jdbc.spi.SqlExceptionHelper - Incorrect string value: '\xAA\xFE-}\x98\x14...' for column 'id_order_detail' at row 1
2025-11-30 08:05:36.247 [http-nio-9090-exec-2] ERROR o.a.c.c.C.[.[.[.0.[dispatcherServlet] - Servlet.service() for servlet [dispatcherServlet] in context with path [/api/v1.0] threw exception [Request processing failed: org.springframework.orm.jpa.JpaSystemException: could not execute statement [Incorrect string value: '\xAA\xFE-}\x98\x14...' for column 'id_order_detail' at row 1] [insert into order_details (id_order,id_product,quantity,subtotal,unit_price,id_order_detail) values (?,?,?,?,?,?)]] with root cause
java.sql.SQLException: Incorrect string value: '\xAA\xFE-}\x98\x14...' for column 'id_order_detail' at row 1
	at com.mysql.cj.jdbc.exceptions.SQLError.createSQLException(SQLError.java:121)
	at com.mysql.cj.jdbc.exceptions.SQLExceptionsMapping.translateException(SQLExceptionsMapping.java:114)
	at com.mysql.cj.jdbc.ClientPreparedStatement.executeInternal(ClientPreparedStatement.java:988)
	at com.mysql.cj.jdbc.ClientPreparedStatement.executeUpdateInternal(ClientPreparedStatement.java:1166)
	at com.mysql.cj.jdbc.ClientPreparedStatement.executeUpdateInternal(ClientPreparedStatement.java:1101)
	at com.mysql.cj.jdbc.ClientPreparedStatement.executeLargeUpdate(ClientPreparedStatement.java:1448)
	at com.mysql.cj.jdbc.ClientPreparedStatement.executeUpdate(ClientPreparedStatement.java:1084)
	at com.zaxxer.hikari.pool.ProxyPreparedStatement.executeUpdate(ProxyPreparedStatement.java:61)
	at com.zaxxer.hikari.pool.HikariProxyPreparedStatement.executeUpdate(HikariProxyPreparedStatement.java)
	at org.hibernate.engine.jdbc.internal.ResultSetReturnImpl.executeUpdate(ResultSetReturnImpl.java:194)
	at org.hibernate.engine.jdbc.mutation.internal.AbstractMutationExecutor.performNonBatchedMutation(AbstractMutationExecutor.java:134)
	at org.hibernate.engine.jdbc.mutation.internal.MutationExecutorSingleNonBatched.performNonBatchedOperations(MutationExecutorSingleNonBatched.java:55)
	at org.hibernate.engine.jdbc.mutation.internal.AbstractMutationExecutor.execute(AbstractMutationExecutor.java:55)
	at org.hibernate.persister.entity.mutation.InsertCoordinatorStandard.doStaticInserts(InsertCoordinatorStandard.java:194)
	at org.hibernate.persister.entity.mutation.InsertCoordinatorStandard.coordinateInsert(InsertCoordinatorStandard.java:132)
	at org.hibernate.persister.entity.mutation.InsertCoordinatorStandard.insert(InsertCoordinatorStandard.java:104)
	at org.hibernate.action.internal.EntityInsertAction.execute(EntityInsertAction.java:110)
	at org.hibernate.engine.spi.ActionQueue.executeActions(ActionQueue.java:644)
	at org.hibernate.engine.spi.ActionQueue.executeActions(ActionQueue.java:511)
	at org.hibernate.event.internal.AbstractFlushingEventListener.performExecutions(AbstractFlushingEventListener.java:414)
	at org.hibernate.event.internal.DefaultFlushEventListener.onFlush(DefaultFlushEventListener.java:41)
	at org.hibernate.event.service.internal.EventListenerGroupImpl.fireEventOnEachListener(EventListenerGroupImpl.java:127)
	at org.hibernate.internal.SessionImpl.doFlush(SessionImpl.java:1429)
	at org.hibernate.internal.SessionImpl.managedFlush(SessionImpl.java:491)
	at org.hibernate.internal.SessionImpl.flushBeforeTransactionCompletion(SessionImpl.java:2354)
	at org.hibernate.internal.SessionImpl.beforeTransactionCompletion(SessionImpl.java:1978)
	at org.hibernate.engine.jdbc.internal.JdbcCoordinatorImpl.beforeTransactionCompletion(JdbcCoordinatorImpl.java:439)
	at org.hibernate.resource.transaction.backend.jdbc.internal.JdbcResourceLocalTransactionCoordinatorImpl.beforeCompletionCallback(JdbcResourceLocalTransactionCoordinatorImpl.java:169)
	at org.hibernate.resource.transaction.backend.jdbc.internal.JdbcResourceLocalTransactionCoordinatorImpl$TransactionDriverControlImpl.commit(JdbcResourceLocalTransactionCoordinatorImpl.java:267)
	at org.hibernate.engine.transaction.internal.TransactionImpl.commit(TransactionImpl.java:101)
	at org.springframework.orm.jpa.JpaTransactionManager.doCommit(JpaTransactionManager.java:563)
	at org.springframework.transaction.support.AbstractPlatformTransactionManager.processCommit(AbstractPlatformTransactionManager.java:795)
	at org.springframework.transaction.support.AbstractPlatformTransactionManager.commit(AbstractPlatformTransactionManager.java:758)
	at org.springframework.transaction.interceptor.TransactionAspectSupport.commitTransactionAfterReturning(TransactionAspectSupport.java:698)
	at org.springframework.transaction.interceptor.TransactionAspectSupport.invokeWithinTransaction(TransactionAspectSupport.java:416)
	at org.springframework.transaction.interceptor.TransactionInterceptor.invoke(TransactionInterceptor.java:119)
	at org.springframework.aop.framework.ReflectiveMethodInvocation.proceed(ReflectiveMethodInvocation.java:184)
	at org.springframework.aop.framework.CglibAopProxy$DynamicAdvisedInterceptor.intercept(CglibAopProxy.java:728)
	at com.audrio.backendbakrie.service.impl.OrderServiceImpl$$SpringCGLIB$$0.createOrder(<generated>)
	at com.audrio.backendbakrie.controller.OrderController.createOrder(OrderController.java:30)
	at java.base/jdk.internal.reflect.DirectMethodHandleAccessor.invoke(DirectMethodHandleAccessor.java:103)
	at java.base/java.lang.reflect.Method.invoke(Method.java:580)
	at org.springframework.web.method.support.InvocableHandlerMethod.doInvoke(InvocableHandlerMethod.java:258)
	at org.springframework.web.method.support.InvocableHandlerMethod.invokeForRequest(InvocableHandlerMethod.java:191)
	at org.springframework.web.servlet.mvc.method.annotation.ServletInvocableHandlerMethod.invokeAndHandle(ServletInvocableHandlerMethod.java:118)
	at org.springframework.web.servlet.mvc.method.annotation.RequestMappingHandlerAdapter.invokeHandlerMethod(RequestMappingHandlerAdapter.java:991)
	at org.springframework.web.servlet.mvc.method.annotation.RequestMappingHandlerAdapter.handleInternal(RequestMappingHandlerAdapter.java:896)
	at org.springframework.web.servlet.mvc.method.AbstractHandlerMethodAdapter.handle(AbstractHandlerMethodAdapter.java:87)
	at org.springframework.web.servlet.DispatcherServlet.doDispatch(DispatcherServlet.java:1089)
	at org.springframework.web.servlet.DispatcherServlet.doService(DispatcherServlet.java:979)
	at org.springframework.web.servlet.FrameworkServlet.processRequest(FrameworkServlet.java:1014)
	at org.springframework.web.servlet.FrameworkServlet.doPost(FrameworkServlet.java:914)
	at jakarta.servlet.http.HttpServlet.service(HttpServlet.java:590)
	at org.springframework.web.servlet.FrameworkServlet.service(FrameworkServlet.java:885)
	at jakarta.servlet.http.HttpServlet.service(HttpServlet.java:658)
	at org.apache.catalina.core.ApplicationFilterChain.internalDoFilter(ApplicationFilterChain.java:193)
	at org.apache.catalina.core.ApplicationFilterChain.doFilter(ApplicationFilterChain.java:138)
	at org.apache.tomcat.websocket.server.WsFilter.doFilter(WsFilter.java:51)
	at org.apache.catalina.core.ApplicationFilterChain.internalDoFilter(ApplicationFilterChain.java:162)
	at org.apache.catalina.core.ApplicationFilterChain.doFilter(ApplicationFilterChain.java:138)
	at org.springframework.web.filter.OncePerRequestFilter.doFilter(OncePerRequestFilter.java:110)
	at org.apache.catalina.core.ApplicationFilterChain.internalDoFilter(ApplicationFilterChain.java:162)
	at org.apache.catalina.core.ApplicationFilterChain.doFilter(ApplicationFilterChain.java:138)
	at org.springframework.web.filter.CompositeFilter$VirtualFilterChain.doFilter(CompositeFilter.java:108)
	at org.springframework.web.filter.CompositeFilter$VirtualFilterChain.doFilter(CompositeFilter.java:108)
	at org.springframework.security.web.FilterChainProxy.lambda$doFilterInternal$3(FilterChainProxy.java:231)
	at org.springframework.security.web.FilterChainProxy$VirtualFilterChain.doFilter(FilterChainProxy.java:365)
	at org.springframework.security.web.access.intercept.AuthorizationFilter.doFilter(AuthorizationFilter.java:101)
	at org.springframework.security.web.FilterChainProxy$VirtualFilterChain.doFilter(FilterChainProxy.java:374)
	at org.springframework.security.web.access.ExceptionTranslationFilter.doFilter(ExceptionTranslationFilter.java:125)
	at org.springframework.security.web.access.ExceptionTranslationFilter.doFilter(ExceptionTranslationFilter.java:119)
	at org.springframework.security.web.FilterChainProxy$VirtualFilterChain.doFilter(FilterChainProxy.java:374)
	at org.springframework.security.web.session.SessionManagementFilter.doFilter(SessionManagementFilter.java:131)
	at org.springframework.security.web.session.SessionManagementFilter.doFilter(SessionManagementFilter.java:85)
	at org.springframework.security.web.FilterChainProxy$VirtualFilterChain.doFilter(FilterChainProxy.java:374)
	at org.springframework.security.web.authentication.AnonymousAuthenticationFilter.doFilter(AnonymousAuthenticationFilter.java:100)
	at org.springframework.security.web.FilterChainProxy$VirtualFilterChain.doFilter(FilterChainProxy.java:374)
	at org.springframework.security.web.servletapi.SecurityContextHolderAwareRequestFilter.doFilter(SecurityContextHolderAwareRequestFilter.java:179)
	at org.springframework.security.web.FilterChainProxy$VirtualFilterChain.doFilter(FilterChainProxy.java:374)
	at org.springframework.security.web.savedrequest.RequestCacheAwareFilter.doFilter(RequestCacheAwareFilter.java:63)
	at org.springframework.security.web.FilterChainProxy$VirtualFilterChain.doFilter(FilterChainProxy.java:374)
	at com.audrio.backendbakrie.config.JwtAuthenticationFilter.doFilterInternal(JwtAuthenticationFilter.java:131)
	at org.springframework.web.filter.OncePerRequestFilter.doFilter(OncePerRequestFilter.java:116)
	at org.springframework.security.web.FilterChainProxy$VirtualFilterChain.doFilter(FilterChainProxy.java:374)
	at org.springframework.security.web.authentication.logout.LogoutFilter.doFilter(LogoutFilter.java:107)
	at org.springframework.security.web.authentication.logout.LogoutFilter.doFilter(LogoutFilter.java:93)
	at org.springframework.security.web.FilterChainProxy$VirtualFilterChain.doFilter(FilterChainProxy.java:374)
	at org.springframework.web.filter.CorsFilter.doFilterInternal(CorsFilter.java:91)
	at org.springframework.web.filter.OncePerRequestFilter.doFilter(OncePerRequestFilter.java:116)
	at org.springframework.security.web.FilterChainProxy$VirtualFilterChain.doFilter(FilterChainProxy.java:374)
	at org.springframework.security.web.header.HeaderWriterFilter.doHeadersAfter(HeaderWriterFilter.java:90)
	at org.springframework.security.web.header.HeaderWriterFilter.doFilterInternal(HeaderWriterFilter.java:75)
	at org.springframework.web.filter.OncePerRequestFilter.doFilter(OncePerRequestFilter.java:116)
	at org.springframework.security.web.FilterChainProxy$VirtualFilterChain.doFilter(FilterChainProxy.java:374)
	at org.springframework.security.web.context.SecurityContextHolderFilter.doFilter(SecurityContextHolderFilter.java:82)
	at org.springframework.security.web.context.SecurityContextHolderFilter.doFilter(SecurityContextHolderFilter.java:69)
	at org.springframework.security.web.FilterChainProxy$VirtualFilterChain.doFilter(FilterChainProxy.java:374)
	at org.springframework.security.web.context.request.async.WebAsyncManagerIntegrationFilter.doFilterInternal(WebAsyncManagerIntegrationFilter.java:62)
	at org.springframework.web.filter.OncePerRequestFilter.doFilter(OncePerRequestFilter.java:116)
	at org.springframework.security.web.FilterChainProxy$VirtualFilterChain.doFilter(FilterChainProxy.java:374)
	at org.springframework.security.web.session.DisableEncodeUrlFilter.doFilterInternal(DisableEncodeUrlFilter.java:42)
	at org.springframework.web.filter.OncePerRequestFilter.doFilter(OncePerRequestFilter.java:116)
	at org.springframework.security.web.FilterChainProxy$VirtualFilterChain.doFilter(FilterChainProxy.java:374)
	at org.springframework.security.web.FilterChainProxy.doFilterInternal(FilterChainProxy.java:233)
	at org.springframework.security.web.FilterChainProxy.doFilter(FilterChainProxy.java:191)
	at org.springframework.web.filter.CompositeFilter$VirtualFilterChain.doFilter(CompositeFilter.java:113)
	at org.springframework.web.filter.ServletRequestPathFilter.doFilter(ServletRequestPathFilter.java:52)
	at org.springframework.web.filter.CompositeFilter$VirtualFilterChain.doFilter(CompositeFilter.java:113)
	at org.springframework.web.filter.CompositeFilter.doFilter(CompositeFilter.java:74)
	at org.springframework.security.config.annotation.web.configuration.WebSecurityConfiguration$CompositeFilterChainProxy.doFilter(WebSecurityConfiguration.java:319)
	at org.springframework.web.filter.CompositeFilter$VirtualFilterChain.doFilter(CompositeFilter.java:113)
	at org.springframework.web.servlet.handler.HandlerMappingIntrospector.lambda$createCacheFilter$4(HandlerMappingIntrospector.java:267)
	at org.springframework.web.filter.CompositeFilter$VirtualFilterChain.doFilter(CompositeFilter.java:113)
	at org.springframework.web.filter.CompositeFilter.doFilter(CompositeFilter.java:74)
	at org.springframework.security.config.annotation.web.configuration.WebMvcSecurityConfiguration$CompositeFilterChainProxy.doFilter(WebMvcSecurityConfiguration.java:240)
	at org.springframework.web.filter.DelegatingFilterProxy.invokeDelegate(DelegatingFilterProxy.java:362)
	at org.springframework.web.filter.DelegatingFilterProxy.doFilter(DelegatingFilterProxy.java:278)
	at org.apache.catalina.core.ApplicationFilterChain.internalDoFilter(ApplicationFilterChain.java:162)
	at org.apache.catalina.core.ApplicationFilterChain.doFilter(ApplicationFilterChain.java:138)
	at org.springframework.web.filter.RequestContextFilter.doFilterInternal(RequestContextFilter.java:100)
	at org.springframework.web.filter.OncePerRequestFilter.doFilter(OncePerRequestFilter.java:116)
	at org.apache.catalina.core.ApplicationFilterChain.internalDoFilter(ApplicationFilterChain.java:162)
	at org.apache.catalina.core.ApplicationFilterChain.doFilter(ApplicationFilterChain.java:138)
	at org.springframework.web.filter.FormContentFilter.doFilterInternal(FormContentFilter.java:93)
	at org.springframework.web.filter.OncePerRequestFilter.doFilter(OncePerRequestFilter.java:116)
	at org.apache.catalina.core.ApplicationFilterChain.internalDoFilter(ApplicationFilterChain.java:162)
	at org.apache.catalina.core.ApplicationFilterChain.doFilter(ApplicationFilterChain.java:138)
	at org.springframework.web.filter.CharacterEncodingFilter.doFilterInternal(CharacterEncodingFilter.java:201)
	at org.springframework.web.filter.OncePerRequestFilter.doFilter(OncePerRequestFilter.java:116)
	at org.apache.catalina.core.ApplicationFilterChain.internalDoFilter(ApplicationFilterChain.java:162)
	at org.apache.catalina.core.ApplicationFilterChain.doFilter(ApplicationFilterChain.java:138)
	at org.apache.catalina.core.StandardWrapperValve.invoke(StandardWrapperValve.java:165)
	at org.apache.catalina.core.StandardContextValve.invoke(StandardContextValve.java:88)
	at org.apache.catalina.authenticator.AuthenticatorBase.invoke(AuthenticatorBase.java:482)
	at org.apache.catalina.core.StandardHostValve.invoke(StandardHostValve.java:113)
	at org.apache.catalina.valves.ErrorReportValve.invoke(ErrorReportValve.java:83)
	at org.apache.catalina.core.StandardEngineValve.invoke(StandardEngineValve.java:72)
	at org.apache.catalina.connector.CoyoteAdapter.service(CoyoteAdapter.java:342)
	at org.apache.coyote.http11.Http11Processor.service(Http11Processor.java:399)
	at org.apache.coyote.AbstractProcessorLight.process(AbstractProcessorLight.java:63)
	at org.apache.coyote.AbstractProtocol$ConnectionHandler.process(AbstractProtocol.java:903)
	at org.apache.tomcat.util.net.NioEndpoint$SocketProcessor.doRun(NioEndpoint.java:1774)
	at org.apache.tomcat.util.net.SocketProcessorBase.run(SocketProcessorBase.java:52)
	at org.apache.tomcat.util.threads.ThreadPoolExecutor.runWorker(ThreadPoolExecutor.java:973)
	at org.apache.tomcat.util.threads.ThreadPoolExecutor$Worker.run(ThreadPoolExecutor.java:491)
	at org.apache.tomcat.util.threads.TaskThread$WrappingRunnable.run(TaskThread.java:63)
	at java.base/java.lang.Thread.run(Thread.java:1583)
2025-11-30 08:05:36.257 [http-nio-9090-exec-2] DEBUG o.s.security.web.FilterChainProxy - Securing POST /error
2025-11-30 08:05:36.257 [http-nio-9090-exec-2] DEBUG o.s.s.w.a.AnonymousAuthenticationFilter - Set SecurityContextHolder to anonymous SecurityContext
2025-11-30 08:05:41.793 [http-nio-9090-exec-3] DEBUG o.s.security.web.FilterChainProxy - Securing OPTIONS /public/products/fetchProducts
2025-11-30 08:05:41.794 [http-nio-9090-exec-4] DEBUG o.s.security.web.FilterChainProxy - Securing OPTIONS /customer/myprofile
2025-11-30 08:05:41.794 [http-nio-9090-exec-5] DEBUG o.s.security.web.FilterChainProxy - Securing OPTIONS /public/products/fetchProducts
2025-11-30 08:05:41.794 [http-nio-9090-exec-6] DEBUG o.s.security.web.FilterChainProxy - Securing OPTIONS /customer/myprofile
2025-11-30 08:05:41.798 [http-nio-9090-exec-10] DEBUG o.s.security.web.FilterChainProxy - Securing GET /customer/myprofile
2025-11-30 08:05:41.798 [http-nio-9090-exec-7] DEBUG o.s.security.web.FilterChainProxy - Securing GET /public/products/fetchProducts
2025-11-30 08:05:41.798 [http-nio-9090-exec-9] DEBUG o.s.security.web.FilterChainProxy - Securing GET /public/products/fetchProducts
2025-11-30 08:05:41.798 [http-nio-9090-exec-8] DEBUG o.s.security.web.FilterChainProxy - Securing GET /customer/myprofile
2025-11-30 08:05:41.799 [http-nio-9090-exec-9] DEBUG c.a.b.config.JwtAuthenticationFilter - >>> Request GET /api/v1.0/public/products/fetchProducts
2025-11-30 08:05:41.799 [http-nio-9090-exec-10] DEBUG c.a.b.config.JwtAuthenticationFilter - >>> Request GET /api/v1.0/customer/myprofile
2025-11-30 08:05:41.799 [http-nio-9090-exec-9] DEBUG c.a.b.config.JwtAuthenticationFilter - Token received (first 20 chars): eyJhbGciOiJIUzI1NiJ9...
2025-11-30 08:05:41.799 [http-nio-9090-exec-8] DEBUG c.a.b.config.JwtAuthenticationFilter - >>> Request GET /api/v1.0/customer/myprofile
2025-11-30 08:05:41.799 [http-nio-9090-exec-7] DEBUG c.a.b.config.JwtAuthenticationFilter - >>> Request GET /api/v1.0/public/products/fetchProducts
2025-11-30 08:05:41.799 [http-nio-9090-exec-10] DEBUG c.a.b.config.JwtAuthenticationFilter - Token received (first 20 chars): eyJhbGciOiJIUzI1NiJ9...
2025-11-30 08:05:41.799 [http-nio-9090-exec-8] DEBUG c.a.b.config.JwtAuthenticationFilter - Token received (first 20 chars): eyJhbGciOiJIUzI1NiJ9...
2025-11-30 08:05:41.799 [http-nio-9090-exec-7] DEBUG c.a.b.config.JwtAuthenticationFilter - Token received (first 20 chars): eyJhbGciOiJIUzI1NiJ9...
2025-11-30 08:05:41.809 [http-nio-9090-exec-8] INFO  c.a.b.config.JwtAuthenticationFilter - Authorities for audrio8802@gmail.com: [ROLE_CUSTOMER]
2025-11-30 08:05:41.809 [http-nio-9090-exec-10] INFO  c.a.b.config.JwtAuthenticationFilter - Authorities for audrio8802@gmail.com: [ROLE_CUSTOMER]
2025-11-30 08:05:41.809 [http-nio-9090-exec-9] INFO  c.a.b.config.JwtAuthenticationFilter - Authorities for audrio8802@gmail.com: [ROLE_CUSTOMER]
2025-11-30 08:05:41.809 [http-nio-9090-exec-7] INFO  c.a.b.config.JwtAuthenticationFilter - Authorities for audrio8802@gmail.com: [ROLE_CUSTOMER]
2025-11-30 08:05:41.809 [http-nio-9090-exec-8] DEBUG c.a.b.config.JwtAuthenticationFilter - Authenticated user from JWT: audrio8802@gmail.com
2025-11-30 08:05:41.809 [http-nio-9090-exec-10] DEBUG c.a.b.config.JwtAuthenticationFilter - Authenticated user from JWT: audrio8802@gmail.com
2025-11-30 08:05:41.809 [http-nio-9090-exec-10] INFO  c.a.b.config.JwtAuthenticationFilter - Authenticated user: audrio8802@gmail.com
2025-11-30 08:05:41.809 [http-nio-9090-exec-8] INFO  c.a.b.config.JwtAuthenticationFilter - Authenticated user: audrio8802@gmail.com
2025-11-30 08:05:41.809 [http-nio-9090-exec-10] INFO  c.a.b.config.JwtAuthenticationFilter - Authorities: [ROLE_CUSTOMER]
2025-11-30 08:05:41.809 [http-nio-9090-exec-8] INFO  c.a.b.config.JwtAuthenticationFilter - Authorities: [ROLE_CUSTOMER]
2025-11-30 08:05:41.809 [http-nio-9090-exec-7] DEBUG c.a.b.config.JwtAuthenticationFilter - Authenticated user from JWT: audrio8802@gmail.com
2025-11-30 08:05:41.809 [http-nio-9090-exec-7] INFO  c.a.b.config.JwtAuthenticationFilter - Authenticated user: audrio8802@gmail.com
2025-11-30 08:05:41.809 [http-nio-9090-exec-9] DEBUG c.a.b.config.JwtAuthenticationFilter - Authenticated user from JWT: audrio8802@gmail.com
2025-11-30 08:05:41.809 [http-nio-9090-exec-7] INFO  c.a.b.config.JwtAuthenticationFilter - Authorities: [ROLE_CUSTOMER]
2025-11-30 08:05:41.809 [http-nio-9090-exec-9] INFO  c.a.b.config.JwtAuthenticationFilter - Authenticated user: audrio8802@gmail.com
2025-11-30 08:05:41.809 [http-nio-9090-exec-9] INFO  c.a.b.config.JwtAuthenticationFilter - Authorities: [ROLE_CUSTOMER]
2025-11-30 08:05:41.809 [http-nio-9090-exec-9] DEBUG o.s.security.web.FilterChainProxy - Secured GET /public/products/fetchProducts
2025-11-30 08:05:41.809 [http-nio-9090-exec-8] DEBUG o.s.security.web.FilterChainProxy - Secured GET /customer/myprofile
2025-11-30 08:05:41.809 [http-nio-9090-exec-7] DEBUG o.s.security.web.FilterChainProxy - Secured GET /public/products/fetchProducts
2025-11-30 08:05:41.809 [http-nio-9090-exec-10] DEBUG o.s.security.web.FilterChainProxy - Secured GET /customer/myprofile
2025-11-30 08:05:41.810 [http-nio-9090-exec-9] INFO  c.a.b.controller.ProductController - Method : GET | Endpoint : /public/products/fetchProducts | Payload : 200 OK
2025-11-30 08:05:41.810 [http-nio-9090-exec-7] INFO  c.a.b.controller.ProductController - Method : GET | Endpoint : /public/products/fetchProducts | Payload : 200 OK
2025-11-30 08:05:41.814 [http-nio-9090-exec-10] INFO  c.a.b.controller.CustomerController - Method : GET | Endpoint : /customer/myprofile | Payload : Bearer eyJhbGciOiJIUzI1NiJ9.eyJyb2xlIjoiQ1VTVE9NRVIiLCJwdXJwb3NlIjoiYWNjZXNzIiwic3ViIjoiYXVkcmlvODgwMkBnbWFpbC5jb20iLCJpYXQiOjE3NjQ0NTA3NTUsImV4cCI6MTc2NDUzNzE1NX0.NF7S5I2pgZvEF_ScdLmZq6zuhRA4p5dQm2FHP35hdYY
2025-11-30 08:05:41.814 [http-nio-9090-exec-8] INFO  c.a.b.controller.CustomerController - Method : GET | Endpoint : /customer/myprofile | Payload : Bearer eyJhbGciOiJIUzI1NiJ9.eyJyb2xlIjoiQ1VTVE9NRVIiLCJwdXJwb3NlIjoiYWNjZXNzIiwic3ViIjoiYXVkcmlvODgwMkBnbWFpbC5jb20iLCJpYXQiOjE3NjQ0NTA3NTUsImV4cCI6MTc2NDUzNzE1NX0.NF7S5I2pgZvEF_ScdLmZq6zuhRA4p5dQm2FHP35hdYY
2025-11-30 08:05:41.814 [http-nio-9090-exec-8] INFO  c.a.b.s.impl.CustomerServiceImpl - GET CUSTOMER PROFILE START | EMAIL: audrio8802@gmail.com
2025-11-30 08:05:41.814 [http-nio-9090-exec-10] INFO  c.a.b.s.impl.CustomerServiceImpl - GET CUSTOMER PROFILE START | EMAIL: audrio8802@gmail.com
2025-11-30 08:05:41.819 [http-nio-9090-exec-10] INFO  c.a.b.s.impl.CustomerServiceImpl - GET CUSTOMER PROFILE SUCCESS
2025-11-30 08:05:41.819 [http-nio-9090-exec-8] INFO  c.a.b.s.impl.CustomerServiceImpl - GET CUSTOMER PROFILE SUCCESS
2025-11-30 08:05:41.819 [http-nio-9090-exec-10] DEBUG c.a.b.s.impl.CustomerServiceImpl - Converting entity to response for customer ID: 49b697a8-c144-4145-a894-e32477c12451
2025-11-30 08:05:41.819 [http-nio-9090-exec-8] DEBUG c.a.b.s.impl.CustomerServiceImpl - Converting entity to response for customer ID: 49b697a8-c144-4145-a894-e32477c12451
2025-11-30 08:05:41.855 [http-nio-9090-exec-2] DEBUG o.s.security.web.FilterChainProxy - Securing OPTIONS /customer/cart/mycart/49b697a8-c144-4145-a894-e32477c12451
2025-11-30 08:05:41.855 [http-nio-9090-exec-1] DEBUG o.s.security.web.FilterChainProxy - Securing OPTIONS /customer/order/49b697a8-c144-4145-a894-e32477c12451
2025-11-30 08:05:41.858 [http-nio-9090-exec-3] DEBUG o.s.security.web.FilterChainProxy - Securing GET /customer/cart/mycart/49b697a8-c144-4145-a894-e32477c12451
2025-11-30 08:05:41.858 [http-nio-9090-exec-5] DEBUG o.s.security.web.FilterChainProxy - Securing GET /customer/order/49b697a8-c144-4145-a894-e32477c12451
2025-11-30 08:05:41.859 [http-nio-9090-exec-5] DEBUG c.a.b.config.JwtAuthenticationFilter - >>> Request GET /api/v1.0/customer/order/49b697a8-c144-4145-a894-e32477c12451
2025-11-30 08:05:41.859 [http-nio-9090-exec-5] DEBUG c.a.b.config.JwtAuthenticationFilter - Token received (first 20 chars): eyJhbGciOiJIUzI1NiJ9...
2025-11-30 08:05:41.859 [http-nio-9090-exec-3] DEBUG c.a.b.config.JwtAuthenticationFilter - >>> Request GET /api/v1.0/customer/cart/mycart/49b697a8-c144-4145-a894-e32477c12451
2025-11-30 08:05:41.859 [http-nio-9090-exec-3] DEBUG c.a.b.config.JwtAuthenticationFilter - Token received (first 20 chars): eyJhbGciOiJIUzI1NiJ9...
2025-11-30 08:05:41.866 [http-nio-9090-exec-3] INFO  c.a.b.config.JwtAuthenticationFilter - Authorities for audrio8802@gmail.com: [ROLE_CUSTOMER]
2025-11-30 08:05:41.866 [http-nio-9090-exec-5] INFO  c.a.b.config.JwtAuthenticationFilter - Authorities for audrio8802@gmail.com: [ROLE_CUSTOMER]
2025-11-30 08:05:41.866 [http-nio-9090-exec-3] DEBUG c.a.b.config.JwtAuthenticationFilter - Authenticated user from JWT: audrio8802@gmail.com
2025-11-30 08:05:41.866 [http-nio-9090-exec-3] INFO  c.a.b.config.JwtAuthenticationFilter - Authenticated user: audrio8802@gmail.com
2025-11-30 08:05:41.866 [http-nio-9090-exec-3] INFO  c.a.b.config.JwtAuthenticationFilter - Authorities: [ROLE_CUSTOMER]
2025-11-30 08:05:41.867 [http-nio-9090-exec-5] DEBUG c.a.b.config.JwtAuthenticationFilter - Authenticated user from JWT: audrio8802@gmail.com
2025-11-30 08:05:41.867 [http-nio-9090-exec-5] INFO  c.a.b.config.JwtAuthenticationFilter - Authenticated user: audrio8802@gmail.com
2025-11-30 08:05:41.867 [http-nio-9090-exec-5] INFO  c.a.b.config.JwtAuthenticationFilter - Authorities: [ROLE_CUSTOMER]
2025-11-30 08:05:41.867 [http-nio-9090-exec-3] DEBUG o.s.security.web.FilterChainProxy - Secured GET /customer/cart/mycart/49b697a8-c144-4145-a894-e32477c12451
2025-11-30 08:05:41.867 [http-nio-9090-exec-5] DEBUG o.s.security.web.FilterChainProxy - Secured GET /customer/order/49b697a8-c144-4145-a894-e32477c12451
2025-11-30 08:05:41.868 [http-nio-9090-exec-5] INFO  c.a.b.controller.OrderController - REQUEST ORDERS BY CUSTOMER → 49b697a8-c144-4145-a894-e32477c12451
2025-11-30 08:05:41.868 [http-nio-9090-exec-3] INFO  c.a.b.controller.CartController - GET /customer/mycart/49b697a8-c144-4145-a894-e32477c12451
2025-11-30 08:05:41.868 [http-nio-9090-exec-5] DEBUG c.a.b.service.impl.OrderServiceImpl - Request daftar order customer → ID: 49b697a8-c144-4145-a894-e32477c12451
2025-11-30 08:05:51.436 [http-nio-9090-exec-4] DEBUG o.s.security.web.FilterChainProxy - Securing OPTIONS /customer/order/create
2025-11-30 08:05:51.441 [http-nio-9090-exec-6] DEBUG o.s.security.web.FilterChainProxy - Securing POST /customer/order/create
2025-11-30 08:05:51.441 [http-nio-9090-exec-6] DEBUG c.a.b.config.JwtAuthenticationFilter - >>> Request POST /api/v1.0/customer/order/create
2025-11-30 08:05:51.441 [http-nio-9090-exec-6] DEBUG c.a.b.config.JwtAuthenticationFilter - Token received (first 20 chars): eyJhbGciOiJIUzI1NiJ9...
2025-11-30 08:05:51.445 [http-nio-9090-exec-6] INFO  c.a.b.config.JwtAuthenticationFilter - Authorities for audrio8802@gmail.com: [ROLE_CUSTOMER]
2025-11-30 08:05:51.445 [http-nio-9090-exec-6] DEBUG c.a.b.config.JwtAuthenticationFilter - Authenticated user from JWT: audrio8802@gmail.com
2025-11-30 08:05:51.445 [http-nio-9090-exec-6] INFO  c.a.b.config.JwtAuthenticationFilter - Authenticated user: audrio8802@gmail.com
2025-11-30 08:05:51.445 [http-nio-9090-exec-6] INFO  c.a.b.config.JwtAuthenticationFilter - Authorities: [ROLE_CUSTOMER]
2025-11-30 08:05:51.445 [http-nio-9090-exec-6] DEBUG o.s.security.web.FilterChainProxy - Secured POST /customer/order/create
2025-11-30 08:05:51.445 [http-nio-9090-exec-6] INFO  c.a.b.controller.OrderController - RECEIVED CREATE ORDER → customerId: 49b697a8-c144-4145-a894-e32477c12451, items: 2
2025-11-30 08:05:51.445 [http-nio-9090-exec-6] INFO  c.a.b.service.impl.OrderServiceImpl - === MEMULAI PEMBUATAN ORDER BARU ===
2025-11-30 08:05:51.445 [http-nio-9090-exec-6] INFO  c.a.b.service.impl.OrderServiceImpl - Request dari customerId: 49b697a8-c144-4145-a894-e32477c12451
2025-11-30 08:05:51.445 [http-nio-9090-exec-6] INFO  c.a.b.service.impl.OrderServiceImpl - Alamat pengiriman: JL.Sudirman
2025-11-30 08:05:51.445 [http-nio-9090-exec-6] INFO  c.a.b.service.impl.OrderServiceImpl - Jumlah item di keranjang: 2
2025-11-30 08:05:51.449 [http-nio-9090-exec-6] INFO  c.a.b.service.impl.OrderServiceImpl - Customer ditemukan: Zwita Sianturi (audrio8802@gmail.com)
2025-11-30 08:05:51.449 [http-nio-9090-exec-6] INFO  c.a.b.service.impl.OrderServiceImpl - Order number yang digenerate: ORD-20251130-0002
2025-11-30 08:05:51.451 [http-nio-9090-exec-6] DEBUG c.a.b.service.impl.OrderServiceImpl - Check stock → Product: Butter Brioche (ID: 09cc3466-71b5-492a-9320-7c1dadbccc30), Stock saat ini: 80, Diminta: 3
2025-11-30 08:05:51.451 [http-nio-9090-exec-6] INFO  c.a.b.service.impl.OrderServiceImpl - Item ditambahkan → Butter Brioche × 3 (Rp 22000.0, subtotal Rp 66000.0)
2025-11-30 08:05:51.451 [http-nio-9090-exec-6] DEBUG c.a.b.service.impl.OrderServiceImpl - Check stock → Product: Cinnamon Roll Classic (ID: 1b1d7cdd-b551-468e-b399-bcf98cdf8051), Stock saat ini: 70, Diminta: 1
2025-11-30 08:05:51.451 [http-nio-9090-exec-6] INFO  c.a.b.service.impl.OrderServiceImpl - Item ditambahkan → Cinnamon Roll Classic × 1 (Rp 25000.0, subtotal Rp 25000.0)
2025-11-30 08:05:51.451 [http-nio-9090-exec-6] INFO  c.a.b.s.impl.PaymentServiceImpl - Midtrans Config v3.0.0 → Production: false, ServerKey: SET
2025-11-30 08:05:51.453 [http-nio-9090-exec-6] INFO  okhttp3.OkHttpClient - --> POST https://app.sandbox.midtrans.com/snap/v1/transactions
2025-11-30 08:05:51.453 [http-nio-9090-exec-6] INFO  okhttp3.OkHttpClient - Content-Type: application/json; charset=utf-8
2025-11-30 08:05:51.453 [http-nio-9090-exec-6] INFO  okhttp3.OkHttpClient - Content-Length: 538
2025-11-30 08:05:51.453 [http-nio-9090-exec-6] INFO  okhttp3.OkHttpClient - 
2025-11-30 08:05:51.453 [http-nio-9090-exec-6] INFO  okhttp3.OkHttpClient - {"item_details":[{"name":"Butter Brioche","quantity":3,"id":"09cc3466-71b5-492a-9320-7c1dadbccc30","price":22000},{"name":"Cinnamon Roll Classic","quantity":1,"id":"1b1d7cdd-b551-468e-b399-bcf98cdf8051","price":25000},{"name":"Biaya Pengiriman","id":"SHIPPING","quantity":1,"price":15000},{"name":"Biaya Layanan","id":"SERVICE","quantity":1,"price":2000}],"customer_details":{"phone":"082150272529","first_name":"Zwita Sianturi","email":"audrio8802@gmail.com"},"transaction_details":{"order_id":"ORD-20251130-0002","gross_amount":108000}}
2025-11-30 08:05:51.453 [http-nio-9090-exec-6] INFO  okhttp3.OkHttpClient - --> END POST (538-byte body)
2025-11-30 08:05:51.661 [http-nio-9090-exec-6] INFO  okhttp3.OkHttpClient - <-- 201 https://app.sandbox.midtrans.com/snap/v1/transactions (209ms)
2025-11-30 08:05:51.661 [http-nio-9090-exec-6] INFO  okhttp3.OkHttpClient - location: http://snap.i.b-id-ca-eks-01.gopay.sh/snap/v1/transactions/0e50a049-7688-4e23-b764-cd6369503a42
2025-11-30 08:05:51.661 [http-nio-9090-exec-6] INFO  okhttp3.OkHttpClient - content-type: application/json; charset=utf-8
2025-11-30 08:05:51.661 [http-nio-9090-exec-6] INFO  okhttp3.OkHttpClient - vary: Accept,Accept-Encoding
2025-11-30 08:05:51.661 [http-nio-9090-exec-6] INFO  okhttp3.OkHttpClient - x-request-id: af3104c2-5460-4eba-b700-0fb80fe76164
2025-11-30 08:05:51.661 [http-nio-9090-exec-6] INFO  okhttp3.OkHttpClient - referrer-policy: origin-when-cross-origin
2025-11-30 08:05:51.661 [http-nio-9090-exec-6] INFO  okhttp3.OkHttpClient - x-content-type-options: nosniff
2025-11-30 08:05:51.661 [http-nio-9090-exec-6] INFO  okhttp3.OkHttpClient - x-download-options: noopen
2025-11-30 08:05:51.661 [http-nio-9090-exec-6] INFO  okhttp3.OkHttpClient - x-frame-options: SAMEORIGIN
2025-11-30 08:05:51.661 [http-nio-9090-exec-6] INFO  okhttp3.OkHttpClient - x-permitted-cross-domain-policies: none
2025-11-30 08:05:51.661 [http-nio-9090-exec-6] INFO  okhttp3.OkHttpClient - x-xss-protection: 1; mode=block
2025-11-30 08:05:51.661 [http-nio-9090-exec-6] INFO  okhttp3.OkHttpClient - x-envoy-upstream-service-time: 150
2025-11-30 08:05:51.661 [http-nio-9090-exec-6] INFO  okhttp3.OkHttpClient - date: Sun, 30 Nov 2025 01:05:49 GMT
2025-11-30 08:05:51.661 [http-nio-9090-exec-6] INFO  okhttp3.OkHttpClient - server: istio-envoy
2025-11-30 08:05:51.661 [http-nio-9090-exec-6] INFO  okhttp3.OkHttpClient - 
2025-11-30 08:05:51.661 [http-nio-9090-exec-6] INFO  okhttp3.OkHttpClient - {"token":"0e50a049-7688-4e23-b764-cd6369503a42","redirect_url":"https://app.sandbox.midtrans.com/snap/v4/redirection/0e50a049-7688-4e23-b764-cd6369503a42"}
2025-11-30 08:05:51.661 [http-nio-9090-exec-6] INFO  okhttp3.OkHttpClient - <-- END HTTP (155-byte body)
2025-11-30 08:05:51.661 [http-nio-9090-exec-6] INFO  c.a.b.s.impl.PaymentServiceImpl - Token Midtrans berhasil dibuat untuk order: ORD-20251130-0002
2025-11-30 08:05:51.663 [http-nio-9090-exec-6] WARN  o.h.e.jdbc.spi.SqlExceptionHelper - SQL Error: 1366, SQLState: HY000
2025-11-30 08:05:51.663 [http-nio-9090-exec-6] ERROR o.h.e.jdbc.spi.SqlExceptionHelper - Incorrect string value: '\x9A\x98Q\xFBN\x1B...' for column 'id_order_detail' at row 1
2025-11-30 08:05:51.667 [http-nio-9090-exec-6] ERROR o.a.c.c.C.[.[.[.0.[dispatcherServlet] - Servlet.service() for servlet [dispatcherServlet] in context with path [/api/v1.0] threw exception [Request processing failed: org.springframework.orm.jpa.JpaSystemException: could not execute statement [Incorrect string value: '\x9A\x98Q\xFBN\x1B...' for column 'id_order_detail' at row 1] [insert into order_details (id_order,id_product,quantity,subtotal,unit_price,id_order_detail) values (?,?,?,?,?,?)]] with root cause
java.sql.SQLException: Incorrect string value: '\x9A\x98Q\xFBN\x1B...' for column 'id_order_detail' at row 1
	at com.mysql.cj.jdbc.exceptions.SQLError.createSQLException(SQLError.java:121)
	at com.mysql.cj.jdbc.exceptions.SQLExceptionsMapping.translateException(SQLExceptionsMapping.java:114)
	at com.mysql.cj.jdbc.ClientPreparedStatement.executeInternal(ClientPreparedStatement.java:988)
	at com.mysql.cj.jdbc.ClientPreparedStatement.executeUpdateInternal(ClientPreparedStatement.java:1166)
	at com.mysql.cj.jdbc.ClientPreparedStatement.executeUpdateInternal(ClientPreparedStatement.java:1101)
	at com.mysql.cj.jdbc.ClientPreparedStatement.executeLargeUpdate(ClientPreparedStatement.java:1448)
	at com.mysql.cj.jdbc.ClientPreparedStatement.executeUpdate(ClientPreparedStatement.java:1084)
	at com.zaxxer.hikari.pool.ProxyPreparedStatement.executeUpdate(ProxyPreparedStatement.java:61)
	at com.zaxxer.hikari.pool.HikariProxyPreparedStatement.executeUpdate(HikariProxyPreparedStatement.java)
	at org.hibernate.engine.jdbc.internal.ResultSetReturnImpl.executeUpdate(ResultSetReturnImpl.java:194)
	at org.hibernate.engine.jdbc.mutation.internal.AbstractMutationExecutor.performNonBatchedMutation(AbstractMutationExecutor.java:134)
	at org.hibernate.engine.jdbc.mutation.internal.MutationExecutorSingleNonBatched.performNonBatchedOperations(MutationExecutorSingleNonBatched.java:55)
	at org.hibernate.engine.jdbc.mutation.internal.AbstractMutationExecutor.execute(AbstractMutationExecutor.java:55)
	at org.hibernate.persister.entity.mutation.InsertCoordinatorStandard.doStaticInserts(InsertCoordinatorStandard.java:194)
	at org.hibernate.persister.entity.mutation.InsertCoordinatorStandard.coordinateInsert(InsertCoordinatorStandard.java:132)
	at org.hibernate.persister.entity.mutation.InsertCoordinatorStandard.insert(InsertCoordinatorStandard.java:104)
	at org.hibernate.action.internal.EntityInsertAction.execute(EntityInsertAction.java:110)
	at org.hibernate.engine.spi.ActionQueue.executeActions(ActionQueue.java:644)
	at org.hibernate.engine.spi.ActionQueue.executeActions(ActionQueue.java:511)
	at org.hibernate.event.internal.AbstractFlushingEventListener.performExecutions(AbstractFlushingEventListener.java:414)
	at org.hibernate.event.internal.DefaultFlushEventListener.onFlush(DefaultFlushEventListener.java:41)
	at org.hibernate.event.service.internal.EventListenerGroupImpl.fireEventOnEachListener(EventListenerGroupImpl.java:127)
	at org.hibernate.internal.SessionImpl.doFlush(SessionImpl.java:1429)
	at org.hibernate.internal.SessionImpl.managedFlush(SessionImpl.java:491)
	at org.hibernate.internal.SessionImpl.flushBeforeTransactionCompletion(SessionImpl.java:2354)
	at org.hibernate.internal.SessionImpl.beforeTransactionCompletion(SessionImpl.java:1978)
	at org.hibernate.engine.jdbc.internal.JdbcCoordinatorImpl.beforeTransactionCompletion(JdbcCoordinatorImpl.java:439)
	at org.hibernate.resource.transaction.backend.jdbc.internal.JdbcResourceLocalTransactionCoordinatorImpl.beforeCompletionCallback(JdbcResourceLocalTransactionCoordinatorImpl.java:169)
	at org.hibernate.resource.transaction.backend.jdbc.internal.JdbcResourceLocalTransactionCoordinatorImpl$TransactionDriverControlImpl.commit(JdbcResourceLocalTransactionCoordinatorImpl.java:267)
	at org.hibernate.engine.transaction.internal.TransactionImpl.commit(TransactionImpl.java:101)
	at org.springframework.orm.jpa.JpaTransactionManager.doCommit(JpaTransactionManager.java:563)
	at org.springframework.transaction.support.AbstractPlatformTransactionManager.processCommit(AbstractPlatformTransactionManager.java:795)
	at org.springframework.transaction.support.AbstractPlatformTransactionManager.commit(AbstractPlatformTransactionManager.java:758)
	at org.springframework.transaction.interceptor.TransactionAspectSupport.commitTransactionAfterReturning(TransactionAspectSupport.java:698)
	at org.springframework.transaction.interceptor.TransactionAspectSupport.invokeWithinTransaction(TransactionAspectSupport.java:416)
	at org.springframework.transaction.interceptor.TransactionInterceptor.invoke(TransactionInterceptor.java:119)
	at org.springframework.aop.framework.ReflectiveMethodInvocation.proceed(ReflectiveMethodInvocation.java:184)
	at org.springframework.aop.framework.CglibAopProxy$DynamicAdvisedInterceptor.intercept(CglibAopProxy.java:728)
	at com.audrio.backendbakrie.service.impl.OrderServiceImpl$$SpringCGLIB$$0.createOrder(<generated>)
	at com.audrio.backendbakrie.controller.OrderController.createOrder(OrderController.java:30)
	at java.base/jdk.internal.reflect.DirectMethodHandleAccessor.invoke(DirectMethodHandleAccessor.java:103)
	at java.base/java.lang.reflect.Method.invoke(Method.java:580)
	at org.springframework.web.method.support.InvocableHandlerMethod.doInvoke(InvocableHandlerMethod.java:258)
	at org.springframework.web.method.support.InvocableHandlerMethod.invokeForRequest(InvocableHandlerMethod.java:191)
	at org.springframework.web.servlet.mvc.method.annotation.ServletInvocableHandlerMethod.invokeAndHandle(ServletInvocableHandlerMethod.java:118)
	at org.springframework.web.servlet.mvc.method.annotation.RequestMappingHandlerAdapter.invokeHandlerMethod(RequestMappingHandlerAdapter.java:991)
	at org.springframework.web.servlet.mvc.method.annotation.RequestMappingHandlerAdapter.handleInternal(RequestMappingHandlerAdapter.java:896)
	at org.springframework.web.servlet.mvc.method.AbstractHandlerMethodAdapter.handle(AbstractHandlerMethodAdapter.java:87)
	at org.springframework.web.servlet.DispatcherServlet.doDispatch(DispatcherServlet.java:1089)
	at org.springframework.web.servlet.DispatcherServlet.doService(DispatcherServlet.java:979)
	at org.springframework.web.servlet.FrameworkServlet.processRequest(FrameworkServlet.java:1014)
	at org.springframework.web.servlet.FrameworkServlet.doPost(FrameworkServlet.java:914)
	at jakarta.servlet.http.HttpServlet.service(HttpServlet.java:590)
	at org.springframework.web.servlet.FrameworkServlet.service(FrameworkServlet.java:885)
	at jakarta.servlet.http.HttpServlet.service(HttpServlet.java:658)
	at org.apache.catalina.core.ApplicationFilterChain.internalDoFilter(ApplicationFilterChain.java:193)
	at org.apache.catalina.core.ApplicationFilterChain.doFilter(ApplicationFilterChain.java:138)
	at org.apache.tomcat.websocket.server.WsFilter.doFilter(WsFilter.java:51)
	at org.apache.catalina.core.ApplicationFilterChain.internalDoFilter(ApplicationFilterChain.java:162)
	at org.apache.catalina.core.ApplicationFilterChain.doFilter(ApplicationFilterChain.java:138)
	at org.springframework.web.filter.OncePerRequestFilter.doFilter(OncePerRequestFilter.java:110)
	at org.apache.catalina.core.ApplicationFilterChain.internalDoFilter(ApplicationFilterChain.java:162)
	at org.apache.catalina.core.ApplicationFilterChain.doFilter(ApplicationFilterChain.java:138)
	at org.springframework.web.filter.CompositeFilter$VirtualFilterChain.doFilter(CompositeFilter.java:108)
	at org.springframework.web.filter.CompositeFilter$VirtualFilterChain.doFilter(CompositeFilter.java:108)
	at org.springframework.security.web.FilterChainProxy.lambda$doFilterInternal$3(FilterChainProxy.java:231)
	at org.springframework.security.web.FilterChainProxy$VirtualFilterChain.doFilter(FilterChainProxy.java:365)
	at org.springframework.security.web.access.intercept.AuthorizationFilter.doFilter(AuthorizationFilter.java:101)
	at org.springframework.security.web.FilterChainProxy$VirtualFilterChain.doFilter(FilterChainProxy.java:374)
	at org.springframework.security.web.access.ExceptionTranslationFilter.doFilter(ExceptionTranslationFilter.java:125)
	at org.springframework.security.web.access.ExceptionTranslationFilter.doFilter(ExceptionTranslationFilter.java:119)
	at org.springframework.security.web.FilterChainProxy$VirtualFilterChain.doFilter(FilterChainProxy.java:374)
	at org.springframework.security.web.session.SessionManagementFilter.doFilter(SessionManagementFilter.java:131)
	at org.springframework.security.web.session.SessionManagementFilter.doFilter(SessionManagementFilter.java:85)
	at org.springframework.security.web.FilterChainProxy$VirtualFilterChain.doFilter(FilterChainProxy.java:374)
	at org.springframework.security.web.authentication.AnonymousAuthenticationFilter.doFilter(AnonymousAuthenticationFilter.java:100)
	at org.springframework.security.web.FilterChainProxy$VirtualFilterChain.doFilter(FilterChainProxy.java:374)
	at org.springframework.security.web.servletapi.SecurityContextHolderAwareRequestFilter.doFilter(SecurityContextHolderAwareRequestFilter.java:179)
	at org.springframework.security.web.FilterChainProxy$VirtualFilterChain.doFilter(FilterChainProxy.java:374)
	at org.springframework.security.web.savedrequest.RequestCacheAwareFilter.doFilter(RequestCacheAwareFilter.java:63)
	at org.springframework.security.web.FilterChainProxy$VirtualFilterChain.doFilter(FilterChainProxy.java:374)
	at com.audrio.backendbakrie.config.JwtAuthenticationFilter.doFilterInternal(JwtAuthenticationFilter.java:131)
	at org.springframework.web.filter.OncePerRequestFilter.doFilter(OncePerRequestFilter.java:116)
	at org.springframework.security.web.FilterChainProxy$VirtualFilterChain.doFilter(FilterChainProxy.java:374)
	at org.springframework.security.web.authentication.logout.LogoutFilter.doFilter(LogoutFilter.java:107)
	at org.springframework.security.web.authentication.logout.LogoutFilter.doFilter(LogoutFilter.java:93)
	at org.springframework.security.web.FilterChainProxy$VirtualFilterChain.doFilter(FilterChainProxy.java:374)
	at org.springframework.web.filter.CorsFilter.doFilterInternal(CorsFilter.java:91)
	at org.springframework.web.filter.OncePerRequestFilter.doFilter(OncePerRequestFilter.java:116)
	at org.springframework.security.web.FilterChainProxy$VirtualFilterChain.doFilter(FilterChainProxy.java:374)
	at org.springframework.security.web.header.HeaderWriterFilter.doHeadersAfter(HeaderWriterFilter.java:90)
	at org.springframework.security.web.header.HeaderWriterFilter.doFilterInternal(HeaderWriterFilter.java:75)
	at org.springframework.web.filter.OncePerRequestFilter.doFilter(OncePerRequestFilter.java:116)
	at org.springframework.security.web.FilterChainProxy$VirtualFilterChain.doFilter(FilterChainProxy.java:374)
	at org.springframework.security.web.context.SecurityContextHolderFilter.doFilter(SecurityContextHolderFilter.java:82)
	at org.springframework.security.web.context.SecurityContextHolderFilter.doFilter(SecurityContextHolderFilter.java:69)
	at org.springframework.security.web.FilterChainProxy$VirtualFilterChain.doFilter(FilterChainProxy.java:374)
	at org.springframework.security.web.context.request.async.WebAsyncManagerIntegrationFilter.doFilterInternal(WebAsyncManagerIntegrationFilter.java:62)
	at org.springframework.web.filter.OncePerRequestFilter.doFilter(OncePerRequestFilter.java:116)
	at org.springframework.security.web.FilterChainProxy$VirtualFilterChain.doFilter(FilterChainProxy.java:374)
	at org.springframework.security.web.session.DisableEncodeUrlFilter.doFilterInternal(DisableEncodeUrlFilter.java:42)
	at org.springframework.web.filter.OncePerRequestFilter.doFilter(OncePerRequestFilter.java:116)
	at org.springframework.security.web.FilterChainProxy$VirtualFilterChain.doFilter(FilterChainProxy.java:374)
	at org.springframework.security.web.FilterChainProxy.doFilterInternal(FilterChainProxy.java:233)
	at org.springframework.security.web.FilterChainProxy.doFilter(FilterChainProxy.java:191)
	at org.springframework.web.filter.CompositeFilter$VirtualFilterChain.doFilter(CompositeFilter.java:113)
	at org.springframework.web.filter.ServletRequestPathFilter.doFilter(ServletRequestPathFilter.java:52)
	at org.springframework.web.filter.CompositeFilter$VirtualFilterChain.doFilter(CompositeFilter.java:113)
	at org.springframework.web.filter.CompositeFilter.doFilter(CompositeFilter.java:74)
	at org.springframework.security.config.annotation.web.configuration.WebSecurityConfiguration$CompositeFilterChainProxy.doFilter(WebSecurityConfiguration.java:319)
	at org.springframework.web.filter.CompositeFilter$VirtualFilterChain.doFilter(CompositeFilter.java:113)
	at org.springframework.web.servlet.handler.HandlerMappingIntrospector.lambda$createCacheFilter$4(HandlerMappingIntrospector.java:267)
	at org.springframework.web.filter.CompositeFilter$VirtualFilterChain.doFilter(CompositeFilter.java:113)
	at org.springframework.web.filter.CompositeFilter.doFilter(CompositeFilter.java:74)
	at org.springframework.security.config.annotation.web.configuration.WebMvcSecurityConfiguration$CompositeFilterChainProxy.doFilter(WebMvcSecurityConfiguration.java:240)
	at org.springframework.web.filter.DelegatingFilterProxy.invokeDelegate(DelegatingFilterProxy.java:362)
	at org.springframework.web.filter.DelegatingFilterProxy.doFilter(DelegatingFilterProxy.java:278)
	at org.apache.catalina.core.ApplicationFilterChain.internalDoFilter(ApplicationFilterChain.java:162)
	at org.apache.catalina.core.ApplicationFilterChain.doFilter(ApplicationFilterChain.java:138)
	at org.springframework.web.filter.RequestContextFilter.doFilterInternal(RequestContextFilter.java:100)
	at org.springframework.web.filter.OncePerRequestFilter.doFilter(OncePerRequestFilter.java:116)
	at org.apache.catalina.core.ApplicationFilterChain.internalDoFilter(ApplicationFilterChain.java:162)
	at org.apache.catalina.core.ApplicationFilterChain.doFilter(ApplicationFilterChain.java:138)
	at org.springframework.web.filter.FormContentFilter.doFilterInternal(FormContentFilter.java:93)
	at org.springframework.web.filter.OncePerRequestFilter.doFilter(OncePerRequestFilter.java:116)
	at org.apache.catalina.core.ApplicationFilterChain.internalDoFilter(ApplicationFilterChain.java:162)
	at org.apache.catalina.core.ApplicationFilterChain.doFilter(ApplicationFilterChain.java:138)
	at org.springframework.web.filter.CharacterEncodingFilter.doFilterInternal(CharacterEncodingFilter.java:201)
	at org.springframework.web.filter.OncePerRequestFilter.doFilter(OncePerRequestFilter.java:116)
	at org.apache.catalina.core.ApplicationFilterChain.internalDoFilter(ApplicationFilterChain.java:162)
	at org.apache.catalina.core.ApplicationFilterChain.doFilter(ApplicationFilterChain.java:138)
	at org.apache.catalina.core.StandardWrapperValve.invoke(StandardWrapperValve.java:165)
	at org.apache.catalina.core.StandardContextValve.invoke(StandardContextValve.java:88)
	at org.apache.catalina.authenticator.AuthenticatorBase.invoke(AuthenticatorBase.java:482)
	at org.apache.catalina.core.StandardHostValve.invoke(StandardHostValve.java:113)
	at org.apache.catalina.valves.ErrorReportValve.invoke(ErrorReportValve.java:83)
	at org.apache.catalina.core.StandardEngineValve.invoke(StandardEngineValve.java:72)
	at org.apache.catalina.connector.CoyoteAdapter.service(CoyoteAdapter.java:342)
	at org.apache.coyote.http11.Http11Processor.service(Http11Processor.java:399)
	at org.apache.coyote.AbstractProcessorLight.process(AbstractProcessorLight.java:63)
	at org.apache.coyote.AbstractProtocol$ConnectionHandler.process(AbstractProtocol.java:903)
	at org.apache.tomcat.util.net.NioEndpoint$SocketProcessor.doRun(NioEndpoint.java:1774)
	at org.apache.tomcat.util.net.SocketProcessorBase.run(SocketProcessorBase.java:52)
	at org.apache.tomcat.util.threads.ThreadPoolExecutor.runWorker(ThreadPoolExecutor.java:973)
	at org.apache.tomcat.util.threads.ThreadPoolExecutor$Worker.run(ThreadPoolExecutor.java:491)
	at org.apache.tomcat.util.threads.TaskThread$WrappingRunnable.run(TaskThread.java:63)
	at java.base/java.lang.Thread.run(Thread.java:1583)
2025-11-30 08:05:51.667 [http-nio-9090-exec-6] DEBUG o.s.security.web.FilterChainProxy - Securing POST /error
2025-11-30 08:05:51.667 [http-nio-9090-exec-6] DEBUG o.s.s.w.a.AnonymousAuthenticationFilter - Set SecurityContextHolder to anonymous SecurityContext
2025-11-30 08:08:33.200 [SpringApplicationShutdownHook] INFO  o.s.b.w.e.tomcat.GracefulShutdown - Commencing graceful shutdown. Waiting for active requests to complete
2025-11-30 08:08:33.205 [tomcat-shutdown] INFO  o.s.b.w.e.tomcat.GracefulShutdown - Graceful shutdown complete
2025-11-30 08:08:33.209 [SpringApplicationShutdownHook] INFO  o.s.o.j.LocalContainerEntityManagerFactoryBean - Closing JPA EntityManagerFactory for persistence unit 'default'
2025-11-30 08:08:33.210 [SpringApplicationShutdownHook] INFO  com.zaxxer.hikari.HikariDataSource - HikariPool-1 - Shutdown initiated...
2025-11-30 08:08:33.214 [SpringApplicationShutdownHook] INFO  com.zaxxer.hikari.HikariDataSource - HikariPool-1 - Shutdown completed.
2025-11-30 08:08:36.929 [restartedMain] INFO  c.a.b.BackendBakrieApplication - Starting BackendBakrieApplication using Java 21.0.8 with PID 35084 (D:\Documents\Bakrie-Store-PI\backend-bakrie\target\classes started by LEGION in D:\Documents\Bakrie-Store-PI)
2025-11-30 08:08:36.930 [restartedMain] DEBUG c.a.b.BackendBakrieApplication - Running with Spring Boot v3.5.7, Spring v6.2.12
2025-11-30 08:08:36.930 [restartedMain] INFO  c.a.b.BackendBakrieApplication - No active profile set, falling back to 1 default profile: "default"
2025-11-30 08:08:36.954 [restartedMain] INFO  o.s.b.d.e.DevToolsPropertyDefaultsPostProcessor - Devtools property defaults active! Set 'spring.devtools.add-properties' to 'false' to disable
2025-11-30 08:08:36.954 [restartedMain] INFO  o.s.b.d.e.DevToolsPropertyDefaultsPostProcessor - For additional web related logging consider setting the 'logging.level.web' property to 'DEBUG'
2025-11-30 08:08:37.343 [restartedMain] INFO  o.s.d.r.c.RepositoryConfigurationDelegate - Bootstrapping Spring Data JPA repositories in DEFAULT mode.
2025-11-30 08:08:37.387 [restartedMain] INFO  o.s.d.r.c.RepositoryConfigurationDelegate - Finished Spring Data repository scanning in 39 ms. Found 9 JPA repository interfaces.
2025-11-30 08:08:37.697 [restartedMain] INFO  o.s.b.w.e.tomcat.TomcatWebServer - Tomcat initialized with port 9090 (http)
2025-11-30 08:08:37.704 [restartedMain] INFO  o.a.catalina.core.StandardService - Starting service [Tomcat]
2025-11-30 08:08:37.704 [restartedMain] INFO  o.a.catalina.core.StandardEngine - Starting Servlet engine: [Apache Tomcat/10.1.48]
2025-11-30 08:08:37.729 [restartedMain] INFO  o.a.c.c.C.[.[localhost].[/api/v1.0] - Initializing Spring embedded WebApplicationContext
2025-11-30 08:08:37.729 [restartedMain] INFO  o.s.b.w.s.c.ServletWebServerApplicationContext - Root WebApplicationContext: initialization completed in 774 ms
2025-11-30 08:08:37.806 [restartedMain] INFO  o.h.jpa.internal.util.LogHelper - HHH000204: Processing PersistenceUnitInfo [name: default]
2025-11-30 08:08:37.839 [restartedMain] INFO  org.hibernate.Version - HHH000412: Hibernate ORM core version 6.6.33.Final
2025-11-30 08:08:37.863 [restartedMain] INFO  o.h.c.i.RegionFactoryInitiator - HHH000026: Second-level cache disabled
2025-11-30 08:08:37.994 [restartedMain] INFO  o.s.o.j.p.SpringPersistenceUnitInfo - No LoadTimeWeaver setup: ignoring JPA class transformer
2025-11-30 08:08:38.009 [restartedMain] INFO  com.zaxxer.hikari.HikariDataSource - HikariPool-1 - Starting...
2025-11-30 08:08:38.183 [restartedMain] INFO  com.zaxxer.hikari.pool.HikariPool - HikariPool-1 - Added connection com.mysql.cj.jdbc.ConnectionImpl@52d6fd6f
2025-11-30 08:08:38.184 [restartedMain] INFO  com.zaxxer.hikari.HikariDataSource - HikariPool-1 - Start completed.
2025-11-30 08:08:38.215 [restartedMain] WARN  org.hibernate.orm.deprecation - HHH90000025: MySQL8Dialect does not need to be specified explicitly using 'hibernate.dialect' (remove the property setting and it will be selected by default)
2025-11-30 08:08:38.216 [restartedMain] WARN  org.hibernate.orm.deprecation - HHH90000026: MySQL8Dialect has been deprecated; use org.hibernate.dialect.MySQLDialect instead
2025-11-30 08:08:38.225 [restartedMain] INFO  o.hibernate.orm.connections.pooling - HHH10001005: Database info:
	Database JDBC URL [Connecting through datasource 'HikariDataSource (HikariPool-1)']
	Database driver: undefined/unknown
	Database version: 8.0
	Autocommit mode: undefined/unknown
	Isolation level: undefined/unknown
	Minimum pool size: undefined/unknown
	Maximum pool size: undefined/unknown
2025-11-30 08:08:38.873 [restartedMain] INFO  o.h.e.t.j.p.i.JtaPlatformInitiator - HHH000489: No JTA platform available (set 'hibernate.transaction.jta.platform' to enable JTA platform integration)
2025-11-30 08:08:38.993 [restartedMain] INFO  o.s.o.j.LocalContainerEntityManagerFactoryBean - Initialized JPA EntityManagerFactory for persistence unit 'default'
2025-11-30 08:08:39.163 [restartedMain] INFO  o.s.d.j.r.query.QueryEnhancerFactory - Hibernate is in classpath; If applicable, HQL parser will be used.
2025-11-30 08:08:39.511 [restartedMain] DEBUG c.a.b.config.JwtAuthenticationFilter - Filter 'jwtAuthenticationFilter' configured for use
2025-11-30 08:08:39.582 [restartedMain] INFO  o.s.s.c.a.a.c.InitializeAuthenticationProviderBeanManagerConfigurer$InitializeAuthenticationProviderManagerConfigurer - Global AuthenticationManager configured with AuthenticationProvider bean with name authenticationProvider
2025-11-30 08:08:39.583 [restartedMain] WARN  o.s.s.c.a.a.c.InitializeUserDetailsBeanManagerConfigurer$InitializeUserDetailsManagerConfigurer - Global AuthenticationManager configured with an AuthenticationProvider bean. UserDetailsService beans will not be used by Spring Security for automatically configuring username/password login. Consider removing the AuthenticationProvider bean. Alternatively, consider using the UserDetailsService in a manually instantiated DaoAuthenticationProvider. If the current configuration is intentional, to turn off this warning, increase the logging level of 'org.springframework.security.config.annotation.authentication.configuration.InitializeUserDetailsBeanManagerConfigurer' to ERROR
2025-11-30 08:08:39.684 [restartedMain] WARN  o.s.b.a.o.j.JpaBaseConfiguration$JpaWebConfiguration - spring.jpa.open-in-view is enabled by default. Therefore, database queries may be performed during view rendering. Explicitly configure spring.jpa.open-in-view to disable this warning
2025-11-30 08:08:39.834 [restartedMain] DEBUG o.s.s.web.DefaultSecurityFilterChain - Will secure any request with filters: DisableEncodeUrlFilter, WebAsyncManagerIntegrationFilter, SecurityContextHolderFilter, HeaderWriterFilter, CorsFilter, LogoutFilter, JwtAuthenticationFilter, RequestCacheAwareFilter, SecurityContextHolderAwareRequestFilter, AnonymousAuthenticationFilter, SessionManagementFilter, ExceptionTranslationFilter, AuthorizationFilter
2025-11-30 08:08:39.964 [restartedMain] INFO  o.s.b.d.a.OptionalLiveReloadServer - LiveReload server is running on port 35729
2025-11-30 08:08:39.992 [restartedMain] INFO  o.s.b.w.e.tomcat.TomcatWebServer - Tomcat started on port 9090 (http) with context path '/api/v1.0'
2025-11-30 08:08:39.997 [restartedMain] INFO  c.a.b.BackendBakrieApplication - Started BackendBakrieApplication in 3.351 seconds (process running for 3.72)
2025-11-30 08:08:51.658 [http-nio-9090-exec-1] INFO  o.a.c.c.C.[.[localhost].[/api/v1.0] - Initializing Spring DispatcherServlet 'dispatcherServlet'
2025-11-30 08:08:51.658 [http-nio-9090-exec-1] INFO  o.s.web.servlet.DispatcherServlet - Initializing Servlet 'dispatcherServlet'
2025-11-30 08:08:51.658 [http-nio-9090-exec-1] INFO  o.s.web.servlet.DispatcherServlet - Completed initialization in 0 ms
2025-11-30 08:08:51.695 [http-nio-9090-exec-1] DEBUG o.s.security.web.FilterChainProxy - Securing OPTIONS /customer/order/create
2025-11-30 08:08:51.723 [http-nio-9090-exec-2] DEBUG o.s.security.web.FilterChainProxy - Securing POST /customer/order/create
2025-11-30 08:08:51.725 [http-nio-9090-exec-2] DEBUG c.a.b.config.JwtAuthenticationFilter - >>> Request POST /api/v1.0/customer/order/create
2025-11-30 08:08:51.725 [http-nio-9090-exec-2] DEBUG c.a.b.config.JwtAuthenticationFilter - Token received (first 20 chars): eyJhbGciOiJIUzI1NiJ9...
2025-11-30 08:08:51.919 [http-nio-9090-exec-2] INFO  c.a.b.config.JwtAuthenticationFilter - Authorities for audrio8802@gmail.com: [ROLE_CUSTOMER]
2025-11-30 08:08:51.919 [http-nio-9090-exec-2] DEBUG c.a.b.config.JwtAuthenticationFilter - Authenticated user from JWT: audrio8802@gmail.com
2025-11-30 08:08:51.919 [http-nio-9090-exec-2] INFO  c.a.b.config.JwtAuthenticationFilter - Authenticated user: audrio8802@gmail.com
2025-11-30 08:08:51.919 [http-nio-9090-exec-2] INFO  c.a.b.config.JwtAuthenticationFilter - Authorities: [ROLE_CUSTOMER]
2025-11-30 08:08:51.926 [http-nio-9090-exec-2] DEBUG o.s.security.web.FilterChainProxy - Secured POST /customer/order/create
2025-11-30 08:08:51.994 [http-nio-9090-exec-2] INFO  c.a.b.controller.OrderController - RECEIVED CREATE ORDER → customerId: 49b697a8-c144-4145-a894-e32477c12451, items: 2
2025-11-30 08:08:51.998 [http-nio-9090-exec-2] INFO  c.a.b.service.impl.OrderServiceImpl - === MEMULAI PEMBUATAN ORDER BARU ===
2025-11-30 08:08:51.998 [http-nio-9090-exec-2] INFO  c.a.b.service.impl.OrderServiceImpl - Request dari customerId: 49b697a8-c144-4145-a894-e32477c12451
2025-11-30 08:08:51.998 [http-nio-9090-exec-2] INFO  c.a.b.service.impl.OrderServiceImpl - Alamat pengiriman: JL.Sudirman
2025-11-30 08:08:51.998 [http-nio-9090-exec-2] INFO  c.a.b.service.impl.OrderServiceImpl - Jumlah item di keranjang: 2
2025-11-30 08:08:52.009 [http-nio-9090-exec-2] INFO  c.a.b.service.impl.OrderServiceImpl - Customer ditemukan: Zwita Sianturi (audrio8802@gmail.com)
2025-11-30 08:08:52.009 [http-nio-9090-exec-2] INFO  c.a.b.service.impl.OrderServiceImpl - Order number yang digenerate: ORD-20251130-0001
2025-11-30 08:08:52.010 [http-nio-9090-exec-2] DEBUG c.a.b.service.impl.OrderServiceImpl - Check stock → Product: Butter Brioche (ID: 09cc3466-71b5-492a-9320-7c1dadbccc30), Stock saat ini: 80, Diminta: 3
2025-11-30 08:08:52.010 [http-nio-9090-exec-2] INFO  c.a.b.service.impl.OrderServiceImpl - Item ditambahkan → Butter Brioche × 3 (Rp 22000.0, subtotal Rp 66000.0)
2025-11-30 08:08:52.014 [http-nio-9090-exec-2] DEBUG c.a.b.service.impl.OrderServiceImpl - Check stock → Product: Cinnamon Roll Classic (ID: 1b1d7cdd-b551-468e-b399-bcf98cdf8051), Stock saat ini: 70, Diminta: 1
2025-11-30 08:08:52.014 [http-nio-9090-exec-2] INFO  c.a.b.service.impl.OrderServiceImpl - Item ditambahkan → Cinnamon Roll Classic × 1 (Rp 25000.0, subtotal Rp 25000.0)
2025-11-30 08:08:52.029 [http-nio-9090-exec-2] INFO  c.a.b.s.impl.PaymentServiceImpl - Midtrans Config v3.0.0 → Production: false, ServerKey: SET
2025-11-30 08:08:52.101 [http-nio-9090-exec-2] INFO  okhttp3.OkHttpClient - --> POST https://app.sandbox.midtrans.com/snap/v1/transactions
2025-11-30 08:08:52.101 [http-nio-9090-exec-2] INFO  okhttp3.OkHttpClient - Content-Type: application/json; charset=utf-8
2025-11-30 08:08:52.101 [http-nio-9090-exec-2] INFO  okhttp3.OkHttpClient - Content-Length: 538
2025-11-30 08:08:52.101 [http-nio-9090-exec-2] INFO  okhttp3.OkHttpClient - 
2025-11-30 08:08:52.101 [http-nio-9090-exec-2] INFO  okhttp3.OkHttpClient - {"item_details":[{"name":"Butter Brioche","quantity":3,"id":"09cc3466-71b5-492a-9320-7c1dadbccc30","price":22000},{"name":"Cinnamon Roll Classic","quantity":1,"id":"1b1d7cdd-b551-468e-b399-bcf98cdf8051","price":25000},{"name":"Biaya Pengiriman","id":"SHIPPING","quantity":1,"price":15000},{"name":"Biaya Layanan","id":"SERVICE","quantity":1,"price":2000}],"customer_details":{"phone":"082150272529","first_name":"Zwita Sianturi","email":"audrio8802@gmail.com"},"transaction_details":{"order_id":"ORD-20251130-0001","gross_amount":108000}}
2025-11-30 08:08:52.101 [http-nio-9090-exec-2] INFO  okhttp3.OkHttpClient - --> END POST (538-byte body)
2025-11-30 08:08:52.374 [http-nio-9090-exec-2] INFO  okhttp3.OkHttpClient - <-- 201 https://app.sandbox.midtrans.com/snap/v1/transactions (272ms)
2025-11-30 08:08:52.374 [http-nio-9090-exec-2] INFO  okhttp3.OkHttpClient - location: http://snap.i.b-id-ca-eks-01.gopay.sh/snap/v1/transactions/c2069523-5986-4004-9b41-874e091fdcc7
2025-11-30 08:08:52.374 [http-nio-9090-exec-2] INFO  okhttp3.OkHttpClient - content-type: application/json; charset=utf-8
2025-11-30 08:08:52.374 [http-nio-9090-exec-2] INFO  okhttp3.OkHttpClient - vary: Accept,Accept-Encoding
2025-11-30 08:08:52.374 [http-nio-9090-exec-2] INFO  okhttp3.OkHttpClient - x-request-id: db1920b2-1bbb-449f-8a42-19fe4a6e29c3
2025-11-30 08:08:52.374 [http-nio-9090-exec-2] INFO  okhttp3.OkHttpClient - referrer-policy: origin-when-cross-origin
2025-11-30 08:08:52.374 [http-nio-9090-exec-2] INFO  okhttp3.OkHttpClient - x-content-type-options: nosniff
2025-11-30 08:08:52.374 [http-nio-9090-exec-2] INFO  okhttp3.OkHttpClient - x-download-options: noopen
2025-11-30 08:08:52.374 [http-nio-9090-exec-2] INFO  okhttp3.OkHttpClient - x-frame-options: SAMEORIGIN
2025-11-30 08:08:52.374 [http-nio-9090-exec-2] INFO  okhttp3.OkHttpClient - x-permitted-cross-domain-policies: none
2025-11-30 08:08:52.374 [http-nio-9090-exec-2] INFO  okhttp3.OkHttpClient - x-xss-protection: 1; mode=block
2025-11-30 08:08:52.374 [http-nio-9090-exec-2] INFO  okhttp3.OkHttpClient - x-envoy-upstream-service-time: 104
2025-11-30 08:08:52.374 [http-nio-9090-exec-2] INFO  okhttp3.OkHttpClient - date: Sun, 30 Nov 2025 01:08:50 GMT
2025-11-30 08:08:52.374 [http-nio-9090-exec-2] INFO  okhttp3.OkHttpClient - server: istio-envoy
2025-11-30 08:08:52.374 [http-nio-9090-exec-2] INFO  okhttp3.OkHttpClient - 
2025-11-30 08:08:52.374 [http-nio-9090-exec-2] INFO  okhttp3.OkHttpClient - {"token":"c2069523-5986-4004-9b41-874e091fdcc7","redirect_url":"https://app.sandbox.midtrans.com/snap/v4/redirection/c2069523-5986-4004-9b41-874e091fdcc7"}
2025-11-30 08:08:52.374 [http-nio-9090-exec-2] INFO  okhttp3.OkHttpClient - <-- END HTTP (155-byte body)
2025-11-30 08:08:52.379 [http-nio-9090-exec-2] INFO  c.a.b.s.impl.PaymentServiceImpl - Token Midtrans berhasil dibuat untuk order: ORD-20251130-0001
2025-11-30 08:08:52.828 [http-nio-9090-exec-2] WARN  o.h.e.jdbc.spi.SqlExceptionHelper - SQL Error: 1366, SQLState: HY000
2025-11-30 08:08:52.828 [http-nio-9090-exec-2] ERROR o.h.e.jdbc.spi.SqlExceptionHelper - Incorrect string value: '\xD9\x0B9\xB5\xBB\x02...' for column 'id_order_detail' at row 1
2025-11-30 08:08:52.846 [http-nio-9090-exec-2] ERROR o.a.c.c.C.[.[.[.0.[dispatcherServlet] - Servlet.service() for servlet [dispatcherServlet] in context with path [/api/v1.0] threw exception [Request processing failed: org.springframework.orm.jpa.JpaSystemException: could not execute statement [Incorrect string value: '\xD9\x0B9\xB5\xBB\x02...' for column 'id_order_detail' at row 1] [insert into order_details (id_order,id_product,quantity,subtotal,unit_price,id_order_detail) values (?,?,?,?,?,?)]] with root cause
java.sql.SQLException: Incorrect string value: '\xD9\x0B9\xB5\xBB\x02...' for column 'id_order_detail' at row 1
	at com.mysql.cj.jdbc.exceptions.SQLError.createSQLException(SQLError.java:121)
	at com.mysql.cj.jdbc.exceptions.SQLExceptionsMapping.translateException(SQLExceptionsMapping.java:114)
	at com.mysql.cj.jdbc.ClientPreparedStatement.executeInternal(ClientPreparedStatement.java:988)
	at com.mysql.cj.jdbc.ClientPreparedStatement.executeUpdateInternal(ClientPreparedStatement.java:1166)
	at com.mysql.cj.jdbc.ClientPreparedStatement.executeUpdateInternal(ClientPreparedStatement.java:1101)
	at com.mysql.cj.jdbc.ClientPreparedStatement.executeLargeUpdate(ClientPreparedStatement.java:1448)
	at com.mysql.cj.jdbc.ClientPreparedStatement.executeUpdate(ClientPreparedStatement.java:1084)
	at com.zaxxer.hikari.pool.ProxyPreparedStatement.executeUpdate(ProxyPreparedStatement.java:61)
	at com.zaxxer.hikari.pool.HikariProxyPreparedStatement.executeUpdate(HikariProxyPreparedStatement.java)
	at org.hibernate.engine.jdbc.internal.ResultSetReturnImpl.executeUpdate(ResultSetReturnImpl.java:194)
	at org.hibernate.engine.jdbc.mutation.internal.AbstractMutationExecutor.performNonBatchedMutation(AbstractMutationExecutor.java:134)
	at org.hibernate.engine.jdbc.mutation.internal.MutationExecutorSingleNonBatched.performNonBatchedOperations(MutationExecutorSingleNonBatched.java:55)
	at org.hibernate.engine.jdbc.mutation.internal.AbstractMutationExecutor.execute(AbstractMutationExecutor.java:55)
	at org.hibernate.persister.entity.mutation.InsertCoordinatorStandard.doStaticInserts(InsertCoordinatorStandard.java:194)
	at org.hibernate.persister.entity.mutation.InsertCoordinatorStandard.coordinateInsert(InsertCoordinatorStandard.java:132)
	at org.hibernate.persister.entity.mutation.InsertCoordinatorStandard.insert(InsertCoordinatorStandard.java:104)
	at org.hibernate.action.internal.EntityInsertAction.execute(EntityInsertAction.java:110)
	at org.hibernate.engine.spi.ActionQueue.executeActions(ActionQueue.java:644)
	at org.hibernate.engine.spi.ActionQueue.executeActions(ActionQueue.java:511)
	at org.hibernate.event.internal.AbstractFlushingEventListener.performExecutions(AbstractFlushingEventListener.java:414)
	at org.hibernate.event.internal.DefaultFlushEventListener.onFlush(DefaultFlushEventListener.java:41)
	at org.hibernate.event.service.internal.EventListenerGroupImpl.fireEventOnEachListener(EventListenerGroupImpl.java:127)
	at org.hibernate.internal.SessionImpl.doFlush(SessionImpl.java:1429)
	at org.hibernate.internal.SessionImpl.managedFlush(SessionImpl.java:491)
	at org.hibernate.internal.SessionImpl.flushBeforeTransactionCompletion(SessionImpl.java:2354)
	at org.hibernate.internal.SessionImpl.beforeTransactionCompletion(SessionImpl.java:1978)
	at org.hibernate.engine.jdbc.internal.JdbcCoordinatorImpl.beforeTransactionCompletion(JdbcCoordinatorImpl.java:439)
	at org.hibernate.resource.transaction.backend.jdbc.internal.JdbcResourceLocalTransactionCoordinatorImpl.beforeCompletionCallback(JdbcResourceLocalTransactionCoordinatorImpl.java:169)
	at org.hibernate.resource.transaction.backend.jdbc.internal.JdbcResourceLocalTransactionCoordinatorImpl$TransactionDriverControlImpl.commit(JdbcResourceLocalTransactionCoordinatorImpl.java:267)
	at org.hibernate.engine.transaction.internal.TransactionImpl.commit(TransactionImpl.java:101)
	at org.springframework.orm.jpa.JpaTransactionManager.doCommit(JpaTransactionManager.java:563)
	at org.springframework.transaction.support.AbstractPlatformTransactionManager.processCommit(AbstractPlatformTransactionManager.java:795)
	at org.springframework.transaction.support.AbstractPlatformTransactionManager.commit(AbstractPlatformTransactionManager.java:758)
	at org.springframework.transaction.interceptor.TransactionAspectSupport.commitTransactionAfterReturning(TransactionAspectSupport.java:698)
	at org.springframework.transaction.interceptor.TransactionAspectSupport.invokeWithinTransaction(TransactionAspectSupport.java:416)
	at org.springframework.transaction.interceptor.TransactionInterceptor.invoke(TransactionInterceptor.java:119)
	at org.springframework.aop.framework.ReflectiveMethodInvocation.proceed(ReflectiveMethodInvocation.java:184)
	at org.springframework.aop.framework.CglibAopProxy$DynamicAdvisedInterceptor.intercept(CglibAopProxy.java:728)
	at com.audrio.backendbakrie.service.impl.OrderServiceImpl$$SpringCGLIB$$0.createOrder(<generated>)
	at com.audrio.backendbakrie.controller.OrderController.createOrder(OrderController.java:30)
	at java.base/jdk.internal.reflect.DirectMethodHandleAccessor.invoke(DirectMethodHandleAccessor.java:103)
	at java.base/java.lang.reflect.Method.invoke(Method.java:580)
	at org.springframework.web.method.support.InvocableHandlerMethod.doInvoke(InvocableHandlerMethod.java:258)
	at org.springframework.web.method.support.InvocableHandlerMethod.invokeForRequest(InvocableHandlerMethod.java:191)
	at org.springframework.web.servlet.mvc.method.annotation.ServletInvocableHandlerMethod.invokeAndHandle(ServletInvocableHandlerMethod.java:118)
	at org.springframework.web.servlet.mvc.method.annotation.RequestMappingHandlerAdapter.invokeHandlerMethod(RequestMappingHandlerAdapter.java:991)
	at org.springframework.web.servlet.mvc.method.annotation.RequestMappingHandlerAdapter.handleInternal(RequestMappingHandlerAdapter.java:896)
	at org.springframework.web.servlet.mvc.method.AbstractHandlerMethodAdapter.handle(AbstractHandlerMethodAdapter.java:87)
	at org.springframework.web.servlet.DispatcherServlet.doDispatch(DispatcherServlet.java:1089)
	at org.springframework.web.servlet.DispatcherServlet.doService(DispatcherServlet.java:979)
	at org.springframework.web.servlet.FrameworkServlet.processRequest(FrameworkServlet.java:1014)
	at org.springframework.web.servlet.FrameworkServlet.doPost(FrameworkServlet.java:914)
	at jakarta.servlet.http.HttpServlet.service(HttpServlet.java:590)
	at org.springframework.web.servlet.FrameworkServlet.service(FrameworkServlet.java:885)
	at jakarta.servlet.http.HttpServlet.service(HttpServlet.java:658)
	at org.apache.catalina.core.ApplicationFilterChain.internalDoFilter(ApplicationFilterChain.java:193)
	at org.apache.catalina.core.ApplicationFilterChain.doFilter(ApplicationFilterChain.java:138)
	at org.apache.tomcat.websocket.server.WsFilter.doFilter(WsFilter.java:51)
	at org.apache.catalina.core.ApplicationFilterChain.internalDoFilter(ApplicationFilterChain.java:162)
	at org.apache.catalina.core.ApplicationFilterChain.doFilter(ApplicationFilterChain.java:138)
	at org.springframework.web.filter.OncePerRequestFilter.doFilter(OncePerRequestFilter.java:110)
	at org.apache.catalina.core.ApplicationFilterChain.internalDoFilter(ApplicationFilterChain.java:162)
	at org.apache.catalina.core.ApplicationFilterChain.doFilter(ApplicationFilterChain.java:138)
	at org.springframework.web.filter.CompositeFilter$VirtualFilterChain.doFilter(CompositeFilter.java:108)
	at org.springframework.web.filter.CompositeFilter$VirtualFilterChain.doFilter(CompositeFilter.java:108)
	at org.springframework.security.web.FilterChainProxy.lambda$doFilterInternal$3(FilterChainProxy.java:231)
	at org.springframework.security.web.FilterChainProxy$VirtualFilterChain.doFilter(FilterChainProxy.java:365)
	at org.springframework.security.web.access.intercept.AuthorizationFilter.doFilter(AuthorizationFilter.java:101)
	at org.springframework.security.web.FilterChainProxy$VirtualFilterChain.doFilter(FilterChainProxy.java:374)
	at org.springframework.security.web.access.ExceptionTranslationFilter.doFilter(ExceptionTranslationFilter.java:125)
	at org.springframework.security.web.access.ExceptionTranslationFilter.doFilter(ExceptionTranslationFilter.java:119)
	at org.springframework.security.web.FilterChainProxy$VirtualFilterChain.doFilter(FilterChainProxy.java:374)
	at org.springframework.security.web.session.SessionManagementFilter.doFilter(SessionManagementFilter.java:131)
	at org.springframework.security.web.session.SessionManagementFilter.doFilter(SessionManagementFilter.java:85)
	at org.springframework.security.web.FilterChainProxy$VirtualFilterChain.doFilter(FilterChainProxy.java:374)
	at org.springframework.security.web.authentication.AnonymousAuthenticationFilter.doFilter(AnonymousAuthenticationFilter.java:100)
	at org.springframework.security.web.FilterChainProxy$VirtualFilterChain.doFilter(FilterChainProxy.java:374)
	at org.springframework.security.web.servletapi.SecurityContextHolderAwareRequestFilter.doFilter(SecurityContextHolderAwareRequestFilter.java:179)
	at org.springframework.security.web.FilterChainProxy$VirtualFilterChain.doFilter(FilterChainProxy.java:374)
	at org.springframework.security.web.savedrequest.RequestCacheAwareFilter.doFilter(RequestCacheAwareFilter.java:63)
	at org.springframework.security.web.FilterChainProxy$VirtualFilterChain.doFilter(FilterChainProxy.java:374)
	at com.audrio.backendbakrie.config.JwtAuthenticationFilter.doFilterInternal(JwtAuthenticationFilter.java:131)
	at org.springframework.web.filter.OncePerRequestFilter.doFilter(OncePerRequestFilter.java:116)
	at org.springframework.security.web.FilterChainProxy$VirtualFilterChain.doFilter(FilterChainProxy.java:374)
	at org.springframework.security.web.authentication.logout.LogoutFilter.doFilter(LogoutFilter.java:107)
	at org.springframework.security.web.authentication.logout.LogoutFilter.doFilter(LogoutFilter.java:93)
	at org.springframework.security.web.FilterChainProxy$VirtualFilterChain.doFilter(FilterChainProxy.java:374)
	at org.springframework.web.filter.CorsFilter.doFilterInternal(CorsFilter.java:91)
	at org.springframework.web.filter.OncePerRequestFilter.doFilter(OncePerRequestFilter.java:116)
	at org.springframework.security.web.FilterChainProxy$VirtualFilterChain.doFilter(FilterChainProxy.java:374)
	at org.springframework.security.web.header.HeaderWriterFilter.doHeadersAfter(HeaderWriterFilter.java:90)
	at org.springframework.security.web.header.HeaderWriterFilter.doFilterInternal(HeaderWriterFilter.java:75)
	at org.springframework.web.filter.OncePerRequestFilter.doFilter(OncePerRequestFilter.java:116)
	at org.springframework.security.web.FilterChainProxy$VirtualFilterChain.doFilter(FilterChainProxy.java:374)
	at org.springframework.security.web.context.SecurityContextHolderFilter.doFilter(SecurityContextHolderFilter.java:82)
	at org.springframework.security.web.context.SecurityContextHolderFilter.doFilter(SecurityContextHolderFilter.java:69)
	at org.springframework.security.web.FilterChainProxy$VirtualFilterChain.doFilter(FilterChainProxy.java:374)
	at org.springframework.security.web.context.request.async.WebAsyncManagerIntegrationFilter.doFilterInternal(WebAsyncManagerIntegrationFilter.java:62)
	at org.springframework.web.filter.OncePerRequestFilter.doFilter(OncePerRequestFilter.java:116)
	at org.springframework.security.web.FilterChainProxy$VirtualFilterChain.doFilter(FilterChainProxy.java:374)
	at org.springframework.security.web.session.DisableEncodeUrlFilter.doFilterInternal(DisableEncodeUrlFilter.java:42)
	at org.springframework.web.filter.OncePerRequestFilter.doFilter(OncePerRequestFilter.java:116)
	at org.springframework.security.web.FilterChainProxy$VirtualFilterChain.doFilter(FilterChainProxy.java:374)
	at org.springframework.security.web.FilterChainProxy.doFilterInternal(FilterChainProxy.java:233)
	at org.springframework.security.web.FilterChainProxy.doFilter(FilterChainProxy.java:191)
	at org.springframework.web.filter.CompositeFilter$VirtualFilterChain.doFilter(CompositeFilter.java:113)
	at org.springframework.web.filter.ServletRequestPathFilter.doFilter(ServletRequestPathFilter.java:52)
	at org.springframework.web.filter.CompositeFilter$VirtualFilterChain.doFilter(CompositeFilter.java:113)
	at org.springframework.web.filter.CompositeFilter.doFilter(CompositeFilter.java:74)
	at org.springframework.security.config.annotation.web.configuration.WebSecurityConfiguration$CompositeFilterChainProxy.doFilter(WebSecurityConfiguration.java:319)
	at org.springframework.web.filter.CompositeFilter$VirtualFilterChain.doFilter(CompositeFilter.java:113)
	at org.springframework.web.servlet.handler.HandlerMappingIntrospector.lambda$createCacheFilter$4(HandlerMappingIntrospector.java:267)
	at org.springframework.web.filter.CompositeFilter$VirtualFilterChain.doFilter(CompositeFilter.java:113)
	at org.springframework.web.filter.CompositeFilter.doFilter(CompositeFilter.java:74)
	at org.springframework.security.config.annotation.web.configuration.WebMvcSecurityConfiguration$CompositeFilterChainProxy.doFilter(WebMvcSecurityConfiguration.java:240)
	at org.springframework.web.filter.DelegatingFilterProxy.invokeDelegate(DelegatingFilterProxy.java:362)
	at org.springframework.web.filter.DelegatingFilterProxy.doFilter(DelegatingFilterProxy.java:278)
	at org.apache.catalina.core.ApplicationFilterChain.internalDoFilter(ApplicationFilterChain.java:162)
	at org.apache.catalina.core.ApplicationFilterChain.doFilter(ApplicationFilterChain.java:138)
	at org.springframework.web.filter.RequestContextFilter.doFilterInternal(RequestContextFilter.java:100)
	at org.springframework.web.filter.OncePerRequestFilter.doFilter(OncePerRequestFilter.java:116)
	at org.apache.catalina.core.ApplicationFilterChain.internalDoFilter(ApplicationFilterChain.java:162)
	at org.apache.catalina.core.ApplicationFilterChain.doFilter(ApplicationFilterChain.java:138)
	at org.springframework.web.filter.FormContentFilter.doFilterInternal(FormContentFilter.java:93)
	at org.springframework.web.filter.OncePerRequestFilter.doFilter(OncePerRequestFilter.java:116)
	at org.apache.catalina.core.ApplicationFilterChain.internalDoFilter(ApplicationFilterChain.java:162)
	at org.apache.catalina.core.ApplicationFilterChain.doFilter(ApplicationFilterChain.java:138)
	at org.springframework.web.filter.CharacterEncodingFilter.doFilterInternal(CharacterEncodingFilter.java:201)
	at org.springframework.web.filter.OncePerRequestFilter.doFilter(OncePerRequestFilter.java:116)
	at org.apache.catalina.core.ApplicationFilterChain.internalDoFilter(ApplicationFilterChain.java:162)
	at org.apache.catalina.core.ApplicationFilterChain.doFilter(ApplicationFilterChain.java:138)
	at org.apache.catalina.core.StandardWrapperValve.invoke(StandardWrapperValve.java:165)
	at org.apache.catalina.core.StandardContextValve.invoke(StandardContextValve.java:88)
	at org.apache.catalina.authenticator.AuthenticatorBase.invoke(AuthenticatorBase.java:482)
	at org.apache.catalina.core.StandardHostValve.invoke(StandardHostValve.java:113)
	at org.apache.catalina.valves.ErrorReportValve.invoke(ErrorReportValve.java:83)
	at org.apache.catalina.core.StandardEngineValve.invoke(StandardEngineValve.java:72)
	at org.apache.catalina.connector.CoyoteAdapter.service(CoyoteAdapter.java:342)
	at org.apache.coyote.http11.Http11Processor.service(Http11Processor.java:399)
	at org.apache.coyote.AbstractProcessorLight.process(AbstractProcessorLight.java:63)
	at org.apache.coyote.AbstractProtocol$ConnectionHandler.process(AbstractProtocol.java:903)
	at org.apache.tomcat.util.net.NioEndpoint$SocketProcessor.doRun(NioEndpoint.java:1774)
	at org.apache.tomcat.util.net.SocketProcessorBase.run(SocketProcessorBase.java:52)
	at org.apache.tomcat.util.threads.ThreadPoolExecutor.runWorker(ThreadPoolExecutor.java:973)
	at org.apache.tomcat.util.threads.ThreadPoolExecutor$Worker.run(ThreadPoolExecutor.java:491)
	at org.apache.tomcat.util.threads.TaskThread$WrappingRunnable.run(TaskThread.java:63)
	at java.base/java.lang.Thread.run(Thread.java:1583)
2025-11-30 08:08:52.852 [http-nio-9090-exec-2] DEBUG o.s.security.web.FilterChainProxy - Securing POST /error
2025-11-30 08:08:52.852 [http-nio-9090-exec-2] DEBUG o.s.s.w.a.AnonymousAuthenticationFilter - Set SecurityContextHolder to anonymous SecurityContext
2025-11-30 08:10:43.642 [SpringApplicationShutdownHook] INFO  o.s.b.w.e.tomcat.GracefulShutdown - Commencing graceful shutdown. Waiting for active requests to complete
2025-11-30 08:10:43.647 [tomcat-shutdown] INFO  o.s.b.w.e.tomcat.GracefulShutdown - Graceful shutdown complete
2025-11-30 08:10:43.650 [SpringApplicationShutdownHook] INFO  o.s.o.j.LocalContainerEntityManagerFactoryBean - Closing JPA EntityManagerFactory for persistence unit 'default'
2025-11-30 08:10:43.652 [SpringApplicationShutdownHook] INFO  com.zaxxer.hikari.HikariDataSource - HikariPool-1 - Shutdown initiated...
2025-11-30 08:10:43.656 [SpringApplicationShutdownHook] INFO  com.zaxxer.hikari.HikariDataSource - HikariPool-1 - Shutdown completed.
2025-11-30 08:10:49.710 [restartedMain] INFO  c.a.b.BackendBakrieApplication - Starting BackendBakrieApplication using Java 21.0.8 with PID 12164 (D:\Documents\Bakrie-Store-PI\backend-bakrie\target\classes started by LEGION in D:\Documents\Bakrie-Store-PI)
2025-11-30 08:10:49.710 [restartedMain] DEBUG c.a.b.BackendBakrieApplication - Running with Spring Boot v3.5.7, Spring v6.2.12
2025-11-30 08:10:49.710 [restartedMain] INFO  c.a.b.BackendBakrieApplication - No active profile set, falling back to 1 default profile: "default"
2025-11-30 08:10:49.760 [restartedMain] INFO  o.s.b.d.e.DevToolsPropertyDefaultsPostProcessor - Devtools property defaults active! Set 'spring.devtools.add-properties' to 'false' to disable
2025-11-30 08:10:49.760 [restartedMain] INFO  o.s.b.d.e.DevToolsPropertyDefaultsPostProcessor - For additional web related logging consider setting the 'logging.level.web' property to 'DEBUG'
2025-11-30 08:10:50.397 [restartedMain] INFO  o.s.d.r.c.RepositoryConfigurationDelegate - Bootstrapping Spring Data JPA repositories in DEFAULT mode.
2025-11-30 08:10:50.475 [restartedMain] INFO  o.s.d.r.c.RepositoryConfigurationDelegate - Finished Spring Data repository scanning in 75 ms. Found 9 JPA repository interfaces.
2025-11-30 08:10:51.036 [restartedMain] INFO  o.s.b.w.e.tomcat.TomcatWebServer - Tomcat initialized with port 9090 (http)
2025-11-30 08:10:51.062 [restartedMain] INFO  o.a.catalina.core.StandardService - Starting service [Tomcat]
2025-11-30 08:10:51.062 [restartedMain] INFO  o.a.catalina.core.StandardEngine - Starting Servlet engine: [Apache Tomcat/10.1.48]
2025-11-30 08:10:51.119 [restartedMain] INFO  o.a.c.c.C.[.[localhost].[/api/v1.0] - Initializing Spring embedded WebApplicationContext
2025-11-30 08:10:51.119 [restartedMain] INFO  o.s.b.w.s.c.ServletWebServerApplicationContext - Root WebApplicationContext: initialization completed in 1359 ms
2025-11-30 08:10:51.275 [restartedMain] INFO  o.h.jpa.internal.util.LogHelper - HHH000204: Processing PersistenceUnitInfo [name: default]
2025-11-30 08:10:51.308 [restartedMain] INFO  org.hibernate.Version - HHH000412: Hibernate ORM core version 6.6.33.Final
2025-11-30 08:10:51.337 [restartedMain] INFO  o.h.c.i.RegionFactoryInitiator - HHH000026: Second-level cache disabled
2025-11-30 08:10:51.546 [restartedMain] INFO  o.s.o.j.p.SpringPersistenceUnitInfo - No LoadTimeWeaver setup: ignoring JPA class transformer
2025-11-30 08:10:51.578 [restartedMain] INFO  com.zaxxer.hikari.HikariDataSource - HikariPool-1 - Starting...
2025-11-30 08:10:51.899 [restartedMain] INFO  com.zaxxer.hikari.pool.HikariPool - HikariPool-1 - Added connection com.mysql.cj.jdbc.ConnectionImpl@232f66d1
2025-11-30 08:10:51.899 [restartedMain] INFO  com.zaxxer.hikari.HikariDataSource - HikariPool-1 - Start completed.
2025-11-30 08:10:51.952 [restartedMain] WARN  org.hibernate.orm.deprecation - HHH90000025: MySQL8Dialect does not need to be specified explicitly using 'hibernate.dialect' (remove the property setting and it will be selected by default)
2025-11-30 08:10:51.952 [restartedMain] WARN  org.hibernate.orm.deprecation - HHH90000026: MySQL8Dialect has been deprecated; use org.hibernate.dialect.MySQLDialect instead
2025-11-30 08:10:51.970 [restartedMain] INFO  o.hibernate.orm.connections.pooling - HHH10001005: Database info:
	Database JDBC URL [Connecting through datasource 'HikariDataSource (HikariPool-1)']
	Database driver: undefined/unknown
	Database version: 8.0
	Autocommit mode: undefined/unknown
	Isolation level: undefined/unknown
	Minimum pool size: undefined/unknown
	Maximum pool size: undefined/unknown
2025-11-30 08:10:53.067 [restartedMain] INFO  o.h.e.t.j.p.i.JtaPlatformInitiator - HHH000489: No JTA platform available (set 'hibernate.transaction.jta.platform' to enable JTA platform integration)
2025-11-30 08:10:53.200 [restartedMain] INFO  o.s.o.j.LocalContainerEntityManagerFactoryBean - Initialized JPA EntityManagerFactory for persistence unit 'default'
2025-11-30 08:10:53.435 [restartedMain] INFO  o.s.d.j.r.query.QueryEnhancerFactory - Hibernate is in classpath; If applicable, HQL parser will be used.
2025-11-30 08:10:54.001 [restartedMain] DEBUG c.a.b.config.JwtAuthenticationFilter - Filter 'jwtAuthenticationFilter' configured for use
2025-11-30 08:10:54.110 [restartedMain] INFO  o.s.s.c.a.a.c.InitializeAuthenticationProviderBeanManagerConfigurer$InitializeAuthenticationProviderManagerConfigurer - Global AuthenticationManager configured with AuthenticationProvider bean with name authenticationProvider
2025-11-30 08:10:54.110 [restartedMain] WARN  o.s.s.c.a.a.c.InitializeUserDetailsBeanManagerConfigurer$InitializeUserDetailsManagerConfigurer - Global AuthenticationManager configured with an AuthenticationProvider bean. UserDetailsService beans will not be used by Spring Security for automatically configuring username/password login. Consider removing the AuthenticationProvider bean. Alternatively, consider using the UserDetailsService in a manually instantiated DaoAuthenticationProvider. If the current configuration is intentional, to turn off this warning, increase the logging level of 'org.springframework.security.config.annotation.authentication.configuration.InitializeUserDetailsBeanManagerConfigurer' to ERROR
2025-11-30 08:10:54.283 [restartedMain] WARN  o.s.b.a.o.j.JpaBaseConfiguration$JpaWebConfiguration - spring.jpa.open-in-view is enabled by default. Therefore, database queries may be performed during view rendering. Explicitly configure spring.jpa.open-in-view to disable this warning
2025-11-30 08:10:54.539 [restartedMain] DEBUG o.s.s.web.DefaultSecurityFilterChain - Will secure any request with filters: DisableEncodeUrlFilter, WebAsyncManagerIntegrationFilter, SecurityContextHolderFilter, HeaderWriterFilter, CorsFilter, LogoutFilter, JwtAuthenticationFilter, RequestCacheAwareFilter, SecurityContextHolderAwareRequestFilter, AnonymousAuthenticationFilter, SessionManagementFilter, ExceptionTranslationFilter, AuthorizationFilter
2025-11-30 08:10:54.702 [restartedMain] INFO  o.s.b.d.a.OptionalLiveReloadServer - LiveReload server is running on port 35729
2025-11-30 08:10:54.753 [restartedMain] INFO  o.s.b.w.e.tomcat.TomcatWebServer - Tomcat started on port 9090 (http) with context path '/api/v1.0'
2025-11-30 08:10:54.758 [restartedMain] INFO  c.a.b.BackendBakrieApplication - Started BackendBakrieApplication in 5.593 seconds (process running for 6.226)
2025-11-30 08:11:19.890 [http-nio-9090-exec-1] INFO  o.a.c.c.C.[.[localhost].[/api/v1.0] - Initializing Spring DispatcherServlet 'dispatcherServlet'
2025-11-30 08:11:19.890 [http-nio-9090-exec-1] INFO  o.s.web.servlet.DispatcherServlet - Initializing Servlet 'dispatcherServlet'
2025-11-30 08:11:19.891 [http-nio-9090-exec-1] INFO  o.s.web.servlet.DispatcherServlet - Completed initialization in 1 ms
2025-11-30 08:11:19.903 [http-nio-9090-exec-1] DEBUG o.s.security.web.FilterChainProxy - Securing OPTIONS /customer/order/create
2025-11-30 08:11:19.922 [http-nio-9090-exec-2] DEBUG o.s.security.web.FilterChainProxy - Securing POST /customer/order/create
2025-11-30 08:11:19.923 [http-nio-9090-exec-2] DEBUG c.a.b.config.JwtAuthenticationFilter - >>> Request POST /api/v1.0/customer/order/create
2025-11-30 08:11:19.923 [http-nio-9090-exec-2] DEBUG c.a.b.config.JwtAuthenticationFilter - Token received (first 20 chars): eyJhbGciOiJIUzI1NiJ9...
2025-11-30 08:11:20.086 [http-nio-9090-exec-2] INFO  c.a.b.config.JwtAuthenticationFilter - Authorities for audrio8802@gmail.com: [ROLE_CUSTOMER]
2025-11-30 08:11:20.087 [http-nio-9090-exec-2] DEBUG c.a.b.config.JwtAuthenticationFilter - Authenticated user from JWT: audrio8802@gmail.com
2025-11-30 08:11:20.087 [http-nio-9090-exec-2] INFO  c.a.b.config.JwtAuthenticationFilter - Authenticated user: audrio8802@gmail.com
2025-11-30 08:11:20.087 [http-nio-9090-exec-2] INFO  c.a.b.config.JwtAuthenticationFilter - Authorities: [ROLE_CUSTOMER]
2025-11-30 08:11:20.091 [http-nio-9090-exec-2] DEBUG o.s.security.web.FilterChainProxy - Secured POST /customer/order/create
2025-11-30 08:11:20.157 [http-nio-9090-exec-2] INFO  c.a.b.controller.OrderController - RECEIVED CREATE ORDER → customerId: 49b697a8-c144-4145-a894-e32477c12451, items: 2
2025-11-30 08:11:20.161 [http-nio-9090-exec-2] INFO  c.a.b.service.impl.OrderServiceImpl - === MEMULAI PEMBUATAN ORDER BARU ===
2025-11-30 08:11:20.161 [http-nio-9090-exec-2] INFO  c.a.b.service.impl.OrderServiceImpl - Request dari customerId: 49b697a8-c144-4145-a894-e32477c12451
2025-11-30 08:11:20.161 [http-nio-9090-exec-2] INFO  c.a.b.service.impl.OrderServiceImpl - Alamat pengiriman: JL.Belimbing Hulu, No3
2025-11-30 08:11:20.161 [http-nio-9090-exec-2] INFO  c.a.b.service.impl.OrderServiceImpl - Jumlah item di keranjang: 2
2025-11-30 08:11:20.169 [http-nio-9090-exec-2] INFO  c.a.b.service.impl.OrderServiceImpl - Customer ditemukan: Zwita Sianturi (audrio8802@gmail.com)
2025-11-30 08:11:20.169 [http-nio-9090-exec-2] INFO  c.a.b.service.impl.OrderServiceImpl - Order number yang digenerate: ORD-20251130-0001
2025-11-30 08:11:20.171 [http-nio-9090-exec-2] DEBUG c.a.b.service.impl.OrderServiceImpl - Check stock → Product: Butter Brioche (ID: 09cc3466-71b5-492a-9320-7c1dadbccc30), Stock saat ini: 80, Diminta: 3
2025-11-30 08:11:20.172 [http-nio-9090-exec-2] INFO  c.a.b.service.impl.OrderServiceImpl - Item ditambahkan → Butter Brioche × 3 (Rp 22000.0, subtotal Rp 66000.0)
2025-11-30 08:11:20.173 [http-nio-9090-exec-2] DEBUG c.a.b.service.impl.OrderServiceImpl - Check stock → Product: Cinnamon Roll Classic (ID: 1b1d7cdd-b551-468e-b399-bcf98cdf8051), Stock saat ini: 70, Diminta: 1
2025-11-30 08:11:20.173 [http-nio-9090-exec-2] INFO  c.a.b.service.impl.OrderServiceImpl - Item ditambahkan → Cinnamon Roll Classic × 1 (Rp 25000.0, subtotal Rp 25000.0)
2025-11-30 08:11:20.186 [http-nio-9090-exec-2] INFO  c.a.b.s.impl.PaymentServiceImpl - Midtrans Config v3.0.0 → Production: false, ServerKey: SET
2025-11-30 08:11:20.239 [http-nio-9090-exec-2] INFO  okhttp3.OkHttpClient - --> POST https://app.sandbox.midtrans.com/snap/v1/transactions
2025-11-30 08:11:20.239 [http-nio-9090-exec-2] INFO  okhttp3.OkHttpClient - Content-Type: application/json; charset=utf-8
2025-11-30 08:11:20.239 [http-nio-9090-exec-2] INFO  okhttp3.OkHttpClient - Content-Length: 538
2025-11-30 08:11:20.239 [http-nio-9090-exec-2] INFO  okhttp3.OkHttpClient - 
2025-11-30 08:11:20.239 [http-nio-9090-exec-2] INFO  okhttp3.OkHttpClient - {"item_details":[{"name":"Butter Brioche","quantity":3,"id":"09cc3466-71b5-492a-9320-7c1dadbccc30","price":22000},{"name":"Cinnamon Roll Classic","quantity":1,"id":"1b1d7cdd-b551-468e-b399-bcf98cdf8051","price":25000},{"name":"Biaya Pengiriman","id":"SHIPPING","quantity":1,"price":15000},{"name":"Biaya Layanan","id":"SERVICE","quantity":1,"price":2000}],"customer_details":{"phone":"082150272529","first_name":"Zwita Sianturi","email":"audrio8802@gmail.com"},"transaction_details":{"order_id":"ORD-20251130-0001","gross_amount":108000}}
2025-11-30 08:11:20.239 [http-nio-9090-exec-2] INFO  okhttp3.OkHttpClient - --> END POST (538-byte body)
2025-11-30 08:11:20.533 [http-nio-9090-exec-2] INFO  okhttp3.OkHttpClient - <-- 201 https://app.sandbox.midtrans.com/snap/v1/transactions (294ms)
2025-11-30 08:11:20.533 [http-nio-9090-exec-2] INFO  okhttp3.OkHttpClient - location: http://snap.i.b-id-ca-eks-01.gopay.sh/snap/v1/transactions/549f407e-9170-4b95-9886-d6e057065524
2025-11-30 08:11:20.534 [http-nio-9090-exec-2] INFO  okhttp3.OkHttpClient - content-type: application/json; charset=utf-8
2025-11-30 08:11:20.534 [http-nio-9090-exec-2] INFO  okhttp3.OkHttpClient - vary: Accept,Accept-Encoding
2025-11-30 08:11:20.534 [http-nio-9090-exec-2] INFO  okhttp3.OkHttpClient - x-request-id: effb032d-1ff0-488d-a5bb-2a03e3887ac4
2025-11-30 08:11:20.534 [http-nio-9090-exec-2] INFO  okhttp3.OkHttpClient - referrer-policy: origin-when-cross-origin
2025-11-30 08:11:20.534 [http-nio-9090-exec-2] INFO  okhttp3.OkHttpClient - x-content-type-options: nosniff
2025-11-30 08:11:20.534 [http-nio-9090-exec-2] INFO  okhttp3.OkHttpClient - x-download-options: noopen
2025-11-30 08:11:20.534 [http-nio-9090-exec-2] INFO  okhttp3.OkHttpClient - x-frame-options: SAMEORIGIN
2025-11-30 08:11:20.534 [http-nio-9090-exec-2] INFO  okhttp3.OkHttpClient - x-permitted-cross-domain-policies: none
2025-11-30 08:11:20.534 [http-nio-9090-exec-2] INFO  okhttp3.OkHttpClient - x-xss-protection: 1; mode=block
2025-11-30 08:11:20.534 [http-nio-9090-exec-2] INFO  okhttp3.OkHttpClient - x-envoy-upstream-service-time: 155
2025-11-30 08:11:20.534 [http-nio-9090-exec-2] INFO  okhttp3.OkHttpClient - date: Sun, 30 Nov 2025 01:11:18 GMT
2025-11-30 08:11:20.534 [http-nio-9090-exec-2] INFO  okhttp3.OkHttpClient - server: istio-envoy
2025-11-30 08:11:20.535 [http-nio-9090-exec-2] INFO  okhttp3.OkHttpClient - 
2025-11-30 08:11:20.535 [http-nio-9090-exec-2] INFO  okhttp3.OkHttpClient - {"token":"549f407e-9170-4b95-9886-d6e057065524","redirect_url":"https://app.sandbox.midtrans.com/snap/v4/redirection/549f407e-9170-4b95-9886-d6e057065524"}
2025-11-30 08:11:20.535 [http-nio-9090-exec-2] INFO  okhttp3.OkHttpClient - <-- END HTTP (155-byte body)
2025-11-30 08:11:20.536 [http-nio-9090-exec-2] INFO  c.a.b.s.impl.PaymentServiceImpl - Token Midtrans berhasil dibuat untuk order: ORD-20251130-0001
2025-11-30 08:11:20.563 [http-nio-9090-exec-2] INFO  c.a.b.controller.OrderController - ORDER CREATED SUCCESS → orderNumber: ORD-20251130-0001
2025-11-30 08:12:30.976 [http-nio-9090-exec-6] DEBUG o.s.security.web.FilterChainProxy - Securing OPTIONS /customer/order/create
2025-11-30 08:12:30.979 [http-nio-9090-exec-5] DEBUG o.s.security.web.FilterChainProxy - Securing POST /customer/order/create
2025-11-30 08:12:30.980 [http-nio-9090-exec-5] DEBUG c.a.b.config.JwtAuthenticationFilter - >>> Request POST /api/v1.0/customer/order/create
2025-11-30 08:12:30.980 [http-nio-9090-exec-5] DEBUG c.a.b.config.JwtAuthenticationFilter - Token received (first 20 chars): eyJhbGciOiJIUzI1NiJ9...
2025-11-30 08:12:30.987 [http-nio-9090-exec-5] INFO  c.a.b.config.JwtAuthenticationFilter - Authorities for audrio8802@gmail.com: [ROLE_CUSTOMER]
2025-11-30 08:12:30.987 [http-nio-9090-exec-5] DEBUG c.a.b.config.JwtAuthenticationFilter - Authenticated user from JWT: audrio8802@gmail.com
2025-11-30 08:12:30.987 [http-nio-9090-exec-5] INFO  c.a.b.config.JwtAuthenticationFilter - Authenticated user: audrio8802@gmail.com
2025-11-30 08:12:30.987 [http-nio-9090-exec-5] INFO  c.a.b.config.JwtAuthenticationFilter - Authorities: [ROLE_CUSTOMER]
2025-11-30 08:12:30.988 [http-nio-9090-exec-5] DEBUG o.s.security.web.FilterChainProxy - Secured POST /customer/order/create
2025-11-30 08:12:30.989 [http-nio-9090-exec-5] INFO  c.a.b.controller.OrderController - RECEIVED CREATE ORDER → customerId: 49b697a8-c144-4145-a894-e32477c12451, items: 2
2025-11-30 08:12:30.989 [http-nio-9090-exec-5] INFO  c.a.b.service.impl.OrderServiceImpl - === MEMULAI PEMBUATAN ORDER BARU ===
2025-11-30 08:12:30.989 [http-nio-9090-exec-5] INFO  c.a.b.service.impl.OrderServiceImpl - Request dari customerId: 49b697a8-c144-4145-a894-e32477c12451
2025-11-30 08:12:30.989 [http-nio-9090-exec-5] INFO  c.a.b.service.impl.OrderServiceImpl - Alamat pengiriman: JL.Belimbing Hulu, No3
2025-11-30 08:12:30.989 [http-nio-9090-exec-5] INFO  c.a.b.service.impl.OrderServiceImpl - Jumlah item di keranjang: 2
2025-11-30 08:12:30.990 [http-nio-9090-exec-5] INFO  c.a.b.service.impl.OrderServiceImpl - Customer ditemukan: Zwita Sianturi (audrio8802@gmail.com)
2025-11-30 08:12:30.990 [http-nio-9090-exec-5] INFO  c.a.b.service.impl.OrderServiceImpl - Order number yang digenerate: ORD-20251130-0002
2025-11-30 08:12:30.991 [http-nio-9090-exec-5] DEBUG c.a.b.service.impl.OrderServiceImpl - Check stock → Product: Butter Brioche (ID: 09cc3466-71b5-492a-9320-7c1dadbccc30), Stock saat ini: 80, Diminta: 3
2025-11-30 08:12:30.991 [http-nio-9090-exec-5] INFO  c.a.b.service.impl.OrderServiceImpl - Item ditambahkan → Butter Brioche × 3 (Rp 22000.0, subtotal Rp 66000.0)
2025-11-30 08:12:30.993 [http-nio-9090-exec-5] DEBUG c.a.b.service.impl.OrderServiceImpl - Check stock → Product: Cinnamon Roll Classic (ID: 1b1d7cdd-b551-468e-b399-bcf98cdf8051), Stock saat ini: 70, Diminta: 1
2025-11-30 08:12:30.993 [http-nio-9090-exec-5] INFO  c.a.b.service.impl.OrderServiceImpl - Item ditambahkan → Cinnamon Roll Classic × 1 (Rp 25000.0, subtotal Rp 25000.0)
2025-11-30 08:12:30.995 [http-nio-9090-exec-5] INFO  c.a.b.s.impl.PaymentServiceImpl - Midtrans Config v3.0.0 → Production: false, ServerKey: SET
2025-11-30 08:12:30.997 [http-nio-9090-exec-5] INFO  okhttp3.OkHttpClient - --> POST https://app.sandbox.midtrans.com/snap/v1/transactions
2025-11-30 08:12:30.997 [http-nio-9090-exec-5] INFO  okhttp3.OkHttpClient - Content-Type: application/json; charset=utf-8
2025-11-30 08:12:30.997 [http-nio-9090-exec-5] INFO  okhttp3.OkHttpClient - Content-Length: 538
2025-11-30 08:12:30.997 [http-nio-9090-exec-5] INFO  okhttp3.OkHttpClient - 
2025-11-30 08:12:30.997 [http-nio-9090-exec-5] INFO  okhttp3.OkHttpClient - {"item_details":[{"name":"Butter Brioche","quantity":3,"id":"09cc3466-71b5-492a-9320-7c1dadbccc30","price":22000},{"name":"Cinnamon Roll Classic","quantity":1,"id":"1b1d7cdd-b551-468e-b399-bcf98cdf8051","price":25000},{"name":"Biaya Pengiriman","id":"SHIPPING","quantity":1,"price":15000},{"name":"Biaya Layanan","id":"SERVICE","quantity":1,"price":2000}],"customer_details":{"phone":"082150272529","first_name":"Zwita Sianturi","email":"audrio8802@gmail.com"},"transaction_details":{"order_id":"ORD-20251130-0002","gross_amount":108000}}
2025-11-30 08:12:30.997 [http-nio-9090-exec-5] INFO  okhttp3.OkHttpClient - --> END POST (538-byte body)
2025-11-30 08:12:31.212 [http-nio-9090-exec-5] INFO  okhttp3.OkHttpClient - <-- 201 https://app.sandbox.midtrans.com/snap/v1/transactions (214ms)
2025-11-30 08:12:31.212 [http-nio-9090-exec-5] INFO  okhttp3.OkHttpClient - location: http://snap.i.b-id-ca-eks-01.gopay.sh/snap/v1/transactions/82d80a2c-a6f1-47d4-8d6e-236a361282ea
2025-11-30 08:12:31.212 [http-nio-9090-exec-5] INFO  okhttp3.OkHttpClient - content-type: application/json; charset=utf-8
2025-11-30 08:12:31.212 [http-nio-9090-exec-5] INFO  okhttp3.OkHttpClient - vary: Accept,Accept-Encoding
2025-11-30 08:12:31.212 [http-nio-9090-exec-5] INFO  okhttp3.OkHttpClient - x-request-id: f45a6c7c-acbc-4f3b-b02e-9a28669c3a52
2025-11-30 08:12:31.212 [http-nio-9090-exec-5] INFO  okhttp3.OkHttpClient - referrer-policy: origin-when-cross-origin
2025-11-30 08:12:31.212 [http-nio-9090-exec-5] INFO  okhttp3.OkHttpClient - x-content-type-options: nosniff
2025-11-30 08:12:31.212 [http-nio-9090-exec-5] INFO  okhttp3.OkHttpClient - x-download-options: noopen
2025-11-30 08:12:31.212 [http-nio-9090-exec-5] INFO  okhttp3.OkHttpClient - x-frame-options: SAMEORIGIN
2025-11-30 08:12:31.212 [http-nio-9090-exec-5] INFO  okhttp3.OkHttpClient - x-permitted-cross-domain-policies: none
2025-11-30 08:12:31.212 [http-nio-9090-exec-5] INFO  okhttp3.OkHttpClient - x-xss-protection: 1; mode=block
2025-11-30 08:12:31.212 [http-nio-9090-exec-5] INFO  okhttp3.OkHttpClient - x-envoy-upstream-service-time: 127
2025-11-30 08:12:31.212 [http-nio-9090-exec-5] INFO  okhttp3.OkHttpClient - date: Sun, 30 Nov 2025 01:12:29 GMT
2025-11-30 08:12:31.212 [http-nio-9090-exec-5] INFO  okhttp3.OkHttpClient - server: istio-envoy
2025-11-30 08:12:31.212 [http-nio-9090-exec-5] INFO  okhttp3.OkHttpClient - 
2025-11-30 08:12:31.212 [http-nio-9090-exec-5] INFO  okhttp3.OkHttpClient - {"token":"82d80a2c-a6f1-47d4-8d6e-236a361282ea","redirect_url":"https://app.sandbox.midtrans.com/snap/v4/redirection/82d80a2c-a6f1-47d4-8d6e-236a361282ea"}
2025-11-30 08:12:31.212 [http-nio-9090-exec-5] INFO  okhttp3.OkHttpClient - <-- END HTTP (155-byte body)
2025-11-30 08:12:31.212 [http-nio-9090-exec-5] INFO  c.a.b.s.impl.PaymentServiceImpl - Token Midtrans berhasil dibuat untuk order: ORD-20251130-0002
2025-11-30 08:12:31.218 [http-nio-9090-exec-5] INFO  c.a.b.controller.OrderController - ORDER CREATED SUCCESS → orderNumber: ORD-20251130-0002
2025-11-30 08:39:17.185 [SpringApplicationShutdownHook] INFO  o.s.b.w.e.tomcat.GracefulShutdown - Commencing graceful shutdown. Waiting for active requests to complete
2025-11-30 08:39:17.196 [tomcat-shutdown] INFO  o.s.b.w.e.tomcat.GracefulShutdown - Graceful shutdown complete
2025-11-30 08:39:17.208 [SpringApplicationShutdownHook] INFO  o.s.o.j.LocalContainerEntityManagerFactoryBean - Closing JPA EntityManagerFactory for persistence unit 'default'
2025-11-30 08:39:17.221 [SpringApplicationShutdownHook] INFO  com.zaxxer.hikari.HikariDataSource - HikariPool-1 - Shutdown initiated...
2025-11-30 08:39:17.225 [SpringApplicationShutdownHook] INFO  com.zaxxer.hikari.HikariDataSource - HikariPool-1 - Shutdown completed.
